Glacier areas in km2 between 1980 and 2021 for Swiss glaciers
SGI-ID 1980  1981  1982  1983  1984  1985  1986  1987  1988  1989  1990  1991  1992  1993  1994  1995  1996  1997  1998  1999  2000  2001  2002  2003  2004  2005  2006  2007  2008  2009  2010  2011  2012  2013  2014  2015  2016  2017  2018  2019  2020  2021  
A10g-02   0.54227   0.53536   0.52846   0.52155   0.51465   0.50774   0.50084   0.49393   0.48703   0.48012   0.47322   0.46631   0.45941   0.45250   0.44560   0.43869   0.43179   0.42488   0.41798   0.41107   0.40417   0.39726   0.39036   0.38345   0.37655   0.36964   0.36274   0.35583   0.34893   0.34202   0.33512   0.32821   0.32131   0.31440   0.30750   0.30060   0.29369   0.28679   0.27988   0.27298   0.26607   0.25917
A10g-04   0.07098   0.06933   0.06768   0.06604   0.06439   0.06274   0.06110   0.05945   0.05780   0.05616   0.05451   0.05287   0.05122   0.04957   0.04793   0.04628   0.04463   0.04299   0.04134   0.03970   0.03805   0.03640   0.03476   0.03311   0.03146   0.02982   0.02817   0.02652   0.02488   0.02323   0.02159   0.01994   0.01829   0.01665   0.01500   0.01335   0.01171   0.01006   0.00841   0.00677   0.00512   0.00348
A10g-05   3.15026   3.13601   3.12176   3.10751   3.09326   3.07901   3.06477   3.05052   3.03627   3.02202   3.00777   2.99352   2.97927   2.96502   2.95078   2.93653   2.92228   2.90803   2.89378   2.87953   2.86528   2.85103   2.83679   2.82254   2.80829   2.79404   2.77979   2.76554   2.75129   2.73704   2.72280   2.70855   2.69430   2.68005   2.66580   2.65155   2.63730   2.62305   2.60880   2.59456   2.58031   2.56606
A10g-07   0.19749   0.19543   0.19337   0.19131   0.18926   0.18720   0.18514   0.18308   0.18102   0.17896   0.17690   0.17485   0.17279   0.17073   0.16867   0.16661   0.16455   0.16250   0.16044   0.15838   0.15632   0.15426   0.15220   0.15014   0.14809   0.14603   0.14397   0.14191   0.13985   0.13779   0.13573   0.13368   0.13162   0.12956   0.12750   0.12544   0.12338   0.12132   0.11927   0.11721   0.11515   0.11309
A10g-08   1.03031   1.02205   1.01380   1.00554   0.99728   0.98903   0.98077   0.97251   0.96426   0.95600   0.94775   0.93949   0.93123   0.92298   0.91472   0.90647   0.89821   0.88995   0.88170   0.87344   0.86519   0.85693   0.84867   0.84042   0.83216   0.82390   0.81565   0.80739   0.79914   0.79088   0.78262   0.77437   0.76611   0.75786   0.74960   0.74134   0.73309   0.72483   0.71658   0.70832   0.70006   0.69181
A10g-09   0.10284   0.10209   0.10134   0.10059   0.09984   0.09909   0.09833   0.09758   0.09683   0.09608   0.09533   0.09458   0.09383   0.09308   0.09232   0.09157   0.09082   0.09007   0.08932   0.08857   0.08782   0.08707   0.08631   0.08556   0.08481   0.08406   0.08331   0.08256   0.08181   0.08106   0.08030   0.07955   0.07880   0.07805   0.07730   0.07655   0.07580   0.07505   0.07430   0.07354   0.07279   0.07204
A10g-11   0.19610   0.19117   0.18624   0.18131   0.17638   0.17145   0.16652   0.16159   0.15666   0.15173   0.14680   0.14187   0.13694   0.13201   0.12709   0.12216   0.11723   0.11230   0.10737   0.10244   0.09751   0.09258   0.08765   0.08272   0.07779   0.07286   0.06793   0.06300   0.05808   0.05315   0.04822   0.04329   0.03836   0.03343   0.02850   0.02357   0.01864   0.01371   0.00878   0.00385   0.00000   0.00000
A10g-12   0.46699   0.46280   0.45861   0.45442   0.45023   0.44605   0.44186   0.43767   0.43348   0.42930   0.42511   0.42092   0.41673   0.41254   0.40836   0.40417   0.39998   0.39579   0.39160   0.38742   0.38323   0.37904   0.37485   0.37067   0.36648   0.36229   0.35810   0.35391   0.34973   0.34554   0.34135   0.33716   0.33298   0.32879   0.32460   0.32041   0.31622   0.31204   0.30785   0.30366   0.29947   0.29529
A10g-14   0.11299   0.11180   0.11061   0.10942   0.10823   0.10705   0.10586   0.10467   0.10348   0.10230   0.10111   0.09992   0.09873   0.09754   0.09636   0.09517   0.09398   0.09279   0.09160   0.09042   0.08923   0.08804   0.08685   0.08567   0.08448   0.08329   0.08210   0.08091   0.07973   0.07854   0.07735   0.07616   0.07498   0.07379   0.07260   0.07141   0.07022   0.06904   0.06785   0.06666   0.06547   0.06429
A10g-15   0.11664   0.11597   0.11531   0.11464   0.11398   0.11331   0.11264   0.11198   0.11131   0.11065   0.10998   0.10931   0.10865   0.10798   0.10732   0.10665   0.10599   0.10532   0.10465   0.10399   0.10332   0.10266   0.10199   0.10132   0.10066   0.09999   0.09933   0.09866   0.09800   0.09733   0.09666   0.09600   0.09533   0.09467   0.09400   0.09333   0.09267   0.09200   0.09134   0.09067   0.09000   0.08934
A10g-18   0.43300   0.42183   0.41066   0.39949   0.38831   0.37714   0.36597   0.35480   0.34363   0.33246   0.32129   0.31011   0.29894   0.28777   0.27660   0.26543   0.25426   0.24309   0.23191   0.22074   0.20957   0.19840   0.18723   0.17606   0.16489   0.15371   0.14254   0.13137   0.12020   0.10903   0.09786   0.08669   0.07551   0.06434   0.05317   0.04200   0.03083   0.01966   0.00849   0.00000   0.00000   0.00000
A10g-21   0.19282   0.18742   0.18203   0.17663   0.17123   0.16583   0.16044   0.15504   0.14964   0.14425   0.13885   0.13345   0.12805   0.12266   0.11726   0.11186   0.10647   0.10107   0.09567   0.09027   0.08488   0.07948   0.07408   0.06869   0.06329   0.05789   0.05249   0.04710   0.04170   0.03630   0.03091   0.02551   0.02011   0.01471   0.00932   0.00392   0.00000   0.00000   0.00000   0.00000   0.00000   0.00000
A10g-24   0.17753   0.17262   0.16771   0.16280   0.15789   0.15298   0.14807   0.14316   0.13825   0.13334   0.12843   0.12352   0.11861   0.11370   0.10880   0.10389   0.09898   0.09407   0.08916   0.08425   0.07934   0.07443   0.06952   0.06461   0.05970   0.05479   0.04988   0.04497   0.04006   0.03515   0.03024   0.02533   0.02042   0.01551   0.01060   0.00569   0.00078   0.00000   0.00000   0.00000   0.00000   0.00000
A10g-27   0.41372   0.40192   0.39012   0.37832   0.36653   0.35473   0.34293   0.33113   0.31934   0.30754   0.29574   0.28394   0.27215   0.26035   0.24855   0.23675   0.22496   0.21316   0.20136   0.18956   0.17777   0.16597   0.15417   0.14237   0.13058   0.11878   0.10698   0.09518   0.08339   0.07159   0.05979   0.04799   0.03620   0.02440   0.01260   0.00080   0.00000   0.00000   0.00000   0.00000   0.00000   0.00000
A12d-03   0.59882   0.58856   0.57831   0.56805   0.55780   0.54754   0.53729   0.52703   0.51678   0.50652   0.49627   0.48601   0.47576   0.46550   0.45525   0.44500   0.43474   0.42449   0.41423   0.40398   0.39372   0.38347   0.37321   0.36296   0.35270   0.34245   0.33219   0.32194   0.31168   0.30143   0.29117   0.28092   0.27066   0.26041   0.25015   0.23990   0.22965   0.21939   0.20914   0.19888   0.18863   0.17837
A12d-08   0.07603   0.07492   0.07381   0.07270   0.07160   0.07049   0.06938   0.06827   0.06716   0.06605   0.06494   0.06383   0.06272   0.06161   0.06050   0.05939   0.05828   0.05717   0.05606   0.05495   0.05384   0.05273   0.05162   0.05051   0.04940   0.04830   0.04719   0.04608   0.04497   0.04386   0.04275   0.04164   0.04053   0.03942   0.03831   0.03720   0.03609   0.03498   0.03387   0.03276   0.03165   0.03054
A12d-10   0.38513   0.38032   0.37551   0.37070   0.36590   0.36109   0.35628   0.35147   0.34666   0.34185   0.33704   0.33223   0.32742   0.32261   0.31780   0.31299   0.30818   0.30337   0.29856   0.29375   0.28894   0.28413   0.27932   0.27451   0.26970   0.26490   0.26009   0.25528   0.25047   0.24566   0.24085   0.23604   0.23123   0.22642   0.22161   0.21680   0.21199   0.20718   0.20237   0.19756   0.19275   0.18794
A12e-04   2.43058   2.40210   2.37361   2.34512   2.31663   2.28814   2.25965   2.23117   2.20268   2.17419   2.14570   2.11721   2.08873   2.06024   2.03175   2.00326   1.97477   1.94629   1.91780   1.88931   1.86082   1.83233   1.80385   1.77536   1.74687   1.71838   1.68989   1.66140   1.63292   1.60443   1.57594   1.54745   1.51896   1.49048   1.46199   1.43350   1.40501   1.37652   1.34804   1.31955   1.29106   1.26257
A12e-06   0.07208   0.07060   0.06911   0.06762   0.06613   0.06464   0.06315   0.06167   0.06018   0.05869   0.05720   0.05571   0.05423   0.05274   0.05125   0.04976   0.04827   0.04679   0.04530   0.04381   0.04232   0.04083   0.03935   0.03786   0.03637   0.03488   0.03339   0.03190   0.03042   0.02893   0.02744   0.02595   0.02446   0.02298   0.02149   0.02000   0.01851   0.01702   0.01554   0.01405   0.01256   0.01107
A12e-07   0.10448   0.10441   0.10434   0.10426   0.10419   0.10411   0.10404   0.10397   0.10389   0.10382   0.10375   0.10367   0.10360   0.10352   0.10345   0.10338   0.10330   0.10323   0.10315   0.10308   0.10301   0.10293   0.10286   0.10279   0.10271   0.10264   0.10256   0.10249   0.10242   0.10234   0.10227   0.10220   0.10212   0.10205   0.10197   0.10190   0.10183   0.10175   0.10168   0.10160   0.10153   0.10146
A12e-09   0.05810   0.05684   0.05559   0.05433   0.05307   0.05181   0.05056   0.04930   0.04804   0.04679   0.04553   0.04427   0.04301   0.04176   0.04050   0.03924   0.03799   0.03673   0.03547   0.03421   0.03296   0.03170   0.03044   0.02919   0.02793   0.02667   0.02541   0.02416   0.02290   0.02164   0.02039   0.01913   0.01787   0.01661   0.01536   0.01410   0.01284   0.01159   0.01033   0.00907   0.00781   0.00656
A12e-10   0.14152   0.13959   0.13766   0.13574   0.13381   0.13189   0.12996   0.12803   0.12611   0.12418   0.12225   0.12033   0.11840   0.11648   0.11455   0.11262   0.11070   0.10877   0.10685   0.10492   0.10299   0.10107   0.09914   0.09721   0.09529   0.09336   0.09144   0.08951   0.08758   0.08566   0.08373   0.08180   0.07988   0.07795   0.07603   0.07410   0.07217   0.07025   0.06832   0.06640   0.06447   0.06254
A12f-01   0.15812   0.15463   0.15115   0.14767   0.14418   0.14070   0.13722   0.13373   0.13025   0.12677   0.12328   0.11980   0.11632   0.11283   0.10935   0.10587   0.10238   0.09890   0.09542   0.09193   0.08845   0.08497   0.08148   0.07800   0.07452   0.07103   0.06755   0.06407   0.06058   0.05710   0.05362   0.05013   0.04665   0.04317   0.03968   0.03620   0.03272   0.02923   0.02575   0.02227   0.01878   0.01530
A12g-02   0.07850   0.07659   0.07467   0.07276   0.07084   0.06893   0.06701   0.06510   0.06319   0.06127   0.05936   0.05744   0.05553   0.05361   0.05170   0.04979   0.04787   0.04596   0.04404   0.04213   0.04021   0.03830   0.03639   0.03447   0.03256   0.03064   0.02873   0.02681   0.02490   0.02299   0.02107   0.01916   0.01724   0.01533   0.01341   0.01150   0.00959   0.00767   0.00576   0.00384   0.00193   0.00001
A12g-04   0.19267   0.18992   0.18717   0.18442   0.18168   0.17893   0.17618   0.17343   0.17069   0.16794   0.16519   0.16244   0.15970   0.15695   0.15420   0.15145   0.14870   0.14596   0.14321   0.14046   0.13771   0.13497   0.13222   0.12947   0.12672   0.12398   0.12123   0.11848   0.11573   0.11299   0.11024   0.10749   0.10474   0.10200   0.09925   0.09650   0.09375   0.09100   0.08826   0.08551   0.08276   0.08001
A12g-06   0.06860   0.06777   0.06694   0.06611   0.06529   0.06446   0.06363   0.06280   0.06197   0.06114   0.06031   0.05949   0.05866   0.05783   0.05700   0.05617   0.05534   0.05451   0.05369   0.05286   0.05203   0.05120   0.05037   0.04954   0.04871   0.04789   0.04706   0.04623   0.04540   0.04457   0.04374   0.04291   0.04209   0.04126   0.04043   0.03960   0.03877   0.03794   0.03711   0.03629   0.03546   0.03463
A12h-02   0.06578   0.06455   0.06332   0.06209   0.06086   0.05963   0.05840   0.05717   0.05594   0.05470   0.05347   0.05224   0.05101   0.04978   0.04855   0.04732   0.04609   0.04486   0.04363   0.04240   0.04116   0.03993   0.03870   0.03747   0.03624   0.03501   0.03378   0.03255   0.03132   0.03009   0.02885   0.02762   0.02639   0.02516   0.02393   0.02270   0.02147   0.02024   0.01901   0.01778   0.01655   0.01531
A12i-03   0.31313   0.30992   0.30671   0.30350   0.30030   0.29709   0.29388   0.29067   0.28746   0.28425   0.28104   0.27783   0.27462   0.27141   0.26820   0.26499   0.26178   0.25857   0.25536   0.25215   0.24894   0.24573   0.24252   0.23931   0.23610   0.23290   0.22969   0.22648   0.22327   0.22006   0.21685   0.21364   0.21043   0.20722   0.20401   0.20080   0.19759   0.19438   0.19117   0.18796   0.18475   0.18154
A12i-04   0.17065   0.16860   0.16655   0.16450   0.16245   0.16040   0.15835   0.15630   0.15425   0.15220   0.15015   0.14810   0.14605   0.14400   0.14195   0.13990   0.13785   0.13580   0.13375   0.13170   0.12965   0.12760   0.12555   0.12350   0.12145   0.11940   0.11735   0.11530   0.11325   0.11120   0.10915   0.10710   0.10505   0.10300   0.10095   0.09890   0.09685   0.09480   0.09275   0.09070   0.08865   0.08660
A12j-02   0.28245   0.27486   0.26726   0.25967   0.25208   0.24449   0.23689   0.22930   0.22171   0.21411   0.20652   0.19893   0.19134   0.18374   0.17615   0.16856   0.16096   0.15337   0.14578   0.13819   0.13059   0.12300   0.11541   0.10781   0.10022   0.09263   0.08504   0.07744   0.06985   0.06226   0.05466   0.04707   0.03948   0.03189   0.02429   0.01670   0.00911   0.00151   0.00000   0.00000   0.00000   0.00000
A12k-02   0.30428   0.29588   0.28748   0.27908   0.27067   0.26227   0.25387   0.24547   0.23706   0.22866   0.22026   0.21186   0.20345   0.19505   0.18665   0.17825   0.16985   0.16144   0.15304   0.14464   0.13624   0.12783   0.11943   0.11103   0.10263   0.09422   0.08582   0.07742   0.06902   0.06061   0.05221   0.04381   0.03541   0.02700   0.01860   0.01020   0.00180   0.00000   0.00000   0.00000   0.00000   0.00000
A12l-02   0.07083   0.06980   0.06876   0.06772   0.06668   0.06564   0.06460   0.06357   0.06253   0.06149   0.06045   0.05941   0.05838   0.05734   0.05630   0.05526   0.05422   0.05319   0.05215   0.05111   0.05007   0.04903   0.04800   0.04696   0.04592   0.04488   0.04384   0.04280   0.04177   0.04073   0.03969   0.03865   0.03761   0.03658   0.03554   0.03450   0.03346   0.03242   0.03139   0.03035   0.02931   0.02827
A12l-03   0.34958   0.34211   0.33464   0.32716   0.31969   0.31221   0.30474   0.29727   0.28979   0.28232   0.27485   0.26737   0.25990   0.25242   0.24495   0.23748   0.23000   0.22253   0.21505   0.20758   0.20011   0.19263   0.18516   0.17769   0.17021   0.16274   0.15526   0.14779   0.14032   0.13284   0.12537   0.11790   0.11042   0.10295   0.09547   0.08800   0.08053   0.07305   0.06558   0.05810   0.05063   0.04316
A12l-04   0.09975   0.09730   0.09485   0.09240   0.08995   0.08750   0.08505   0.08260   0.08015   0.07770   0.07525   0.07280   0.07035   0.06790   0.06545   0.06300   0.06055   0.05810   0.05565   0.05320   0.05075   0.04830   0.04585   0.04340   0.04095   0.03850   0.03605   0.03360   0.03115   0.02870   0.02625   0.02380   0.02135   0.01890   0.01645   0.01400   0.01155   0.00910   0.00665   0.00420   0.00175   0.00000
A12l-05   0.35163   0.34445   0.33727   0.33009   0.32291   0.31573   0.30855   0.30137   0.29419   0.28700   0.27982   0.27264   0.26546   0.25828   0.25110   0.24392   0.23674   0.22956   0.22238   0.21520   0.20801   0.20083   0.19365   0.18647   0.17929   0.17211   0.16493   0.15775   0.15057   0.14339   0.13620   0.12902   0.12184   0.11466   0.10748   0.10030   0.09312   0.08594   0.07876   0.07158   0.06440   0.05721
A13b-03   0.35408   0.35092   0.34776   0.34460   0.34145   0.33829   0.33513   0.33197   0.32881   0.32565   0.32249   0.31933   0.31617   0.31301   0.30985   0.30669   0.30353   0.30037   0.29721   0.29405   0.29089   0.28773   0.28457   0.28141   0.27825   0.27510   0.27194   0.26878   0.26562   0.26246   0.25930   0.25614   0.25298   0.24982   0.24666   0.24350   0.24034   0.23718   0.23402   0.23086   0.22770   0.22454
A13c-01   0.08087   0.07939   0.07791   0.07644   0.07496   0.07349   0.07201   0.07053   0.06906   0.06758   0.06610   0.06463   0.06315   0.06168   0.06020   0.05872   0.05725   0.05577   0.05430   0.05282   0.05134   0.04987   0.04839   0.04691   0.04544   0.04396   0.04249   0.04101   0.03953   0.03806   0.03658   0.03510   0.03363   0.03215   0.03068   0.02920   0.02772   0.02625   0.02477   0.02330   0.02182   0.02034
A13e-03   0.22517   0.22063   0.21610   0.21157   0.20703   0.20250   0.19797   0.19343   0.18890   0.18437   0.17983   0.17530   0.17077   0.16623   0.16170   0.15717   0.15263   0.14810   0.14357   0.13903   0.13450   0.12997   0.12543   0.12090   0.11637   0.11183   0.10730   0.10277   0.09823   0.09370   0.08917   0.08463   0.08010   0.07557   0.07103   0.06650   0.06197   0.05743   0.05290   0.04837   0.04383   0.03930
A13g-05   0.13197   0.12966   0.12736   0.12505   0.12275   0.12044   0.11814   0.11583   0.11353   0.11123   0.10892   0.10662   0.10431   0.10201   0.09970   0.09740   0.09509   0.09279   0.09048   0.08818   0.08587   0.08357   0.08127   0.07896   0.07666   0.07435   0.07205   0.06974   0.06744   0.06513   0.06283   0.06052   0.05822   0.05591   0.05361   0.05130   0.04900   0.04670   0.04439   0.04209   0.03978   0.03748
A13g-07   0.13804   0.13641   0.13479   0.13317   0.13154   0.12992   0.12830   0.12667   0.12505   0.12343   0.12180   0.12018   0.11856   0.11693   0.11531   0.11369   0.11207   0.11044   0.10882   0.10720   0.10557   0.10395   0.10233   0.10070   0.09908   0.09746   0.09583   0.09421   0.09259   0.09096   0.08934   0.08772   0.08609   0.08447   0.08285   0.08122   0.07960   0.07798   0.07635   0.07473   0.07311   0.07148
A13g-10   0.21243   0.20706   0.20169   0.19633   0.19096   0.18559   0.18022   0.17486   0.16949   0.16412   0.15875   0.15339   0.14802   0.14265   0.13728   0.13192   0.12655   0.12118   0.11581   0.11045   0.10508   0.09971   0.09434   0.08898   0.08361   0.07824   0.07287   0.06751   0.06214   0.05677   0.05140   0.04604   0.04067   0.03530   0.02993   0.02457   0.01920   0.01383   0.00847   0.00310   0.00000   0.00000
A13h-01   0.10710   0.10490   0.10270   0.10050   0.09830   0.09610   0.09390   0.09170   0.08950   0.08730   0.08510   0.08290   0.08070   0.07850   0.07630   0.07410   0.07190   0.06970   0.06750   0.06530   0.06310   0.06090   0.05870   0.05650   0.05430   0.05210   0.04990   0.04770   0.04550   0.04330   0.04110   0.03890   0.03670   0.03450   0.03230   0.03010   0.02790   0.02570   0.02350   0.02130   0.01910   0.01690
A13h-02   0.25293   0.24888   0.24483   0.24078   0.23672   0.23267   0.22862   0.22457   0.22051   0.21646   0.21241   0.20836   0.20430   0.20025   0.19620   0.19215   0.18810   0.18404   0.17999   0.17594   0.17189   0.16783   0.16378   0.15973   0.15568   0.15162   0.14757   0.14352   0.13947   0.13541   0.13136   0.12731   0.12326   0.11920   0.11515   0.11110   0.10705   0.10300   0.09894   0.09489   0.09084   0.08679
A13i-01   0.37908   0.37091   0.36274   0.35456   0.34639   0.33821   0.33004   0.32187   0.31369   0.30552   0.29735   0.28917   0.28100   0.27282   0.26465   0.25648   0.24830   0.24013   0.23195   0.22378   0.21561   0.20743   0.19926   0.19109   0.18291   0.17474   0.16656   0.15839   0.15022   0.14204   0.13387   0.12570   0.11752   0.10935   0.10117   0.09300   0.08483   0.07665   0.06848   0.06030   0.05213   0.04396
A13i-02   1.07100   1.05686   1.04271   1.02857   1.01443   1.00029   0.98614   0.97200   0.95786   0.94371   0.92957   0.91543   0.90129   0.88714   0.87300   0.85886   0.84471   0.83057   0.81643   0.80229   0.78814   0.77400   0.75986   0.74571   0.73157   0.71743   0.70329   0.68914   0.67500   0.66086   0.64671   0.63257   0.61843   0.60429   0.59014   0.57600   0.56186   0.54771   0.53357   0.51943   0.50529   0.49114
A13i-04   0.07168   0.07050   0.06931   0.06812   0.06693   0.06574   0.06455   0.06337   0.06218   0.06099   0.05980   0.05861   0.05743   0.05624   0.05505   0.05386   0.05267   0.05149   0.05030   0.04911   0.04792   0.04673   0.04555   0.04436   0.04317   0.04198   0.04079   0.03960   0.03842   0.03723   0.03604   0.03485   0.03366   0.03248   0.03129   0.03010   0.02891   0.02772   0.02654   0.02535   0.02416   0.02297
A13i-05   0.25362   0.24815   0.24268   0.23721   0.23174   0.22627   0.22080   0.21533   0.20986   0.20440   0.19893   0.19346   0.18799   0.18252   0.17705   0.17158   0.16611   0.16064   0.15517   0.14970   0.14424   0.13877   0.13330   0.12783   0.12236   0.11689   0.11142   0.10595   0.10048   0.09501   0.08955   0.08408   0.07861   0.07314   0.06767   0.06220   0.05673   0.05126   0.04579   0.04032   0.03485   0.02939
A13j-02   0.27032   0.26563   0.26095   0.25627   0.25158   0.24690   0.24222   0.23753   0.23285   0.22817   0.22348   0.21880   0.21412   0.20943   0.20475   0.20007   0.19538   0.19070   0.18602   0.18133   0.17665   0.17197   0.16728   0.16260   0.15792   0.15323   0.14855   0.14387   0.13918   0.13450   0.12982   0.12513   0.12045   0.11577   0.11108   0.10640   0.10172   0.09703   0.09235   0.08767   0.08298   0.07830
A13k-02   0.35828   0.34857   0.33885   0.32913   0.31942   0.30970   0.29998   0.29027   0.28055   0.27083   0.26112   0.25140   0.24168   0.23197   0.22225   0.21253   0.20282   0.19310   0.18338   0.17367   0.16395   0.15423   0.14452   0.13480   0.12508   0.11537   0.10565   0.09593   0.08622   0.07650   0.06678   0.05707   0.04735   0.03763   0.02792   0.01820   0.00848   0.00000   0.00000   0.00000   0.00000   0.00000
A13k-03   0.37990   0.37327   0.36664   0.36001   0.35339   0.34676   0.34013   0.33350   0.32687   0.32024   0.31361   0.30699   0.30036   0.29373   0.28710   0.28047   0.27384   0.26721   0.26059   0.25396   0.24733   0.24070   0.23407   0.22744   0.22081   0.21419   0.20756   0.20093   0.19430   0.18767   0.18104   0.17441   0.16779   0.16116   0.15453   0.14790   0.14127   0.13464   0.12801   0.12139   0.11476   0.10813
A13l-02   0.07995   0.07923   0.07851   0.07779   0.07706   0.07634   0.07562   0.07490   0.07418   0.07346   0.07274   0.07201   0.07129   0.07057   0.06985   0.06913   0.06841   0.06769   0.06696   0.06624   0.06552   0.06480   0.06408   0.06336   0.06264   0.06191   0.06119   0.06047   0.05975   0.05903   0.05831   0.05759   0.05686   0.05614   0.05542   0.05470   0.05398   0.05326   0.05254   0.05181   0.05109   0.05037
A13l-04   0.86912   0.85800   0.84689   0.83578   0.82467   0.81356   0.80245   0.79133   0.78022   0.76911   0.75800   0.74689   0.73577   0.72466   0.71355   0.70244   0.69133   0.68021   0.66910   0.65799   0.64688   0.63577   0.62465   0.61354   0.60243   0.59132   0.58021   0.56910   0.55798   0.54687   0.53576   0.52465   0.51354   0.50242   0.49131   0.48020   0.46909   0.45798   0.44686   0.43575   0.42464   0.41353
A13l-07   0.07123   0.06927   0.06730   0.06533   0.06337   0.06140   0.05943   0.05747   0.05550   0.05353   0.05157   0.04960   0.04763   0.04567   0.04370   0.04173   0.03977   0.03780   0.03583   0.03387   0.03190   0.02993   0.02797   0.02600   0.02403   0.02207   0.02010   0.01813   0.01617   0.01420   0.01223   0.01027   0.00830   0.00633   0.00437   0.00240   0.00043   0.00000   0.00000   0.00000   0.00000   0.00000
A13n-01   0.31140   0.30410   0.29680   0.28950   0.28220   0.27490   0.26760   0.26030   0.25300   0.24570   0.23840   0.23110   0.22380   0.21650   0.20920   0.20190   0.19460   0.18730   0.18000   0.17270   0.16540   0.15810   0.15080   0.14350   0.13620   0.12890   0.12160   0.11430   0.10700   0.09970   0.09240   0.08510   0.07780   0.07050   0.06320   0.05590   0.04860   0.04130   0.03400   0.02670   0.01940   0.01210
A13n-02   0.52362   0.51575   0.50788   0.50001   0.49214   0.48427   0.47640   0.46853   0.46066   0.45280   0.44493   0.43706   0.42919   0.42132   0.41345   0.40558   0.39771   0.38984   0.38197   0.37410   0.36624   0.35837   0.35050   0.34263   0.33476   0.32689   0.31902   0.31115   0.30328   0.29541   0.28755   0.27968   0.27181   0.26394   0.25607   0.24820   0.24033   0.23246   0.22459   0.21672   0.20885   0.20099
A13n-03   0.15463   0.15092   0.14721   0.14350   0.13980   0.13609   0.13238   0.12867   0.12496   0.12125   0.11754   0.11383   0.11012   0.10641   0.10270   0.09899   0.09528   0.09157   0.08786   0.08415   0.08044   0.07673   0.07302   0.06931   0.06560   0.06190   0.05819   0.05448   0.05077   0.04706   0.04335   0.03964   0.03593   0.03222   0.02851   0.02480   0.02109   0.01738   0.01367   0.00996   0.00625   0.00254
A13n-04   1.41542   1.41243   1.40945   1.40647   1.40348   1.40050   1.39752   1.39453   1.39155   1.38857   1.38558   1.38260   1.37962   1.37663   1.37365   1.37067   1.36768   1.36470   1.36172   1.35873   1.35575   1.35277   1.34978   1.34680   1.34382   1.34083   1.33785   1.33487   1.33188   1.32890   1.32592   1.32293   1.31995   1.31697   1.31398   1.31100   1.30802   1.30503   1.30205   1.29907   1.29608   1.29310
A13n-06   4.10135   4.03396   3.96657   3.89918   3.83178   3.76439   3.69700   3.62961   3.56221   3.49482   3.42743   3.36003   3.29264   3.22525   3.15786   3.09047   3.02307   2.95568   2.88829   2.82090   2.75350   2.68611   2.61872   2.55133   2.48393   2.41654   2.34915   2.28176   2.21436   2.14697   2.07958   2.01219   1.94479   1.87740   1.81001   1.74262   1.67522   1.60783   1.54044   1.47304   1.40565   1.33826
A13n-07   0.46867   0.46126   0.45384   0.44642   0.43900   0.43158   0.42417   0.41675   0.40933   0.40191   0.39449   0.38708   0.37966   0.37224   0.36482   0.35741   0.34999   0.34257   0.33515   0.32773   0.32032   0.31290   0.30548   0.29806   0.29064   0.28323   0.27581   0.26839   0.26097   0.25355   0.24614   0.23872   0.23130   0.22388   0.21646   0.20905   0.20163   0.19421   0.18679   0.17937   0.17196   0.16454
A13o-01   0.41668   0.40924   0.40179   0.39435   0.38690   0.37946   0.37201   0.36457   0.35712   0.34968   0.34223   0.33479   0.32734   0.31990   0.31245   0.30500   0.29756   0.29011   0.28267   0.27522   0.26778   0.26033   0.25289   0.24544   0.23800   0.23055   0.22311   0.21566   0.20822   0.20077   0.19333   0.18588   0.17844   0.17099   0.16355   0.15610   0.14865   0.14121   0.13376   0.12632   0.11887   0.11143
A13o-03   0.37942   0.37005   0.36068   0.35131   0.34194   0.33257   0.32320   0.31383   0.30446   0.29510   0.28573   0.27636   0.26699   0.25762   0.24825   0.23888   0.22951   0.22014   0.21077   0.20140   0.19204   0.18267   0.17330   0.16393   0.15456   0.14519   0.13582   0.12645   0.11708   0.10771   0.09835   0.08898   0.07961   0.07024   0.06087   0.05150   0.04213   0.03276   0.02339   0.01402   0.00465   0.00000
A14c-03   1.80993   1.78322   1.75651   1.72980   1.70310   1.67639   1.64968   1.62297   1.59626   1.56955   1.54284   1.51613   1.48942   1.46271   1.43600   1.40929   1.38258   1.35587   1.32916   1.30245   1.27574   1.24903   1.22232   1.19561   1.16890   1.14220   1.11549   1.08878   1.06207   1.03536   1.00865   0.98194   0.95523   0.92852   0.90181   0.87510   0.84839   0.82168   0.79497   0.76826   0.74155   0.71484
A14d-01   0.16208   0.15774   0.15339   0.14905   0.14470   0.14036   0.13601   0.13167   0.12732   0.12298   0.11863   0.11429   0.10994   0.10560   0.10125   0.09690   0.09256   0.08821   0.08387   0.07952   0.07518   0.07083   0.06649   0.06214   0.05780   0.05345   0.04911   0.04476   0.04042   0.03607   0.03173   0.02738   0.02304   0.01869   0.01435   0.01000   0.00565   0.00131   0.00000   0.00000   0.00000   0.00000
A14d-04   0.12240   0.12149   0.12057   0.11966   0.11874   0.11783   0.11691   0.11600   0.11509   0.11417   0.11326   0.11234   0.11143   0.11051   0.10960   0.10869   0.10777   0.10686   0.10594   0.10503   0.10411   0.10320   0.10229   0.10137   0.10046   0.09954   0.09863   0.09771   0.09680   0.09589   0.09497   0.09406   0.09314   0.09223   0.09131   0.09040   0.08949   0.08857   0.08766   0.08674   0.08583   0.08491
A14d-06   0.44205   0.43323   0.42441   0.41559   0.40676   0.39794   0.38912   0.38030   0.37148   0.36266   0.35384   0.34501   0.33619   0.32737   0.31855   0.30973   0.30091   0.29209   0.28326   0.27444   0.26562   0.25680   0.24798   0.23916   0.23034   0.22151   0.21269   0.20387   0.19505   0.18623   0.17741   0.16859   0.15976   0.15094   0.14212   0.13330   0.12448   0.11566   0.10684   0.09801   0.08919   0.08037
A14d-08   0.43588   0.42618   0.41648   0.40678   0.39707   0.38737   0.37767   0.36797   0.35826   0.34856   0.33886   0.32916   0.31945   0.30975   0.30005   0.29035   0.28065   0.27094   0.26124   0.25154   0.24184   0.23213   0.22243   0.21273   0.20303   0.19332   0.18362   0.17392   0.16422   0.15451   0.14481   0.13511   0.12541   0.11570   0.10600   0.09630   0.08660   0.07690   0.06719   0.05749   0.04779   0.03809
A14d-09   0.41883   0.41170   0.40456   0.39742   0.39028   0.38314   0.37600   0.36887   0.36173   0.35459   0.34745   0.34031   0.33318   0.32604   0.31890   0.31176   0.30462   0.29749   0.29035   0.28321   0.27607   0.26893   0.26180   0.25466   0.24752   0.24038   0.23324   0.22610   0.21897   0.21183   0.20469   0.19755   0.19041   0.18328   0.17614   0.16900   0.16186   0.15472   0.14759   0.14045   0.13331   0.12617
A14d-10   1.55300   1.54129   1.52957   1.51786   1.50614   1.49443   1.48271   1.47100   1.45929   1.44757   1.43586   1.42414   1.41243   1.40071   1.38900   1.37729   1.36557   1.35386   1.34214   1.33043   1.31871   1.30700   1.29529   1.28357   1.27186   1.26014   1.24843   1.23671   1.22500   1.21329   1.20157   1.18986   1.17814   1.16643   1.15471   1.14300   1.13129   1.11957   1.10786   1.09614   1.08443   1.07271
A14d-14   0.14440   0.14083   0.13725   0.13368   0.13011   0.12654   0.12297   0.11939   0.11582   0.11225   0.10868   0.10511   0.10154   0.09796   0.09439   0.09082   0.08725   0.08368   0.08011   0.07653   0.07296   0.06939   0.06582   0.06225   0.05867   0.05510   0.05153   0.04796   0.04439   0.04082   0.03724   0.03367   0.03010   0.02653   0.02296   0.01938   0.01581   0.01224   0.00867   0.00510   0.00153   0.00000
A14d-15   0.44364   0.43960   0.43556   0.43152   0.42749   0.42345   0.41941   0.41537   0.41134   0.40730   0.40326   0.39923   0.39519   0.39115   0.38711   0.38308   0.37904   0.37500   0.37096   0.36693   0.36289   0.35885   0.35481   0.35078   0.34674   0.34270   0.33866   0.33463   0.33059   0.32655   0.32251   0.31848   0.31444   0.31040   0.30636   0.30233   0.29829   0.29425   0.29021   0.28618   0.28214   0.27810
A14d-17   1.28670   1.27070   1.25470   1.23870   1.22270   1.20670   1.19070   1.17470   1.15870   1.14270   1.12670   1.11070   1.09470   1.07870   1.06270   1.04670   1.03070   1.01470   0.99870   0.98270   0.96670   0.95070   0.93470   0.91870   0.90270   0.88670   0.87070   0.85470   0.83870   0.82270   0.80670   0.79070   0.77470   0.75870   0.74270   0.72670   0.71070   0.69470   0.67870   0.66270   0.64670   0.63070
A14d-19   0.46925   0.46191   0.45458   0.44724   0.43991   0.43257   0.42523   0.41790   0.41056   0.40323   0.39589   0.38855   0.38122   0.37388   0.36655   0.35921   0.35187   0.34454   0.33720   0.32987   0.32253   0.31519   0.30786   0.30052   0.29319   0.28585   0.27852   0.27118   0.26384   0.25651   0.24917   0.24184   0.23450   0.22716   0.21983   0.21249   0.20516   0.19782   0.19048   0.18315   0.17581   0.16848
A14d-21   0.13718   0.13365   0.13012   0.12659   0.12306   0.11953   0.11600   0.11247   0.10894   0.10541   0.10188   0.09835   0.09482   0.09128   0.08775   0.08422   0.08069   0.07716   0.07363   0.07010   0.06657   0.06304   0.05951   0.05598   0.05245   0.04892   0.04538   0.04185   0.03832   0.03479   0.03126   0.02773   0.02420   0.02067   0.01714   0.01361   0.01008   0.00655   0.00302   0.00000   0.00000   0.00000
A14e-06   0.03976   0.03910   0.03843   0.03777   0.03711   0.03645   0.03578   0.03512   0.03446   0.03380   0.03313   0.03247   0.03181   0.03114   0.03048   0.02982   0.02916   0.02849   0.02783   0.02717   0.02650   0.02584   0.02518   0.02452   0.02385   0.02319   0.02253   0.02187   0.02120   0.02054   0.01988   0.01921   0.01855   0.01789   0.01723   0.01656   0.01590   0.01524   0.01457   0.01391   0.01325   0.01259
A14f-03   0.53077   0.51766   0.50456   0.49145   0.47835   0.46524   0.45214   0.43903   0.42593   0.41283   0.39972   0.38662   0.37351   0.36041   0.34730   0.33420   0.32109   0.30799   0.29488   0.28178   0.26867   0.25557   0.24247   0.22936   0.21626   0.20315   0.19005   0.17694   0.16384   0.15073   0.13763   0.12452   0.11142   0.09831   0.08521   0.07210   0.05900   0.04590   0.03279   0.01969   0.00658   0.00000
A14f-07   0.15976   0.15670   0.15363   0.15057   0.14751   0.14445   0.14138   0.13832   0.13526   0.13220   0.12913   0.12607   0.12301   0.11994   0.11688   0.11382   0.11076   0.10769   0.10463   0.10157   0.09850   0.09544   0.09238   0.08932   0.08625   0.08319   0.08013   0.07707   0.07400   0.07094   0.06788   0.06481   0.06175   0.05869   0.05563   0.05256   0.04950   0.04644   0.04337   0.04031   0.03725   0.03419
A14f-09   0.34620   0.34280   0.33940   0.33600   0.33260   0.32920   0.32580   0.32240   0.31900   0.31560   0.31220   0.30880   0.30540   0.30200   0.29860   0.29520   0.29180   0.28840   0.28500   0.28160   0.27820   0.27480   0.27140   0.26800   0.26460   0.26120   0.25780   0.25440   0.25100   0.24760   0.24420   0.24080   0.23740   0.23400   0.23060   0.22720   0.22380   0.22040   0.21700   0.21360   0.21020   0.20680
A14f-11   0.46111   0.45725   0.45340   0.44954   0.44569   0.44183   0.43797   0.43412   0.43026   0.42641   0.42255   0.41870   0.41484   0.41098   0.40713   0.40327   0.39942   0.39556   0.39170   0.38785   0.38399   0.38014   0.37628   0.37243   0.36857   0.36471   0.36086   0.35700   0.35315   0.34929   0.34543   0.34158   0.33772   0.33387   0.33001   0.32616   0.32230   0.31844   0.31459   0.31073   0.30688   0.30302
A14f-12   0.61830   0.61350   0.60870   0.60390   0.59910   0.59430   0.58950   0.58470   0.57990   0.57510   0.57030   0.56550   0.56070   0.55590   0.55110   0.54630   0.54150   0.53670   0.53190   0.52710   0.52230   0.51750   0.51270   0.50790   0.50310   0.49830   0.49350   0.48870   0.48390   0.47910   0.47430   0.46950   0.46470   0.45990   0.45510   0.45030   0.44550   0.44070   0.43590   0.43110   0.42630   0.42150
A14f-13   0.12098   0.11818   0.11538   0.11258   0.10977   0.10697   0.10417   0.10137   0.09857   0.09576   0.09296   0.09016   0.08736   0.08455   0.08175   0.07895   0.07615   0.07334   0.07054   0.06774   0.06494   0.06213   0.05933   0.05653   0.05373   0.05093   0.04812   0.04532   0.04252   0.03972   0.03691   0.03411   0.03131   0.02851   0.02570   0.02290   0.02010   0.01730   0.01450   0.01169   0.00889   0.00609
A14f-14   0.12183   0.11915   0.11647   0.11379   0.11110   0.10842   0.10574   0.10306   0.10038   0.09770   0.09502   0.09233   0.08965   0.08697   0.08429   0.08161   0.07893   0.07625   0.07357   0.07088   0.06820   0.06552   0.06284   0.06016   0.05748   0.05480   0.05211   0.04943   0.04675   0.04407   0.04139   0.03871   0.03603   0.03334   0.03066   0.02798   0.02530   0.02262   0.01994   0.01726   0.01457   0.01189
A14f-15   1.58947   1.56305   1.53663   1.51021   1.48380   1.45738   1.43096   1.40454   1.37812   1.35170   1.32528   1.29887   1.27245   1.24603   1.21961   1.19319   1.16677   1.14035   1.11393   1.08752   1.06110   1.03468   1.00826   0.98184   0.95542   0.92900   0.90259   0.87617   0.84975   0.82333   0.79691   0.77049   0.74407   0.71766   0.69124   0.66482   0.63840   0.61198   0.58556   0.55914   0.53273   0.50631
A14f-16   0.26808   0.26352   0.25896   0.25440   0.24983   0.24527   0.24071   0.23615   0.23159   0.22703   0.22247   0.21791   0.21335   0.20879   0.20423   0.19967   0.19511   0.19055   0.18599   0.18143   0.17687   0.17231   0.16775   0.16319   0.15863   0.15407   0.14950   0.14494   0.14038   0.13582   0.13126   0.12670   0.12214   0.11758   0.11302   0.10846   0.10390   0.09934   0.09478   0.09022   0.08566   0.08110
A14g-02   2.11628   2.10690   2.09753   2.08816   2.07878   2.06941   2.06003   2.05066   2.04128   2.03191   2.02253   2.01316   2.00379   1.99441   1.98504   1.97566   1.96629   1.95691   1.94754   1.93817   1.92879   1.91942   1.91004   1.90067   1.89129   1.88192   1.87254   1.86317   1.85380   1.84442   1.83505   1.82567   1.81630   1.80692   1.79755   1.78817   1.77880   1.76943   1.76005   1.75068   1.74130   1.73193
A14g-03   0.23985   0.23716   0.23446   0.23177   0.22908   0.22638   0.22369   0.22100   0.21830   0.21561   0.21292   0.21023   0.20753   0.20484   0.20215   0.19945   0.19676   0.19407   0.19137   0.18868   0.18599   0.18330   0.18060   0.17791   0.17522   0.17252   0.16983   0.16714   0.16444   0.16175   0.15906   0.15637   0.15367   0.15098   0.14829   0.14559   0.14290   0.14021   0.13751   0.13482   0.13213   0.12943
A14g-05   0.07400   0.07369   0.07337   0.07306   0.07275   0.07243   0.07212   0.07180   0.07149   0.07118   0.07086   0.07055   0.07023   0.06992   0.06961   0.06929   0.06898   0.06867   0.06835   0.06804   0.06772   0.06741   0.06710   0.06678   0.06647   0.06615   0.06584   0.06553   0.06521   0.06490   0.06458   0.06427   0.06396   0.06364   0.06333   0.06301   0.06270   0.06239   0.06207   0.06176   0.06144   0.06113
A14g-07   0.48661   0.48014   0.47367   0.46720   0.46073   0.45426   0.44779   0.44132   0.43485   0.42838   0.42191   0.41544   0.40897   0.40250   0.39603   0.38957   0.38310   0.37663   0.37016   0.36369   0.35722   0.35075   0.34428   0.33781   0.33134   0.32487   0.31840   0.31193   0.30546   0.29899   0.29252   0.28605   0.27958   0.27311   0.26664   0.26017   0.25370   0.24723   0.24076   0.23429   0.22782   0.22135
A14g-08   0.14966   0.14692   0.14419   0.14145   0.13872   0.13598   0.13325   0.13051   0.12778   0.12504   0.12231   0.11957   0.11684   0.11410   0.11137   0.10863   0.10590   0.10316   0.10043   0.09769   0.09496   0.09222   0.08949   0.08675   0.08402   0.08128   0.07855   0.07581   0.07308   0.07034   0.06761   0.06487   0.06214   0.05940   0.05667   0.05393   0.05120   0.04847   0.04573   0.04300   0.04026   0.03753
A14g-09   0.38562   0.38080   0.37597   0.37114   0.36632   0.36149   0.35667   0.35184   0.34702   0.34219   0.33737   0.33254   0.32771   0.32289   0.31806   0.31324   0.30841   0.30359   0.29876   0.29393   0.28911   0.28428   0.27946   0.27463   0.26981   0.26498   0.26016   0.25533   0.25050   0.24568   0.24085   0.23603   0.23120   0.22638   0.22155   0.21673   0.21190   0.20707   0.20225   0.19742   0.19260   0.18777
A14g-10   0.10453   0.10366   0.10279   0.10193   0.10106   0.10019   0.09932   0.09846   0.09759   0.09672   0.09585   0.09499   0.09412   0.09325   0.09238   0.09152   0.09065   0.08978   0.08891   0.08805   0.08718   0.08631   0.08544   0.08458   0.08371   0.08284   0.08197   0.08111   0.08024   0.07937   0.07850   0.07764   0.07677   0.07590   0.07503   0.07417   0.07330   0.07243   0.07157   0.07070   0.06983   0.06896
A14g-11   0.03819   0.03766   0.03713   0.03660   0.03607   0.03554   0.03501   0.03448   0.03395   0.03342   0.03289   0.03236   0.03183   0.03130   0.03077   0.03023   0.02970   0.02917   0.02864   0.02811   0.02758   0.02705   0.02652   0.02599   0.02546   0.02493   0.02440   0.02387   0.02334   0.02281   0.02228   0.02175   0.02122   0.02069   0.02016   0.01963   0.01910   0.01857   0.01804   0.01751   0.01698   0.01645
A14g-12   0.27034   0.26628   0.26221   0.25815   0.25408   0.25002   0.24595   0.24189   0.23782   0.23376   0.22969   0.22563   0.22156   0.21750   0.21343   0.20937   0.20530   0.20124   0.19717   0.19311   0.18904   0.18498   0.18091   0.17685   0.17278   0.16872   0.16465   0.16059   0.15652   0.15246   0.14839   0.14433   0.14026   0.13620   0.13213   0.12807   0.12400   0.11993   0.11587   0.11180   0.10774   0.10367
A14g-13   0.05525   0.05476   0.05426   0.05377   0.05328   0.05278   0.05229   0.05180   0.05130   0.05081   0.05032   0.04983   0.04933   0.04884   0.04835   0.04785   0.04736   0.04687   0.04637   0.04588   0.04539   0.04490   0.04440   0.04391   0.04342   0.04292   0.04243   0.04194   0.04144   0.04095   0.04046   0.03997   0.03947   0.03898   0.03849   0.03799   0.03750   0.03701   0.03651   0.03602   0.03553   0.03503
A14g-14   0.08969   0.08803   0.08638   0.08472   0.08306   0.08140   0.07974   0.07809   0.07643   0.07477   0.07311   0.07145   0.06980   0.06814   0.06648   0.06482   0.06316   0.06150   0.05985   0.05819   0.05653   0.05487   0.05321   0.05156   0.04990   0.04824   0.04658   0.04492   0.04327   0.04161   0.03995   0.03829   0.03663   0.03497   0.03332   0.03166   0.03000   0.02834   0.02668   0.02503   0.02337   0.02171
A14g-15   0.11408   0.11342   0.11276   0.11210   0.11143   0.11077   0.11011   0.10945   0.10879   0.10813   0.10747   0.10681   0.10615   0.10549   0.10483   0.10417   0.10351   0.10285   0.10219   0.10153   0.10087   0.10021   0.09955   0.09889   0.09823   0.09757   0.09690   0.09624   0.09558   0.09492   0.09426   0.09360   0.09294   0.09228   0.09162   0.09096   0.09030   0.08964   0.08898   0.08832   0.08766   0.08700
A14g-16   1.51078   1.50098   1.49118   1.48138   1.47157   1.46177   1.45197   1.44217   1.43237   1.42256   1.41276   1.40296   1.39316   1.38335   1.37355   1.36375   1.35395   1.34414   1.33434   1.32454   1.31474   1.30493   1.29513   1.28533   1.27553   1.26573   1.25592   1.24612   1.23632   1.22652   1.21671   1.20691   1.19711   1.18731   1.17750   1.16770   1.15790   1.14810   1.13830   1.12849   1.11869   1.10889
A14g-17   1.47778   1.46648   1.45518   1.44388   1.43257   1.42127   1.40997   1.39867   1.38737   1.37606   1.36476   1.35346   1.34216   1.33085   1.31955   1.30825   1.29695   1.28564   1.27434   1.26304   1.25174   1.24043   1.22913   1.21783   1.20653   1.19523   1.18392   1.17262   1.16132   1.15002   1.13871   1.12741   1.11611   1.10481   1.09350   1.08220   1.07090   1.05960   1.04830   1.03699   1.02569   1.01439
A14g-18   0.09654   0.09470   0.09287   0.09103   0.08919   0.08735   0.08552   0.08368   0.08184   0.08000   0.07817   0.07633   0.07449   0.07266   0.07082   0.06898   0.06714   0.06531   0.06347   0.06163   0.05980   0.05796   0.05612   0.05428   0.05245   0.05061   0.04877   0.04693   0.04510   0.04326   0.04142   0.03959   0.03775   0.03591   0.03407   0.03224   0.03040   0.02856   0.02673   0.02489   0.02305   0.02121
A14g-19   0.10278   0.10059   0.09840   0.09621   0.09402   0.09183   0.08964   0.08745   0.08526   0.08307   0.08088   0.07869   0.07651   0.07432   0.07213   0.06994   0.06775   0.06556   0.06337   0.06118   0.05899   0.05680   0.05461   0.05242   0.05024   0.04805   0.04586   0.04367   0.04148   0.03929   0.03710   0.03491   0.03272   0.03053   0.02834   0.02615   0.02396   0.02178   0.01959   0.01740   0.01521   0.01302
A14g-20   0.08982   0.08818   0.08654   0.08490   0.08327   0.08163   0.07999   0.07835   0.07671   0.07507   0.07343   0.07179   0.07015   0.06851   0.06687   0.06523   0.06359   0.06195   0.06031   0.05867   0.05703   0.05539   0.05375   0.05211   0.05047   0.04883   0.04720   0.04556   0.04392   0.04228   0.04064   0.03900   0.03736   0.03572   0.03408   0.03244   0.03080   0.02916   0.02752   0.02588   0.02424   0.02260
A14h-01   0.17201   0.16935   0.16670   0.16404   0.16139   0.15873   0.15607   0.15342   0.15076   0.14811   0.14545   0.14280   0.14014   0.13748   0.13483   0.13217   0.12952   0.12686   0.12420   0.12155   0.11889   0.11624   0.11358   0.11093   0.10827   0.10561   0.10296   0.10030   0.09765   0.09499   0.09233   0.08968   0.08702   0.08437   0.08171   0.07906   0.07640   0.07374   0.07109   0.06843   0.06578   0.06312
A14h-02   0.39480   0.39021   0.38563   0.38104   0.37645   0.37187   0.36728   0.36270   0.35811   0.35352   0.34894   0.34435   0.33977   0.33518   0.33059   0.32601   0.32142   0.31683   0.31225   0.30766   0.30308   0.29849   0.29390   0.28932   0.28473   0.28015   0.27556   0.27097   0.26639   0.26180   0.25722   0.25263   0.24804   0.24346   0.23887   0.23429   0.22970   0.22511   0.22053   0.21594   0.21136   0.20677
A14h-04   0.09870   0.09690   0.09510   0.09330   0.09150   0.08970   0.08790   0.08610   0.08430   0.08250   0.08070   0.07890   0.07710   0.07530   0.07350   0.07170   0.06990   0.06810   0.06630   0.06450   0.06270   0.06090   0.05910   0.05730   0.05550   0.05370   0.05190   0.05010   0.04830   0.04650   0.04470   0.04290   0.04110   0.03930   0.03750   0.03570   0.03390   0.03210   0.03030   0.02850   0.02670   0.02490
A14h-05   0.10401   0.10154   0.09907   0.09660   0.09413   0.09166   0.08919   0.08672   0.08425   0.08178   0.07931   0.07684   0.07437   0.07190   0.06943   0.06697   0.06450   0.06203   0.05956   0.05709   0.05462   0.05215   0.04968   0.04721   0.04474   0.04227   0.03980   0.03733   0.03486   0.03239   0.02992   0.02745   0.02498   0.02251   0.02004   0.01757   0.01510   0.01263   0.01016   0.00769   0.00522   0.00275
A14h-07   0.04798   0.04752   0.04706   0.04660   0.04613   0.04567   0.04521   0.04475   0.04429   0.04383   0.04337   0.04291   0.04245   0.04199   0.04153   0.04107   0.04061   0.04015   0.03969   0.03923   0.03877   0.03831   0.03785   0.03739   0.03693   0.03647   0.03600   0.03554   0.03508   0.03462   0.03416   0.03370   0.03324   0.03278   0.03232   0.03186   0.03140   0.03094   0.03048   0.03002   0.02956   0.02910
A14h-21   0.10481   0.10245   0.10010   0.09774   0.09539   0.09303   0.09067   0.08832   0.08596   0.08361   0.08125   0.07890   0.07654   0.07418   0.07183   0.06947   0.06712   0.06476   0.06240   0.06005   0.05769   0.05534   0.05298   0.05063   0.04827   0.04591   0.04356   0.04120   0.03885   0.03649   0.03413   0.03178   0.02942   0.02707   0.02471   0.02236   0.02000   0.01764   0.01529   0.01293   0.01058   0.00822
A14i-02   0.12092   0.11908   0.11724   0.11540   0.11357   0.11173   0.10989   0.10805   0.10621   0.10437   0.10253   0.10069   0.09885   0.09701   0.09517   0.09333   0.09149   0.08965   0.08781   0.08597   0.08413   0.08229   0.08045   0.07861   0.07677   0.07493   0.07310   0.07126   0.06942   0.06758   0.06574   0.06390   0.06206   0.06022   0.05838   0.05654   0.05470   0.05286   0.05102   0.04918   0.04734   0.04550
A14i-03   0.18499   0.17936   0.17373   0.16810   0.16247   0.15684   0.15121   0.14558   0.13995   0.13432   0.12869   0.12306   0.11744   0.11181   0.10618   0.10055   0.09492   0.08929   0.08366   0.07803   0.07240   0.06677   0.06114   0.05551   0.04988   0.04425   0.03862   0.03299   0.02736   0.02173   0.01610   0.01047   0.00484   0.00000   0.00000   0.00000   0.00000   0.00000   0.00000   0.00000   0.00000   0.00000
A14i-04   0.63350   0.62641   0.61933   0.61224   0.60515   0.59807   0.59098   0.58390   0.57681   0.56972   0.56264   0.55555   0.54847   0.54138   0.53429   0.52721   0.52012   0.51303   0.50595   0.49886   0.49178   0.48469   0.47760   0.47052   0.46343   0.45635   0.44926   0.44217   0.43509   0.42800   0.42092   0.41383   0.40674   0.39966   0.39257   0.38549   0.37840   0.37131   0.36423   0.35714   0.35006   0.34297
A14i-05   0.41730   0.41200   0.40670   0.40140   0.39610   0.39080   0.38550   0.38020   0.37490   0.36960   0.36430   0.35900   0.35370   0.34840   0.34310   0.33780   0.33250   0.32720   0.32190   0.31660   0.31130   0.30600   0.30070   0.29540   0.29010   0.28480   0.27950   0.27420   0.26890   0.26360   0.25830   0.25300   0.24770   0.24240   0.23710   0.23180   0.22650   0.22120   0.21590   0.21060   0.20530   0.20000
A14i-09   0.09705   0.09466   0.09226   0.08987   0.08748   0.08508   0.08269   0.08030   0.07790   0.07551   0.07312   0.07073   0.06833   0.06594   0.06355   0.06115   0.05876   0.05637   0.05397   0.05158   0.04919   0.04680   0.04440   0.04201   0.03962   0.03722   0.03483   0.03244   0.03004   0.02765   0.02526   0.02287   0.02047   0.01808   0.01569   0.01329   0.01090   0.00851   0.00611   0.00372   0.00133   0.00000
A14j-01   0.07463   0.07367   0.07272   0.07177   0.07081   0.06986   0.06890   0.06795   0.06700   0.06604   0.06509   0.06414   0.06318   0.06223   0.06128   0.06032   0.05937   0.05842   0.05746   0.05651   0.05556   0.05460   0.05365   0.05270   0.05174   0.05079   0.04983   0.04888   0.04793   0.04697   0.04602   0.04507   0.04411   0.04316   0.04221   0.04125   0.04030   0.03935   0.03839   0.03744   0.03649   0.03553
A14j-03   0.27808   0.27360   0.26913   0.26466   0.26018   0.25571   0.25123   0.24676   0.24228   0.23781   0.23333   0.22886   0.22439   0.21991   0.21544   0.21096   0.20649   0.20201   0.19754   0.19307   0.18859   0.18412   0.17964   0.17517   0.17069   0.16622   0.16174   0.15727   0.15280   0.14832   0.14385   0.13937   0.13490   0.13042   0.12595   0.12147   0.11700   0.11253   0.10805   0.10358   0.09910   0.09463
A14j-04   0.13693   0.13435   0.13177   0.12919   0.12660   0.12402   0.12144   0.11886   0.11628   0.11370   0.11112   0.10853   0.10595   0.10337   0.10079   0.09821   0.09563   0.09305   0.09047   0.08788   0.08530   0.08272   0.08014   0.07756   0.07498   0.07240   0.06981   0.06723   0.06465   0.06207   0.05949   0.05691   0.05433   0.05174   0.04916   0.04658   0.04400   0.04142   0.03884   0.03626   0.03367   0.03109
A14j-08   0.05779   0.05641   0.05502   0.05364   0.05225   0.05086   0.04948   0.04809   0.04670   0.04532   0.04393   0.04254   0.04116   0.03977   0.03838   0.03700   0.03561   0.03422   0.03284   0.03145   0.03006   0.02868   0.02729   0.02591   0.02452   0.02313   0.02175   0.02036   0.01897   0.01759   0.01620   0.01481   0.01343   0.01204   0.01065   0.00927   0.00788   0.00649   0.00511   0.00372   0.00234   0.00095
A14k-01   0.03057   0.03003   0.02948   0.02893   0.02839   0.02784   0.02730   0.02675   0.02620   0.02566   0.02511   0.02456   0.02402   0.02347   0.02292   0.02238   0.02183   0.02128   0.02074   0.02019   0.01964   0.01910   0.01855   0.01800   0.01746   0.01691   0.01637   0.01582   0.01527   0.01473   0.01418   0.01363   0.01309   0.01254   0.01199   0.01145   0.01090   0.01035   0.00981   0.00926   0.00871   0.00817
A14l-03   0.04172   0.04098   0.04024   0.03950   0.03877   0.03803   0.03729   0.03655   0.03581   0.03507   0.03433   0.03359   0.03285   0.03211   0.03137   0.03063   0.02989   0.02915   0.02841   0.02767   0.02693   0.02619   0.02545   0.02471   0.02397   0.02323   0.02250   0.02176   0.02102   0.02028   0.01954   0.01880   0.01806   0.01732   0.01658   0.01584   0.01510   0.01436   0.01362   0.01288   0.01214   0.01140
A14l-04   0.26174   0.25548   0.24921   0.24295   0.23668   0.23042   0.22415   0.21789   0.21162   0.20536   0.19909   0.19283   0.18656   0.18030   0.17403   0.16777   0.16150   0.15524   0.14897   0.14271   0.13644   0.13018   0.12391   0.11765   0.11138   0.10512   0.09885   0.09259   0.08632   0.08006   0.07379   0.06753   0.06126   0.05500   0.04873   0.04247   0.03620   0.02993   0.02367   0.01740   0.01114   0.00487
A14l-06   0.09739   0.09657   0.09575   0.09494   0.09412   0.09330   0.09249   0.09167   0.09086   0.09004   0.08922   0.08841   0.08759   0.08677   0.08596   0.08514   0.08433   0.08351   0.08269   0.08188   0.08106   0.08024   0.07943   0.07861   0.07780   0.07698   0.07616   0.07535   0.07453   0.07371   0.07290   0.07208   0.07127   0.07045   0.06963   0.06882   0.06800   0.06718   0.06637   0.06555   0.06473   0.06392
A14l-10   0.19798   0.19599   0.19400   0.19201   0.19002   0.18803   0.18604   0.18405   0.18206   0.18007   0.17808   0.17609   0.17411   0.17212   0.17013   0.16814   0.16615   0.16416   0.16217   0.16018   0.15819   0.15620   0.15421   0.15222   0.15024   0.14825   0.14626   0.14427   0.14228   0.14029   0.13830   0.13631   0.13432   0.13233   0.13034   0.12835   0.12636   0.12438   0.12239   0.12040   0.11841   0.11642
A14l-11   0.50907   0.50484   0.50061   0.49638   0.49214   0.48791   0.48368   0.47945   0.47521   0.47098   0.46675   0.46252   0.45828   0.45405   0.44982   0.44559   0.44135   0.43712   0.43289   0.42866   0.42442   0.42019   0.41596   0.41173   0.40749   0.40326   0.39903   0.39480   0.39056   0.38633   0.38210   0.37787   0.37364   0.36940   0.36517   0.36094   0.35671   0.35247   0.34824   0.34401   0.33978   0.33554
A14l-12   0.11517   0.11349   0.11182   0.11014   0.10847   0.10679   0.10512   0.10344   0.10176   0.10009   0.09841   0.09674   0.09506   0.09339   0.09171   0.09004   0.08836   0.08668   0.08501   0.08333   0.08166   0.07998   0.07831   0.07663   0.07495   0.07328   0.07160   0.06993   0.06825   0.06658   0.06490   0.06322   0.06155   0.05987   0.05820   0.05652   0.05485   0.05317   0.05149   0.04982   0.04814   0.04647
A14l-13   0.10344   0.10224   0.10103   0.09982   0.09861   0.09740   0.09619   0.09499   0.09378   0.09257   0.09136   0.09015   0.08895   0.08774   0.08653   0.08532   0.08411   0.08291   0.08170   0.08049   0.07928   0.07807   0.07686   0.07566   0.07445   0.07324   0.07203   0.07082   0.06962   0.06841   0.06720   0.06599   0.06478   0.06358   0.06237   0.06116   0.05995   0.05874   0.05754   0.05633   0.05512   0.05391
A14l-14   0.18742   0.18518   0.18294   0.18069   0.17845   0.17621   0.17397   0.17173   0.16949   0.16725   0.16501   0.16277   0.16053   0.15829   0.15605   0.15381   0.15157   0.14933   0.14709   0.14485   0.14261   0.14036   0.13812   0.13588   0.13364   0.13140   0.12916   0.12692   0.12468   0.12244   0.12020   0.11796   0.11572   0.11348   0.11124   0.10900   0.10676   0.10452   0.10228   0.10004   0.09779   0.09555
A14l-15   0.10107   0.09864   0.09621   0.09378   0.09134   0.08891   0.08648   0.08405   0.08161   0.07918   0.07675   0.07432   0.07188   0.06945   0.06702   0.06459   0.06215   0.05972   0.05729   0.05486   0.05242   0.04999   0.04756   0.04513   0.04269   0.04026   0.03783   0.03540   0.03296   0.03053   0.02810   0.02567   0.02324   0.02080   0.01837   0.01594   0.01351   0.01107   0.00864   0.00621   0.00378   0.00134
A14l-16   0.10187   0.09955   0.09723   0.09491   0.09259   0.09027   0.08795   0.08564   0.08332   0.08100   0.07868   0.07636   0.07404   0.07172   0.06940   0.06708   0.06476   0.06245   0.06013   0.05781   0.05549   0.05317   0.05085   0.04853   0.04621   0.04389   0.04158   0.03926   0.03694   0.03462   0.03230   0.02998   0.02766   0.02534   0.02302   0.02071   0.01839   0.01607   0.01375   0.01143   0.00911   0.00679
A14l-18   0.17777   0.17424   0.17071   0.16718   0.16364   0.16011   0.15658   0.15305   0.14951   0.14598   0.14245   0.13892   0.13538   0.13185   0.12832   0.12479   0.12125   0.11772   0.11419   0.11066   0.10712   0.10359   0.10006   0.09653   0.09299   0.08946   0.08593   0.08240   0.07886   0.07533   0.07180   0.06827   0.06474   0.06120   0.05767   0.05414   0.05061   0.04707   0.04354   0.04001   0.03648   0.03294
A14l-20   0.11579   0.11412   0.11244   0.11077   0.10910   0.10742   0.10575   0.10408   0.10241   0.10073   0.09906   0.09739   0.09571   0.09404   0.09237   0.09069   0.08902   0.08735   0.08568   0.08400   0.08233   0.08066   0.07898   0.07731   0.07564   0.07396   0.07229   0.07062   0.06895   0.06727   0.06560   0.06393   0.06225   0.06058   0.05891   0.05724   0.05556   0.05389   0.05222   0.05054   0.04887   0.04720
A14l-22   0.66038   0.65419   0.64800   0.64181   0.63562   0.62943   0.62324   0.61705   0.61086   0.60467   0.59848   0.59229   0.58611   0.57992   0.57373   0.56754   0.56135   0.55516   0.54897   0.54278   0.53659   0.53040   0.52421   0.51802   0.51184   0.50565   0.49946   0.49327   0.48708   0.48089   0.47470   0.46851   0.46232   0.45613   0.44994   0.44375   0.43756   0.43138   0.42519   0.41900   0.41281   0.40662
A14l-24   0.07404   0.07284   0.07163   0.07042   0.06921   0.06800   0.06679   0.06559   0.06438   0.06317   0.06196   0.06075   0.05955   0.05834   0.05713   0.05592   0.05471   0.05351   0.05230   0.05109   0.04988   0.04867   0.04746   0.04626   0.04505   0.04384   0.04263   0.04142   0.04022   0.03901   0.03780   0.03659   0.03538   0.03418   0.03297   0.03176   0.03055   0.02934   0.02814   0.02693   0.02572   0.02451
A14l-25   0.06310   0.06211   0.06113   0.06014   0.05915   0.05817   0.05718   0.05620   0.05521   0.05422   0.05324   0.05225   0.05127   0.05028   0.04929   0.04831   0.04732   0.04633   0.04535   0.04436   0.04338   0.04239   0.04140   0.04042   0.03943   0.03845   0.03746   0.03647   0.03549   0.03450   0.03352   0.03253   0.03154   0.03056   0.02957   0.02859   0.02760   0.02661   0.02563   0.02464   0.02366   0.02267
A14m-03   0.11026   0.10959   0.10891   0.10823   0.10756   0.10688   0.10620   0.10553   0.10485   0.10417   0.10350   0.10282   0.10214   0.10147   0.10079   0.10011   0.09943   0.09876   0.09808   0.09740   0.09673   0.09605   0.09537   0.09470   0.09402   0.09334   0.09267   0.09199   0.09131   0.09064   0.08996   0.08928   0.08861   0.08793   0.08725   0.08658   0.08590   0.08522   0.08455   0.08387   0.08319   0.08252
A14m-04   0.39878   0.39262   0.38646   0.38031   0.37415   0.36799   0.36183   0.35567   0.34951   0.34335   0.33719   0.33103   0.32487   0.31871   0.31255   0.30639   0.30023   0.29407   0.28791   0.28175   0.27559   0.26944   0.26328   0.25712   0.25096   0.24480   0.23864   0.23248   0.22632   0.22016   0.21400   0.20784   0.20168   0.19552   0.18936   0.18320   0.17704   0.17088   0.16472   0.15856   0.15241   0.14625
A14m-05   0.33450   0.33450   0.33450   0.33450   0.33450   0.33450   0.33450   0.33450   0.33450   0.33450   0.33450   0.33450   0.33450   0.33450   0.33450   0.33450   0.33450   0.33450   0.33450   0.33450   0.33450   0.33450   0.33450   0.33450   0.33450   0.33450   0.33450   0.33450   0.33450   0.33450   0.33450   0.33450   0.33450   0.33450   0.33450   0.33450   0.33450   0.33450   0.33450   0.33450   0.33450   0.33450
A14m-06   0.10826   0.10730   0.10634   0.10538   0.10442   0.10345   0.10249   0.10153   0.10057   0.09961   0.09864   0.09768   0.09672   0.09576   0.09479   0.09383   0.09287   0.09191   0.09095   0.08998   0.08902   0.08806   0.08710   0.08614   0.08517   0.08421   0.08325   0.08229   0.08132   0.08036   0.07940   0.07844   0.07748   0.07651   0.07555   0.07459   0.07363   0.07266   0.07170   0.07074   0.06978   0.06882
A14m-07   0.10215   0.10032   0.09848   0.09665   0.09481   0.09298   0.09114   0.08931   0.08747   0.08564   0.08380   0.08197   0.08013   0.07830   0.07646   0.07463   0.07279   0.07096   0.06912   0.06729   0.06545   0.06362   0.06178   0.05995   0.05811   0.05628   0.05444   0.05261   0.05077   0.04894   0.04710   0.04526   0.04343   0.04159   0.03976   0.03792   0.03609   0.03425   0.03242   0.03058   0.02875   0.02691
A14m-08   0.76695   0.74402   0.72108   0.69815   0.67521   0.65228   0.62934   0.60641   0.58347   0.56054   0.53760   0.51467   0.49173   0.46880   0.44586   0.42293   0.39999   0.37706   0.35412   0.33119   0.30825   0.28532   0.26238   0.23945   0.21651   0.19358   0.17064   0.14771   0.12477   0.10184   0.07890   0.05596   0.03303   0.01009   0.00000   0.00000   0.00000   0.00000   0.00000   0.00000   0.00000   0.00000
A14m-09   0.88544   0.87944   0.87343   0.86742   0.86141   0.85540   0.84939   0.84339   0.83738   0.83137   0.82536   0.81935   0.81335   0.80734   0.80133   0.79532   0.78931   0.78331   0.77730   0.77129   0.76528   0.75927   0.75326   0.74726   0.74125   0.73524   0.72923   0.72322   0.71722   0.71121   0.70520   0.69919   0.69318   0.68718   0.68117   0.67516   0.66915   0.66314   0.65714   0.65113   0.64512   0.63911
A14m-11   0.06118   0.05992   0.05866   0.05741   0.05615   0.05489   0.05363   0.05237   0.05111   0.04985   0.04859   0.04733   0.04607   0.04481   0.04355   0.04229   0.04103   0.03977   0.03851   0.03725   0.03599   0.03474   0.03348   0.03222   0.03096   0.02970   0.02844   0.02718   0.02592   0.02466   0.02340   0.02214   0.02088   0.01962   0.01836   0.01710   0.01584   0.01458   0.01332   0.01206   0.01081   0.00955
A14m-12   0.07497   0.07389   0.07282   0.07174   0.07067   0.06959   0.06852   0.06744   0.06636   0.06529   0.06421   0.06314   0.06206   0.06099   0.05991   0.05884   0.05776   0.05668   0.05561   0.05453   0.05346   0.05238   0.05131   0.05023   0.04915   0.04808   0.04700   0.04593   0.04485   0.04378   0.04270   0.04162   0.04055   0.03947   0.03840   0.03732   0.03625   0.03517   0.03409   0.03302   0.03194   0.03087
A14n-02   0.35606   0.35336   0.35065   0.34795   0.34524   0.34254   0.33983   0.33712   0.33442   0.33171   0.32901   0.32630   0.32360   0.32089   0.31819   0.31548   0.31278   0.31007   0.30736   0.30466   0.30195   0.29925   0.29654   0.29384   0.29113   0.28843   0.28572   0.28302   0.28031   0.27761   0.27490   0.27219   0.26949   0.26678   0.26408   0.26137   0.25867   0.25596   0.25326   0.25055   0.24785   0.24514
A14n-03   0.64789   0.64437   0.64085   0.63734   0.63382   0.63031   0.62679   0.62327   0.61976   0.61624   0.61272   0.60921   0.60569   0.60218   0.59866   0.59514   0.59163   0.58811   0.58459   0.58108   0.57756   0.57405   0.57053   0.56701   0.56350   0.55998   0.55646   0.55295   0.54943   0.54592   0.54240   0.53888   0.53537   0.53185   0.52834   0.52482   0.52130   0.51779   0.51427   0.51075   0.50724   0.50372
A14n-04   0.11033   0.10966   0.10899   0.10832   0.10766   0.10699   0.10632   0.10565   0.10499   0.10432   0.10365   0.10298   0.10232   0.10165   0.10098   0.10031   0.09965   0.09898   0.09831   0.09764   0.09698   0.09631   0.09564   0.09497   0.09431   0.09364   0.09297   0.09230   0.09164   0.09097   0.09030   0.08963   0.08896   0.08830   0.08763   0.08696   0.08629   0.08563   0.08496   0.08429   0.08362   0.08296
A14n-05   0.64210   0.63775   0.63341   0.62907   0.62472   0.62038   0.61604   0.61169   0.60735   0.60301   0.59866   0.59432   0.58998   0.58564   0.58129   0.57695   0.57261   0.56826   0.56392   0.55958   0.55523   0.55089   0.54655   0.54220   0.53786   0.53352   0.52917   0.52483   0.52049   0.51614   0.51180   0.50746   0.50311   0.49877   0.49443   0.49008   0.48574   0.48140   0.47705   0.47271   0.46837   0.46402
A14n-06   0.05991   0.05954   0.05917   0.05880   0.05843   0.05806   0.05769   0.05732   0.05695   0.05658   0.05621   0.05584   0.05546   0.05509   0.05472   0.05435   0.05398   0.05361   0.05324   0.05287   0.05250   0.05213   0.05176   0.05139   0.05102   0.05065   0.05028   0.04991   0.04954   0.04917   0.04880   0.04843   0.04806   0.04769   0.04732   0.04695   0.04658   0.04621   0.04584   0.04547   0.04510   0.04473
A14n-08   2.34370   2.30780   2.27190   2.23600   2.20010   2.16420   2.12830   2.09240   2.05650   2.02060   1.98470   1.94880   1.91290   1.87700   1.84110   1.80520   1.76930   1.73340   1.69750   1.66160   1.62570   1.58980   1.55390   1.51800   1.48210   1.44620   1.41030   1.37440   1.33850   1.30260   1.26670   1.23080   1.19490   1.15900   1.12310   1.08720   1.05130   1.01540   0.97950   0.94360   0.90770   0.87180
A14n-10   0.79959   0.79247   0.78535   0.77824   0.77112   0.76401   0.75689   0.74977   0.74266   0.73554   0.72842   0.72131   0.71419   0.70708   0.69996   0.69284   0.68573   0.67861   0.67149   0.66438   0.65726   0.65015   0.64303   0.63591   0.62880   0.62168   0.61456   0.60745   0.60033   0.59322   0.58610   0.57898   0.57187   0.56475   0.55764   0.55052   0.54340   0.53629   0.52917   0.52205   0.51494   0.50782
A14n-11   0.84177   0.82898   0.81619   0.80340   0.79061   0.77782   0.76503   0.75224   0.73945   0.72666   0.71387   0.70108   0.68829   0.67550   0.66270   0.64991   0.63712   0.62433   0.61154   0.59875   0.58596   0.57317   0.56038   0.54759   0.53480   0.52201   0.50922   0.49643   0.48364   0.47085   0.45806   0.44527   0.43248   0.41969   0.40690   0.39411   0.38132   0.36853   0.35574   0.34295   0.33016   0.31737
A14n-12   0.07331   0.07199   0.07068   0.06936   0.06805   0.06674   0.06542   0.06411   0.06280   0.06148   0.06017   0.05886   0.05754   0.05623   0.05492   0.05360   0.05229   0.05098   0.04966   0.04835   0.04704   0.04572   0.04441   0.04309   0.04178   0.04047   0.03915   0.03784   0.03653   0.03521   0.03390   0.03259   0.03127   0.02996   0.02865   0.02733   0.02602   0.02471   0.02339   0.02208   0.02076   0.01945
A14n-13   0.05660   0.05575   0.05491   0.05407   0.05322   0.05238   0.05154   0.05069   0.04985   0.04901   0.04816   0.04732   0.04648   0.04564   0.04479   0.04395   0.04311   0.04226   0.04142   0.04058   0.03973   0.03889   0.03805   0.03720   0.03636   0.03552   0.03467   0.03383   0.03299   0.03214   0.03130   0.03046   0.02961   0.02877   0.02793   0.02708   0.02624   0.02540   0.02455   0.02371   0.02287   0.02202
A14n-14   0.07274   0.07134   0.06995   0.06855   0.06716   0.06576   0.06437   0.06298   0.06158   0.06019   0.05879   0.05740   0.05600   0.05461   0.05321   0.05182   0.05042   0.04903   0.04764   0.04624   0.04485   0.04345   0.04206   0.04066   0.03927   0.03787   0.03648   0.03508   0.03369   0.03229   0.03090   0.02951   0.02811   0.02672   0.02532   0.02393   0.02253   0.02114   0.01974   0.01835   0.01695   0.01556
A14n-15   0.07317   0.07184   0.07051   0.06918   0.06784   0.06651   0.06518   0.06385   0.06251   0.06118   0.05985   0.05852   0.05718   0.05585   0.05452   0.05319   0.05185   0.05052   0.04919   0.04786   0.04652   0.04519   0.04386   0.04253   0.04119   0.03986   0.03853   0.03720   0.03586   0.03453   0.03320   0.03187   0.03054   0.02920   0.02787   0.02654   0.02521   0.02387   0.02254   0.02121   0.01988   0.01854
A14n-18   0.04733   0.04615   0.04497   0.04379   0.04261   0.04143   0.04025   0.03906   0.03788   0.03670   0.03552   0.03434   0.03316   0.03198   0.03080   0.02962   0.02844   0.02725   0.02607   0.02489   0.02371   0.02253   0.02135   0.02017   0.01899   0.01781   0.01662   0.01544   0.01426   0.01308   0.01190   0.01072   0.00954   0.00836   0.00718   0.00599   0.00481   0.00363   0.00245   0.00127   0.00009   0.00000
A14n-21   0.74786   0.72165   0.69545   0.66924   0.64304   0.61683   0.59063   0.56442   0.53821   0.51201   0.48580   0.45960   0.43339   0.40719   0.38098   0.35477   0.32857   0.30236   0.27616   0.24995   0.22375   0.19754   0.17133   0.14513   0.11892   0.09272   0.06651   0.04031   0.01410   0.00000   0.00000   0.00000   0.00000   0.00000   0.00000   0.00000   0.00000   0.00000   0.00000   0.00000   0.00000   0.00000
A14p-01   2.35604   2.32191   2.28777   2.25363   2.21950   2.18536   2.15122   2.11709   2.08295   2.04881   2.01468   1.98054   1.94640   1.91227   1.87813   1.84400   1.80986   1.77572   1.74159   1.70745   1.67331   1.63918   1.60504   1.57090   1.53677   1.50263   1.46849   1.43436   1.40022   1.36608   1.33195   1.29781   1.26367   1.22954   1.19540   1.16126   1.12713   1.09299   1.05885   1.02472   0.99058   0.95644
A14p-03   0.80083   0.79229   0.78375   0.77521   0.76667   0.75813   0.74959   0.74105   0.73251   0.72398   0.71544   0.70690   0.69836   0.68982   0.68128   0.67274   0.66420   0.65566   0.64712   0.63859   0.63005   0.62151   0.61297   0.60443   0.59589   0.58735   0.57881   0.57027   0.56173   0.55320   0.54466   0.53612   0.52758   0.51904   0.51050   0.50196   0.49342   0.48488   0.47634   0.46780   0.45927   0.45073
A14p-06   0.10106   0.09879   0.09653   0.09427   0.09200   0.08974   0.08748   0.08521   0.08295   0.08069   0.07842   0.07616   0.07390   0.07163   0.06937   0.06710   0.06484   0.06258   0.06031   0.05805   0.05579   0.05352   0.05126   0.04900   0.04673   0.04447   0.04221   0.03994   0.03768   0.03542   0.03315   0.03089   0.02863   0.02636   0.02410   0.02184   0.01957   0.01731   0.01505   0.01278   0.01052   0.00826
A14p-07   0.10800   0.10673   0.10546   0.10419   0.10292   0.10165   0.10038   0.09911   0.09784   0.09657   0.09530   0.09403   0.09276   0.09149   0.09021   0.08894   0.08767   0.08640   0.08513   0.08386   0.08259   0.08132   0.08005   0.07878   0.07751   0.07624   0.07497   0.07370   0.07242   0.07115   0.06988   0.06861   0.06734   0.06607   0.06480   0.06353   0.06226   0.06099   0.05972   0.05845   0.05718   0.05590
A14p-08   0.04120   0.04048   0.03977   0.03905   0.03834   0.03762   0.03691   0.03620   0.03548   0.03477   0.03405   0.03334   0.03262   0.03191   0.03119   0.03048   0.02976   0.02905   0.02833   0.02762   0.02690   0.02619   0.02548   0.02476   0.02405   0.02333   0.02262   0.02190   0.02119   0.02047   0.01976   0.01904   0.01833   0.01761   0.01690   0.01619   0.01547   0.01476   0.01404   0.01333   0.01261   0.01190
A14p-12   0.27407   0.26850   0.26292   0.25734   0.25177   0.24619   0.24062   0.23504   0.22947   0.22389   0.21831   0.21274   0.20716   0.20159   0.19601   0.19044   0.18486   0.17929   0.17371   0.16813   0.16256   0.15698   0.15141   0.14583   0.14026   0.13468   0.12910   0.12353   0.11795   0.11238   0.10680   0.10123   0.09565   0.09008   0.08450   0.07892   0.07335   0.06777   0.06220   0.05662   0.05105   0.04547
A15b-01   0.04116   0.04044   0.03972   0.03900   0.03829   0.03757   0.03685   0.03613   0.03541   0.03469   0.03397   0.03325   0.03253   0.03181   0.03109   0.03037   0.02965   0.02893   0.02821   0.02749   0.02677   0.02605   0.02533   0.02461   0.02390   0.02318   0.02246   0.02174   0.02102   0.02030   0.01958   0.01886   0.01814   0.01742   0.01670   0.01598   0.01526   0.01454   0.01382   0.01310   0.01238   0.01166
A15b-02   0.35132   0.34714   0.34295   0.33877   0.33459   0.33040   0.32622   0.32204   0.31786   0.31367   0.30949   0.30531   0.30112   0.29694   0.29276   0.28858   0.28439   0.28021   0.27603   0.27184   0.26766   0.26348   0.25930   0.25511   0.25093   0.24675   0.24256   0.23838   0.23420   0.23001   0.22583   0.22165   0.21747   0.21328   0.20910   0.20492   0.20073   0.19655   0.19237   0.18819   0.18400   0.17982
A15b-03   0.26915   0.26288   0.25660   0.25032   0.24404   0.23776   0.23149   0.22521   0.21893   0.21265   0.20637   0.20010   0.19382   0.18754   0.18126   0.17498   0.16870   0.16243   0.15615   0.14987   0.14359   0.13731   0.13104   0.12476   0.11848   0.11220   0.10592   0.09965   0.09337   0.08709   0.08081   0.07453   0.06826   0.06198   0.05570   0.04942   0.04314   0.03687   0.03059   0.02431   0.01803   0.01175
A15b-04   0.76939   0.75930   0.74921   0.73912   0.72903   0.71895   0.70886   0.69877   0.68868   0.67860   0.66851   0.65842   0.64833   0.63824   0.62816   0.61807   0.60798   0.59789   0.58780   0.57772   0.56763   0.55754   0.54745   0.53737   0.52728   0.51719   0.50710   0.49701   0.48693   0.47684   0.46675   0.45666   0.44658   0.43649   0.42640   0.41631   0.40622   0.39614   0.38605   0.37596   0.36587   0.35579
A15b-05   0.35436   0.35061   0.34686   0.34311   0.33936   0.33561   0.33187   0.32812   0.32437   0.32062   0.31687   0.31312   0.30937   0.30562   0.30188   0.29813   0.29438   0.29063   0.28688   0.28313   0.27938   0.27563   0.27189   0.26814   0.26439   0.26064   0.25689   0.25314   0.24939   0.24564   0.24190   0.23815   0.23440   0.23065   0.22690   0.22315   0.21940   0.21565   0.21190   0.20816   0.20441   0.20066
A15b-13   0.10312   0.10115   0.09919   0.09722   0.09525   0.09328   0.09131   0.08934   0.08738   0.08541   0.08344   0.08147   0.07950   0.07753   0.07557   0.07360   0.07163   0.06966   0.06769   0.06572   0.06376   0.06179   0.05982   0.05785   0.05588   0.05391   0.05195   0.04998   0.04801   0.04604   0.04407   0.04210   0.04014   0.03817   0.03620   0.03423   0.03226   0.03030   0.02833   0.02636   0.02439   0.02242
A22-02   0.03460   0.03427   0.03394   0.03361   0.03329   0.03296   0.03263   0.03230   0.03197   0.03164   0.03131   0.03099   0.03066   0.03033   0.03000   0.02967   0.02934   0.02901   0.02869   0.02836   0.02803   0.02770   0.02737   0.02704   0.02671   0.02639   0.02606   0.02573   0.02540   0.02507   0.02474   0.02441   0.02409   0.02376   0.02343   0.02310   0.02277   0.02244   0.02211   0.02179   0.02146   0.02113
A50d-01   0.25362   0.24824   0.24285   0.23747   0.23209   0.22670   0.22132   0.21594   0.21056   0.20517   0.19979   0.19441   0.18902   0.18364   0.17826   0.17288   0.16749   0.16211   0.15673   0.15134   0.14596   0.14058   0.13520   0.12981   0.12443   0.11905   0.11366   0.10828   0.10290   0.09751   0.09213   0.08675   0.08137   0.07598   0.07060   0.06522   0.05983   0.05445   0.04907   0.04369   0.03830   0.03292
A50d-03   0.32214   0.31379   0.30544   0.29709   0.28874   0.28039   0.27203   0.26368   0.25533   0.24698   0.23863   0.23028   0.22193   0.21358   0.20522   0.19687   0.18852   0.18017   0.17182   0.16347   0.15512   0.14677   0.13841   0.13006   0.12171   0.11336   0.10501   0.09666   0.08831   0.07996   0.07160   0.06325   0.05490   0.04655   0.03820   0.02985   0.02150   0.01315   0.00480   0.00000   0.00000   0.00000
A50h-03   0.28637   0.28220   0.27802   0.27384   0.26967   0.26549   0.26132   0.25714   0.25297   0.24879   0.24461   0.24044   0.23626   0.23209   0.22791   0.22374   0.21956   0.21539   0.21121   0.20703   0.20286   0.19868   0.19451   0.19033   0.18616   0.18198   0.17780   0.17363   0.16945   0.16528   0.16110   0.15693   0.15275   0.14858   0.14440   0.14022   0.13605   0.13187   0.12770   0.12352   0.11935   0.11517
A50h-04   0.16898   0.16705   0.16511   0.16318   0.16125   0.15932   0.15739   0.15546   0.15352   0.15159   0.14966   0.14773   0.14580   0.14387   0.14193   0.14000   0.13807   0.13614   0.13421   0.13228   0.13034   0.12841   0.12648   0.12455   0.12262   0.12069   0.11875   0.11682   0.11489   0.11296   0.11103   0.10910   0.10716   0.10523   0.10330   0.10137   0.09944   0.09750   0.09557   0.09364   0.09171   0.08978
A50h-05   0.22260   0.22260   0.22260   0.22260   0.22260   0.22260   0.22260   0.22260   0.22260   0.22260   0.22260   0.22260   0.22260   0.22260   0.22260   0.22260   0.22260   0.22260   0.22260   0.22260   0.22260   0.22260   0.22260   0.22260   0.22260   0.22260   0.22260   0.22260   0.22260   0.22260   0.22260   0.22260   0.22260   0.22260   0.22260   0.22260   0.22260   0.22260   0.22260   0.22260   0.22260   0.22260
A50h-09   0.72186   0.70204   0.68222   0.66240   0.64259   0.62277   0.60295   0.58313   0.56331   0.54349   0.52367   0.50385   0.48403   0.46421   0.44439   0.42457   0.40475   0.38493   0.36511   0.34529   0.32547   0.30565   0.28583   0.26601   0.24620   0.22638   0.20656   0.18674   0.16692   0.14710   0.12728   0.10746   0.08764   0.06782   0.04800   0.02818   0.00836   0.00000   0.00000   0.00000   0.00000   0.00000
A50h-10   0.72366   0.70409   0.68453   0.66497   0.64540   0.62584   0.60628   0.58671   0.56715   0.54759   0.52802   0.50846   0.48890   0.46933   0.44977   0.43020   0.41064   0.39108   0.37151   0.35195   0.33239   0.31282   0.29326   0.27370   0.25413   0.23457   0.21501   0.19544   0.17588   0.15632   0.13675   0.11719   0.09763   0.07806   0.05850   0.03894   0.01937   0.00000   0.00000   0.00000   0.00000   0.00000
A50h-11   0.13490   0.13203   0.12916   0.12629   0.12342   0.12055   0.11768   0.11481   0.11194   0.10907   0.10620   0.10333   0.10046   0.09759   0.09471   0.09184   0.08897   0.08610   0.08323   0.08036   0.07749   0.07462   0.07175   0.06888   0.06601   0.06314   0.06027   0.05740   0.05452   0.05165   0.04878   0.04591   0.04304   0.04017   0.03730   0.03443   0.03156   0.02869   0.02582   0.02295   0.02008   0.01720
A50h-13   0.09364   0.09139   0.08914   0.08689   0.08464   0.08239   0.08013   0.07788   0.07563   0.07338   0.07113   0.06888   0.06663   0.06438   0.06212   0.05987   0.05762   0.05537   0.05312   0.05087   0.04862   0.04637   0.04411   0.04186   0.03961   0.03736   0.03511   0.03286   0.03061   0.02836   0.02610   0.02385   0.02160   0.01935   0.01710   0.01485   0.01260   0.01035   0.00810   0.00584   0.00359   0.00134
A50h-14   0.31975   0.31106   0.30237   0.29367   0.28498   0.27629   0.26760   0.25890   0.25021   0.24152   0.23282   0.22413   0.21544   0.20675   0.19805   0.18936   0.18067   0.17198   0.16328   0.15459   0.14590   0.13720   0.12851   0.11982   0.11113   0.10243   0.09374   0.08505   0.07636   0.06766   0.05897   0.05028   0.04159   0.03289   0.02420   0.01551   0.00681   0.00000   0.00000   0.00000   0.00000   0.00000
A50i-01   0.04632   0.04597   0.04562   0.04526   0.04491   0.04456   0.04420   0.04385   0.04350   0.04314   0.04279   0.04243   0.04208   0.04173   0.04137   0.04102   0.04067   0.04031   0.03996   0.03960   0.03925   0.03890   0.03854   0.03819   0.03784   0.03748   0.03713   0.03678   0.03642   0.03607   0.03571   0.03536   0.03501   0.03465   0.03430   0.03395   0.03359   0.03324   0.03289   0.03253   0.03218   0.03182
A50i-02   0.25270   0.25270   0.25270   0.25270   0.25270   0.25270   0.25270   0.25270   0.25270   0.25270   0.25270   0.25270   0.25270   0.25270   0.25270   0.25270   0.25270   0.25270   0.25270   0.25270   0.25270   0.25270   0.25270   0.25270   0.25270   0.25270   0.25270   0.25270   0.25270   0.25270   0.25270   0.25270   0.25270   0.25270   0.25270   0.25270   0.25270   0.25270   0.25270   0.25270   0.25270   0.25270
A50i-03   0.07836   0.07661   0.07486   0.07311   0.07136   0.06962   0.06787   0.06612   0.06437   0.06262   0.06087   0.05912   0.05738   0.05563   0.05388   0.05213   0.05038   0.04863   0.04688   0.04514   0.04339   0.04164   0.03989   0.03814   0.03639   0.03464   0.03289   0.03115   0.02940   0.02765   0.02590   0.02415   0.02240   0.02065   0.01891   0.01716   0.01541   0.01366   0.01191   0.01016   0.00841   0.00666
A50i-06   2.27234   2.26214   2.25193   2.24172   2.23151   2.22130   2.21109   2.20089   2.19068   2.18047   2.17026   2.16005   2.14985   2.13964   2.12943   2.11922   2.10901   2.09881   2.08860   2.07839   2.06818   2.05797   2.04776   2.03756   2.02735   2.01714   2.00693   1.99672   1.98652   1.97631   1.96610   1.95589   1.94568   1.93548   1.92527   1.91506   1.90485   1.89464   1.88444   1.87423   1.86402   1.85381
A50i-07   0.65372   0.64247   0.63121   0.61996   0.60871   0.59745   0.58620   0.57494   0.56369   0.55244   0.54118   0.52993   0.51867   0.50742   0.49616   0.48491   0.47366   0.46240   0.45115   0.43989   0.42864   0.41739   0.40613   0.39488   0.38362   0.37237   0.36112   0.34986   0.33861   0.32735   0.31610   0.30485   0.29359   0.28234   0.27108   0.25983   0.24858   0.23732   0.22607   0.21481   0.20356   0.19231
A50i-08   0.40351   0.39464   0.38577   0.37690   0.36803   0.35916   0.35029   0.34142   0.33255   0.32368   0.31481   0.30594   0.29706   0.28819   0.27932   0.27045   0.26158   0.25271   0.24384   0.23497   0.22610   0.21723   0.20836   0.19949   0.19062   0.18175   0.17288   0.16401   0.15514   0.14627   0.13740   0.12853   0.11966   0.11079   0.10192   0.09305   0.08418   0.07531   0.06644   0.05757   0.04870   0.03983
A50i-10   0.10317   0.10104   0.09891   0.09678   0.09464   0.09251   0.09038   0.08825   0.08611   0.08398   0.08185   0.07972   0.07758   0.07545   0.07332   0.07119   0.06905   0.06692   0.06479   0.06266   0.06052   0.05839   0.05626   0.05413   0.05199   0.04986   0.04773   0.04560   0.04346   0.04133   0.03920   0.03707   0.03494   0.03280   0.03067   0.02854   0.02641   0.02427   0.02214   0.02001   0.01788   0.01574
A50i-12   2.82469   2.81706   2.80943   2.80180   2.79417   2.78654   2.77891   2.77128   2.76365   2.75602   2.74839   2.74076   2.73314   2.72551   2.71788   2.71025   2.70262   2.69499   2.68736   2.67973   2.67210   2.66447   2.65684   2.64921   2.64158   2.63395   2.62632   2.61869   2.61106   2.60343   2.59580   2.58817   2.58054   2.57291   2.56528   2.55765   2.55002   2.54239   2.53476   2.52713   2.51950   2.51187
A50i-13   0.40610   0.40610   0.40610   0.40610   0.40610   0.40610   0.40610   0.40610   0.40610   0.40610   0.40610   0.40610   0.40610   0.40610   0.40610   0.40610   0.40610   0.40610   0.40610   0.40610   0.40610   0.40610   0.40610   0.40610   0.40610   0.40610   0.40610   0.40610   0.40610   0.40610   0.40610   0.40610   0.40610   0.40610   0.40610   0.40610   0.40610   0.40610   0.40610   0.40610   0.40610   0.40610
A50i-15   0.27906   0.27526   0.27147   0.26768   0.26389   0.26010   0.25631   0.25251   0.24872   0.24493   0.24114   0.23735   0.23355   0.22976   0.22597   0.22218   0.21839   0.21459   0.21080   0.20701   0.20322   0.19943   0.19564   0.19184   0.18805   0.18426   0.18047   0.17668   0.17288   0.16909   0.16530   0.16151   0.15772   0.15392   0.15013   0.14634   0.14255   0.13876   0.13496   0.13117   0.12738   0.12359
A50i-16   0.27085   0.26588   0.26092   0.25595   0.25099   0.24602   0.24106   0.23609   0.23113   0.22616   0.22120   0.21623   0.21127   0.20630   0.20134   0.19637   0.19141   0.18644   0.18148   0.17651   0.17155   0.16658   0.16162   0.15665   0.15169   0.14672   0.14176   0.13679   0.13183   0.12686   0.12190   0.11694   0.11197   0.10701   0.10204   0.09708   0.09211   0.08715   0.08218   0.07722   0.07225   0.06729
A50i-17   0.66970   0.66180   0.65390   0.64600   0.63810   0.63020   0.62230   0.61440   0.60650   0.59860   0.59070   0.58280   0.57490   0.56700   0.55910   0.55120   0.54330   0.53540   0.52750   0.51960   0.51170   0.50380   0.49590   0.48800   0.48010   0.47220   0.46430   0.45640   0.44850   0.44060   0.43270   0.42480   0.41690   0.40900   0.40110   0.39320   0.38530   0.37740   0.36950   0.36160   0.35370   0.34580
A50i-18   0.83132   0.81802   0.80472   0.79143   0.77813   0.76483   0.75154   0.73824   0.72494   0.71164   0.69835   0.68505   0.67175   0.65845   0.64516   0.63186   0.61856   0.60526   0.59197   0.57867   0.56537   0.55208   0.53878   0.52548   0.51218   0.49889   0.48559   0.47229   0.45899   0.44570   0.43240   0.41910   0.40581   0.39251   0.37921   0.36591   0.35262   0.33932   0.32602   0.31272   0.29943   0.28613
A50i-19   4.70470   4.70470   4.70470   4.70470   4.70470   4.70470   4.70470   4.70470   4.70470   4.70470   4.70470   4.70470   4.70470   4.70470   4.70470   4.70470   4.70470   4.70470   4.70470   4.70470   4.70470   4.70470   4.70470   4.70470   4.70470   4.70470   4.70470   4.70470   4.70470   4.70470   4.70470   4.70470   4.70470   4.70470   4.70470   4.70470   4.70470   4.70470   4.70470   4.70470   4.70470   4.70470
A50i-21   0.45408   0.44922   0.44436   0.43951   0.43465   0.42979   0.42493   0.42007   0.41521   0.41035   0.40549   0.40063   0.39577   0.39091   0.38605   0.38119   0.37633   0.37147   0.36661   0.36175   0.35689   0.35204   0.34718   0.34232   0.33746   0.33260   0.32774   0.32288   0.31802   0.31316   0.30830   0.30344   0.29858   0.29372   0.28886   0.28400   0.27914   0.27428   0.26942   0.26456   0.25971   0.25485
A50i-22   0.17957   0.17629   0.17302   0.16974   0.16647   0.16319   0.15992   0.15664   0.15336   0.15009   0.14681   0.14354   0.14026   0.13699   0.13371   0.13044   0.12716   0.12388   0.12061   0.11733   0.11406   0.11078   0.10751   0.10423   0.10095   0.09768   0.09440   0.09113   0.08785   0.08458   0.08130   0.07802   0.07475   0.07147   0.06820   0.06492   0.06165   0.05837   0.05509   0.05182   0.04854   0.04527
A50i-25   0.20341   0.20219   0.20098   0.19976   0.19855   0.19734   0.19612   0.19491   0.19370   0.19248   0.19127   0.19006   0.18884   0.18763   0.18642   0.18520   0.18399   0.18278   0.18156   0.18035   0.17914   0.17792   0.17671   0.17549   0.17428   0.17307   0.17185   0.17064   0.16943   0.16821   0.16700   0.16579   0.16457   0.16336   0.16215   0.16093   0.15972   0.15851   0.15729   0.15608   0.15486   0.15365
A50i-27   0.11713   0.11601   0.11488   0.11376   0.11263   0.11151   0.11038   0.10926   0.10814   0.10701   0.10589   0.10476   0.10364   0.10251   0.10139   0.10026   0.09914   0.09802   0.09689   0.09577   0.09464   0.09352   0.09239   0.09127   0.09015   0.08902   0.08790   0.08677   0.08565   0.08452   0.08340   0.08228   0.08115   0.08003   0.07890   0.07778   0.07665   0.07553   0.07441   0.07328   0.07216   0.07103
A50i-35   0.07707   0.07514   0.07321   0.07128   0.06934   0.06741   0.06548   0.06355   0.06161   0.05968   0.05775   0.05582   0.05388   0.05195   0.05002   0.04809   0.04615   0.04422   0.04229   0.04036   0.03842   0.03649   0.03456   0.03263   0.03069   0.02876   0.02683   0.02490   0.02296   0.02103   0.01910   0.01717   0.01524   0.01330   0.01137   0.00944   0.00751   0.00557   0.00364   0.00171   0.00000   0.00000
A50i-37   0.03630   0.03585   0.03541   0.03497   0.03452   0.03408   0.03364   0.03319   0.03275   0.03231   0.03186   0.03142   0.03098   0.03054   0.03009   0.02965   0.02921   0.02876   0.02832   0.02788   0.02743   0.02699   0.02655   0.02610   0.02566   0.02522   0.02477   0.02433   0.02389   0.02344   0.02300   0.02256   0.02211   0.02167   0.02123   0.02078   0.02034   0.01990   0.01945   0.01901   0.01857   0.01812
A50i-38   0.06312   0.06142   0.05972   0.05803   0.05633   0.05463   0.05294   0.05124   0.04954   0.04784   0.04615   0.04445   0.04275   0.04105   0.03936   0.03766   0.03596   0.03426   0.03257   0.03087   0.02917   0.02748   0.02578   0.02408   0.02238   0.02069   0.01899   0.01729   0.01559   0.01390   0.01220   0.01050   0.00881   0.00711   0.00541   0.00371   0.00202   0.00032   0.00000   0.00000   0.00000   0.00000
A50j-02   0.39080   0.38680   0.38280   0.37880   0.37480   0.37080   0.36680   0.36280   0.35880   0.35480   0.35080   0.34680   0.34280   0.33880   0.33480   0.33080   0.32680   0.32280   0.31880   0.31480   0.31080   0.30680   0.30280   0.29880   0.29480   0.29080   0.28680   0.28280   0.27880   0.27480   0.27080   0.26680   0.26280   0.25880   0.25480   0.25080   0.24680   0.24280   0.23880   0.23480   0.23080   0.22680
A50j-03   0.30330   0.30145   0.29961   0.29777   0.29592   0.29408   0.29224   0.29039   0.28855   0.28671   0.28486   0.28302   0.28118   0.27934   0.27749   0.27565   0.27381   0.27196   0.27012   0.26828   0.26643   0.26459   0.26275   0.26090   0.25906   0.25722   0.25537   0.25353   0.25169   0.24984   0.24800   0.24616   0.24431   0.24247   0.24063   0.23878   0.23694   0.23510   0.23325   0.23141   0.22957   0.22772
A50j-05   0.15631   0.15408   0.15186   0.14963   0.14740   0.14518   0.14295   0.14072   0.13849   0.13627   0.13404   0.13181   0.12959   0.12736   0.12513   0.12291   0.12068   0.11845   0.11622   0.11400   0.11177   0.10954   0.10732   0.10509   0.10286   0.10064   0.09841   0.09618   0.09395   0.09173   0.08950   0.08727   0.08505   0.08282   0.08059   0.07836   0.07614   0.07391   0.07168   0.06946   0.06723   0.06500
A50j-06   1.71942   1.70237   1.68531   1.66826   1.65121   1.63415   1.61710   1.60004   1.58299   1.56594   1.54888   1.53183   1.51477   1.49772   1.48066   1.46361   1.44656   1.42950   1.41245   1.39539   1.37834   1.36129   1.34423   1.32718   1.31012   1.29307   1.27602   1.25896   1.24191   1.22485   1.20780   1.19075   1.17369   1.15664   1.13958   1.12253   1.10548   1.08842   1.07137   1.05431   1.03726   1.02021
A50j-07   0.38815   0.38673   0.38531   0.38388   0.38246   0.38104   0.37962   0.37820   0.37678   0.37535   0.37393   0.37251   0.37109   0.36967   0.36825   0.36682   0.36540   0.36398   0.36256   0.36114   0.35972   0.35829   0.35687   0.35545   0.35403   0.35261   0.35119   0.34976   0.34834   0.34692   0.34550   0.34408   0.34266   0.34124   0.33981   0.33839   0.33697   0.33555   0.33413   0.33271   0.33128   0.32986
A50j-08   0.09637   0.09379   0.09122   0.08864   0.08607   0.08349   0.08092   0.07834   0.07576   0.07319   0.07061   0.06804   0.06546   0.06289   0.06031   0.05774   0.05516   0.05258   0.05001   0.04743   0.04486   0.04228   0.03971   0.03713   0.03455   0.03198   0.02940   0.02683   0.02425   0.02168   0.01910   0.01652   0.01395   0.01137   0.00880   0.00622   0.00365   0.00107   0.00000   0.00000   0.00000   0.00000
A50j-09   0.15255   0.14882   0.14508   0.14135   0.13761   0.13388   0.13014   0.12641   0.12267   0.11894   0.11520   0.11147   0.10773   0.10400   0.10026   0.09653   0.09279   0.08906   0.08532   0.08159   0.07785   0.07412   0.07038   0.06665   0.06291   0.05918   0.05544   0.05171   0.04797   0.04424   0.04050   0.03676   0.03303   0.02929   0.02556   0.02182   0.01809   0.01435   0.01062   0.00688   0.00315   0.00000
A50j-10   0.24770   0.24770   0.24770   0.24770   0.24770   0.24770   0.24770   0.24770   0.24770   0.24770   0.24770   0.24770   0.24770   0.24770   0.24770   0.24770   0.24770   0.24770   0.24770   0.24770   0.24770   0.24770   0.24770   0.24770   0.24770   0.24770   0.24770   0.24770   0.24770   0.24770   0.24770   0.24770   0.24770   0.24770   0.24770   0.24770   0.24770   0.24770   0.24770   0.24770   0.24770   0.24770
A50j-11   0.10243   0.10090   0.09938   0.09785   0.09632   0.09480   0.09327   0.09175   0.09023   0.08870   0.08718   0.08565   0.08413   0.08260   0.08108   0.07955   0.07803   0.07650   0.07498   0.07345   0.07193   0.07040   0.06888   0.06735   0.06583   0.06430   0.06277   0.06125   0.05973   0.05820   0.05668   0.05515   0.05362   0.05210   0.05058   0.04905   0.04752   0.04600   0.04448   0.04295   0.04143   0.03990
A50j-12   0.53230   0.53230   0.53230   0.53230   0.53230   0.53230   0.53230   0.53230   0.53230   0.53230   0.53230   0.53230   0.53230   0.53230   0.53230   0.53230   0.53230   0.53230   0.53230   0.53230   0.53230   0.53230   0.53230   0.53230   0.53230   0.53230   0.53230   0.53230   0.53230   0.53230   0.53230   0.53230   0.53230   0.53230   0.53230   0.53230   0.53230   0.53230   0.53230   0.53230   0.53230   0.53230
A50j-13   0.21816   0.21628   0.21440   0.21252   0.21064   0.20877   0.20689   0.20501   0.20313   0.20126   0.19938   0.19750   0.19562   0.19374   0.19187   0.18999   0.18811   0.18623   0.18436   0.18248   0.18060   0.17872   0.17684   0.17497   0.17309   0.17121   0.16933   0.16746   0.16558   0.16370   0.16182   0.15994   0.15807   0.15619   0.15431   0.15243   0.15056   0.14868   0.14680   0.14492   0.14304   0.14117
A50j-14   0.15102   0.14707   0.14311   0.13916   0.13521   0.13125   0.12730   0.12334   0.11939   0.11544   0.11148   0.10753   0.10357   0.09962   0.09566   0.09171   0.08776   0.08380   0.07985   0.07589   0.07194   0.06799   0.06403   0.06008   0.05612   0.05217   0.04822   0.04426   0.04031   0.03635   0.03240   0.02845   0.02449   0.02054   0.01658   0.01263   0.00868   0.00472   0.00077   0.00000   0.00000   0.00000
A50k-01   0.19866   0.19400   0.18934   0.18468   0.18002   0.17535   0.17069   0.16603   0.16137   0.15671   0.15204   0.14738   0.14272   0.13806   0.13339   0.12873   0.12407   0.11941   0.11475   0.11008   0.10542   0.10076   0.09610   0.09144   0.08677   0.08211   0.07745   0.07279   0.06812   0.06346   0.05880   0.05414   0.04948   0.04481   0.04015   0.03549   0.03083   0.02616   0.02150   0.01684   0.01218   0.00752
A50k-04   1.96548   1.94769   1.92990   1.91211   1.89432   1.87653   1.85874   1.84095   1.82316   1.80537   1.78758   1.76979   1.75201   1.73422   1.71643   1.69864   1.68085   1.66306   1.64527   1.62748   1.60969   1.59190   1.57411   1.55632   1.53854   1.52075   1.50296   1.48517   1.46738   1.44959   1.43180   1.41401   1.39622   1.37843   1.36064   1.34285   1.32506   1.30728   1.28949   1.27170   1.25391   1.23612
A50k-07   0.04873   0.04811   0.04748   0.04686   0.04623   0.04561   0.04498   0.04436   0.04374   0.04311   0.04249   0.04186   0.04124   0.04061   0.03999   0.03936   0.03874   0.03812   0.03749   0.03687   0.03624   0.03562   0.03499   0.03437   0.03375   0.03312   0.03250   0.03187   0.03125   0.03062   0.03000   0.02938   0.02875   0.02813   0.02750   0.02688   0.02625   0.02563   0.02501   0.02438   0.02376   0.02313
A51-06   0.05317   0.05183   0.05050   0.04917   0.04783   0.04650   0.04517   0.04383   0.04250   0.04117   0.03983   0.03850   0.03717   0.03583   0.03450   0.03317   0.03183   0.03050   0.02917   0.02783   0.02650   0.02517   0.02383   0.02250   0.02117   0.01983   0.01850   0.01717   0.01583   0.01450   0.01317   0.01183   0.01050   0.00917   0.00783   0.00650   0.00517   0.00383   0.00250   0.00117   0.00000   0.00000
A51c-01   0.10340   0.10130   0.09920   0.09710   0.09500   0.09290   0.09080   0.08870   0.08660   0.08450   0.08240   0.08030   0.07820   0.07610   0.07400   0.07190   0.06980   0.06770   0.06560   0.06350   0.06140   0.05930   0.05720   0.05510   0.05300   0.05090   0.04880   0.04670   0.04460   0.04250   0.04040   0.03830   0.03620   0.03410   0.03200   0.02990   0.02780   0.02570   0.02360   0.02150   0.01940   0.01730
A51c-02   2.33616   2.32766   2.31917   2.31068   2.30219   2.29370   2.28521   2.27671   2.26822   2.25973   2.25124   2.24275   2.23425   2.22576   2.21727   2.20878   2.20029   2.19179   2.18330   2.17481   2.16632   2.15783   2.14934   2.14084   2.13235   2.12386   2.11537   2.10688   2.09838   2.08989   2.08140   2.07291   2.06442   2.05592   2.04743   2.03894   2.03045   2.02196   2.01346   2.00497   1.99648   1.98799
A51c-03   0.06466   0.06390   0.06314   0.06238   0.06162   0.06085   0.06009   0.05933   0.05857   0.05781   0.05704   0.05628   0.05552   0.05476   0.05399   0.05323   0.05247   0.05171   0.05095   0.05018   0.04942   0.04866   0.04790   0.04714   0.04637   0.04561   0.04485   0.04409   0.04332   0.04256   0.04180   0.04104   0.04028   0.03951   0.03875   0.03799   0.03723   0.03646   0.03570   0.03494   0.03418   0.03342
A51c-05   0.77898   0.76472   0.75046   0.73621   0.72195   0.70769   0.69343   0.67917   0.66491   0.65065   0.63639   0.62213   0.60787   0.59361   0.57935   0.56509   0.55083   0.53657   0.52231   0.50805   0.49379   0.47954   0.46528   0.45102   0.43676   0.42250   0.40824   0.39398   0.37972   0.36546   0.35120   0.33694   0.32268   0.30842   0.29416   0.27990   0.26564   0.25138   0.23712   0.22286   0.20861   0.19435
A51c-06   0.06767   0.06734   0.06701   0.06668   0.06634   0.06601   0.06568   0.06535   0.06501   0.06468   0.06435   0.06402   0.06368   0.06335   0.06302   0.06269   0.06235   0.06202   0.06169   0.06136   0.06102   0.06069   0.06036   0.06003   0.05969   0.05936   0.05903   0.05870   0.05836   0.05803   0.05770   0.05737   0.05704   0.05670   0.05637   0.05604   0.05571   0.05537   0.05504   0.05471   0.05438   0.05404
A51c-07   0.03110   0.03045   0.02981   0.02917   0.02852   0.02788   0.02724   0.02659   0.02595   0.02531   0.02466   0.02402   0.02338   0.02274   0.02209   0.02145   0.02081   0.02016   0.01952   0.01888   0.01823   0.01759   0.01695   0.01630   0.01566   0.01502   0.01437   0.01373   0.01309   0.01244   0.01180   0.01116   0.01051   0.00987   0.00923   0.00858   0.00794   0.00730   0.00665   0.00601   0.00537   0.00472
A51c-08   0.05376   0.05331   0.05286   0.05241   0.05196   0.05152   0.05107   0.05062   0.05017   0.04972   0.04927   0.04882   0.04838   0.04793   0.04748   0.04703   0.04658   0.04613   0.04568   0.04524   0.04479   0.04434   0.04389   0.04344   0.04299   0.04254   0.04209   0.04165   0.04120   0.04075   0.04030   0.03985   0.03940   0.03895   0.03851   0.03806   0.03761   0.03716   0.03671   0.03626   0.03581   0.03536
A51c-09   0.19682   0.19431   0.19180   0.18929   0.18678   0.18427   0.18176   0.17925   0.17674   0.17423   0.17172   0.16921   0.16669   0.16418   0.16167   0.15916   0.15665   0.15414   0.15163   0.14912   0.14661   0.14410   0.14159   0.13908   0.13656   0.13405   0.13154   0.12903   0.12652   0.12401   0.12150   0.11899   0.11648   0.11397   0.11146   0.10895   0.10644   0.10392   0.10141   0.09890   0.09639   0.09388
A51c-10   0.07970   0.07970   0.07970   0.07970   0.07970   0.07970   0.07970   0.07970   0.07970   0.07970   0.07970   0.07970   0.07970   0.07970   0.07970   0.07970   0.07970   0.07970   0.07970   0.07970   0.07970   0.07970   0.07970   0.07970   0.07970   0.07970   0.07970   0.07970   0.07970   0.07970   0.07970   0.07970   0.07970   0.07970   0.07970   0.07970   0.07970   0.07970   0.07970   0.07970   0.07970   0.07970
A51c-11   0.05257   0.05195   0.05133   0.05071   0.05009   0.04947   0.04885   0.04824   0.04762   0.04700   0.04638   0.04576   0.04514   0.04452   0.04390   0.04328   0.04266   0.04205   0.04143   0.04081   0.04019   0.03957   0.03895   0.03833   0.03771   0.03709   0.03648   0.03586   0.03524   0.03462   0.03400   0.03338   0.03276   0.03214   0.03152   0.03091   0.03029   0.02967   0.02905   0.02843   0.02781   0.02719
A51d-03   0.21758   0.21562   0.21366   0.21171   0.20975   0.20779   0.20583   0.20387   0.20191   0.19995   0.19799   0.19603   0.19407   0.19211   0.19015   0.18819   0.18623   0.18427   0.18231   0.18035   0.17839   0.17644   0.17448   0.17252   0.17056   0.16860   0.16664   0.16468   0.16272   0.16076   0.15880   0.15684   0.15488   0.15292   0.15096   0.14900   0.14704   0.14508   0.14312   0.14116   0.13921   0.13725
A51d-04   0.84250   0.83660   0.83070   0.82480   0.81890   0.81300   0.80710   0.80120   0.79530   0.78940   0.78350   0.77760   0.77170   0.76580   0.75990   0.75400   0.74810   0.74220   0.73630   0.73040   0.72450   0.71860   0.71270   0.70680   0.70090   0.69500   0.68910   0.68320   0.67730   0.67140   0.66550   0.65960   0.65370   0.64780   0.64190   0.63600   0.63010   0.62420   0.61830   0.61240   0.60650   0.60060
A51d-05   0.20547   0.20419   0.20292   0.20164   0.20037   0.19909   0.19782   0.19654   0.19526   0.19399   0.19271   0.19144   0.19016   0.18889   0.18761   0.18634   0.18506   0.18378   0.18251   0.18123   0.17996   0.17868   0.17741   0.17613   0.17485   0.17358   0.17230   0.17103   0.16975   0.16848   0.16720   0.16592   0.16465   0.16337   0.16210   0.16082   0.15955   0.15827   0.15699   0.15572   0.15444   0.15317
A51d-06   1.06973   1.06121   1.05268   1.04416   1.03563   1.02711   1.01858   1.01006   1.00154   0.99301   0.98449   0.97596   0.96744   0.95891   0.95039   0.94186   0.93334   0.92482   0.91629   0.90777   0.89924   0.89072   0.88219   0.87367   0.86515   0.85662   0.84810   0.83957   0.83105   0.82252   0.81400   0.80548   0.79695   0.78843   0.77990   0.77138   0.76285   0.75433   0.74581   0.73728   0.72876   0.72023
A51d-07   0.95530   0.95025   0.94521   0.94017   0.93512   0.93008   0.92504   0.91999   0.91495   0.90991   0.90486   0.89982   0.89478   0.88974   0.88469   0.87965   0.87461   0.86956   0.86452   0.85948   0.85443   0.84939   0.84435   0.83930   0.83426   0.82922   0.82417   0.81913   0.81409   0.80904   0.80400   0.79896   0.79391   0.78887   0.78383   0.77878   0.77374   0.76870   0.76365   0.75861   0.75357   0.74852
A51d-08   0.34677   0.34505   0.34333   0.34161   0.33989   0.33817   0.33645   0.33474   0.33302   0.33130   0.32958   0.32786   0.32614   0.32442   0.32270   0.32098   0.31926   0.31755   0.31583   0.31411   0.31239   0.31067   0.30895   0.30723   0.30551   0.30379   0.30208   0.30036   0.29864   0.29692   0.29520   0.29348   0.29176   0.29004   0.28832   0.28661   0.28489   0.28317   0.28145   0.27973   0.27801   0.27629
A51d-10  13.55299  13.52226  13.49153  13.46080  13.43007  13.39934  13.36861  13.33788  13.30715  13.27642  13.24569  13.21496  13.18424  13.15351  13.12278  13.09205  13.06132  13.03059  12.99986  12.96913  12.93840  12.90767  12.87694  12.84621  12.81548  12.78475  12.75402  12.72329  12.69256  12.66183  12.63110  12.60037  12.56964  12.53891  12.50818  12.47745  12.44672  12.41599  12.38526  12.35453  12.32380  12.29307
A51d-11   0.08591   0.08568   0.08546   0.08523   0.08500   0.08478   0.08455   0.08432   0.08409   0.08387   0.08364   0.08341   0.08319   0.08296   0.08273   0.08251   0.08228   0.08205   0.08182   0.08160   0.08137   0.08114   0.08092   0.08069   0.08046   0.08024   0.08001   0.07978   0.07955   0.07933   0.07910   0.07887   0.07865   0.07842   0.07819   0.07796   0.07774   0.07751   0.07728   0.07706   0.07683   0.07660
A51d-13   0.28114   0.27738   0.27361   0.26985   0.26608   0.26232   0.25855   0.25479   0.25102   0.24726   0.24349   0.23973   0.23596   0.23220   0.22843   0.22467   0.22090   0.21714   0.21337   0.20961   0.20584   0.20208   0.19831   0.19455   0.19078   0.18702   0.18325   0.17949   0.17572   0.17196   0.16819   0.16443   0.16066   0.15690   0.15313   0.14937   0.14560   0.14183   0.13807   0.13430   0.13054   0.12677
A51d-14   0.79163   0.78204   0.77244   0.76285   0.75325   0.74366   0.73406   0.72447   0.71487   0.70527   0.69568   0.68608   0.67649   0.66689   0.65730   0.64770   0.63811   0.62851   0.61892   0.60932   0.59973   0.59013   0.58053   0.57094   0.56134   0.55175   0.54215   0.53256   0.52296   0.51337   0.50377   0.49418   0.48458   0.47499   0.46539   0.45580   0.44620   0.43660   0.42701   0.41741   0.40782   0.39822
A51d-15   2.88088   2.86172   2.84256   2.82340   2.80423   2.78507   2.76591   2.74675   2.72759   2.70843   2.68927   2.67011   2.65095   2.63179   2.61263   2.59347   2.57431   2.55515   2.53599   2.51683   2.49767   2.47851   2.45935   2.44019   2.42103   2.40187   2.38270   2.36354   2.34438   2.32522   2.30606   2.28690   2.26774   2.24858   2.22942   2.21026   2.19110   2.17194   2.15278   2.13362   2.11446   2.09530
A51d-16   0.21003   0.20797   0.20592   0.20387   0.20181   0.19976   0.19770   0.19565   0.19360   0.19154   0.18949   0.18744   0.18538   0.18333   0.18128   0.17922   0.17717   0.17512   0.17306   0.17101   0.16896   0.16690   0.16485   0.16280   0.16074   0.15869   0.15663   0.15458   0.15253   0.15047   0.14842   0.14637   0.14431   0.14226   0.14021   0.13815   0.13610   0.13405   0.13199   0.12994   0.12789   0.12583
A51d-18   0.51047   0.50965   0.50883   0.50801   0.50720   0.50638   0.50556   0.50474   0.50392   0.50310   0.50228   0.50147   0.50065   0.49983   0.49901   0.49819   0.49737   0.49655   0.49573   0.49492   0.49410   0.49328   0.49246   0.49164   0.49082   0.49000   0.48919   0.48837   0.48755   0.48673   0.48591   0.48509   0.48427   0.48346   0.48264   0.48182   0.48100   0.48018   0.47936   0.47854   0.47773   0.47691
A51d-19   0.12765   0.12687   0.12609   0.12531   0.12453   0.12375   0.12297   0.12219   0.12141   0.12063   0.11986   0.11908   0.11830   0.11752   0.11674   0.11596   0.11518   0.11440   0.11362   0.11284   0.11207   0.11129   0.11051   0.10973   0.10895   0.10817   0.10739   0.10661   0.10583   0.10505   0.10427   0.10350   0.10272   0.10194   0.10116   0.10038   0.09960   0.09882   0.09804   0.09726   0.09648   0.09570
A51d-20   0.05736   0.05671   0.05606   0.05541   0.05476   0.05411   0.05347   0.05282   0.05217   0.05152   0.05087   0.05022   0.04957   0.04892   0.04827   0.04763   0.04698   0.04633   0.04568   0.04503   0.04438   0.04373   0.04308   0.04243   0.04179   0.04114   0.04049   0.03984   0.03919   0.03854   0.03789   0.03724   0.03660   0.03595   0.03530   0.03465   0.03400   0.03335   0.03270   0.03205   0.03140   0.03076
A51d-21   0.21521   0.21345   0.21170   0.20994   0.20819   0.20643   0.20467   0.20292   0.20116   0.19941   0.19765   0.19590   0.19414   0.19238   0.19063   0.18887   0.18712   0.18536   0.18360   0.18185   0.18009   0.17834   0.17658   0.17483   0.17307   0.17131   0.16956   0.16780   0.16605   0.16429   0.16253   0.16078   0.15902   0.15727   0.15551   0.15376   0.15200   0.15024   0.14849   0.14673   0.14498   0.14322
A51d-22   0.11774   0.11599   0.11424   0.11249   0.11074   0.10898   0.10723   0.10548   0.10373   0.10198   0.10023   0.09848   0.09672   0.09497   0.09322   0.09147   0.08972   0.08797   0.08622   0.08446   0.08271   0.08096   0.07921   0.07746   0.07571   0.07396   0.07221   0.07045   0.06870   0.06695   0.06520   0.06345   0.06170   0.05995   0.05819   0.05644   0.05469   0.05294   0.05119   0.04944   0.04769   0.04594
A51d-23   0.12001   0.11858   0.11716   0.11573   0.11430   0.11288   0.11145   0.11002   0.10859   0.10717   0.10574   0.10431   0.10289   0.10146   0.10003   0.09861   0.09718   0.09575   0.09432   0.09290   0.09147   0.09004   0.08862   0.08719   0.08576   0.08434   0.08291   0.08148   0.08005   0.07863   0.07720   0.07577   0.07435   0.07292   0.07149   0.07006   0.06864   0.06721   0.06578   0.06436   0.06293   0.06150
A51d-24   0.15931   0.15528   0.15126   0.14723   0.14320   0.13918   0.13515   0.13112   0.12709   0.12307   0.11904   0.11501   0.11099   0.10696   0.10293   0.09891   0.09488   0.09085   0.08682   0.08280   0.07877   0.07474   0.07072   0.06669   0.06266   0.05864   0.05461   0.05058   0.04655   0.04253   0.03850   0.03447   0.03045   0.02642   0.02239   0.01836   0.01434   0.01031   0.00628   0.00226   0.00000   0.00000
A51d-25   0.07585   0.07507   0.07429   0.07352   0.07274   0.07196   0.07118   0.07040   0.06962   0.06885   0.06807   0.06729   0.06651   0.06573   0.06495   0.06418   0.06340   0.06262   0.06184   0.06106   0.06028   0.05951   0.05873   0.05795   0.05717   0.05639   0.05561   0.05484   0.05406   0.05328   0.05250   0.05172   0.05094   0.05016   0.04939   0.04861   0.04783   0.04705   0.04627   0.04549   0.04472   0.04394
A51d-26   0.02931   0.02913   0.02895   0.02876   0.02858   0.02839   0.02821   0.02803   0.02784   0.02766   0.02748   0.02729   0.02711   0.02692   0.02674   0.02656   0.02637   0.02619   0.02601   0.02582   0.02564   0.02545   0.02527   0.02509   0.02490   0.02472   0.02454   0.02435   0.02417   0.02398   0.02380   0.02362   0.02343   0.02325   0.02306   0.02288   0.02270   0.02251   0.02233   0.02215   0.02196   0.02178
A51d-27   0.06281   0.06178   0.06076   0.05973   0.05870   0.05768   0.05665   0.05562   0.05459   0.05357   0.05254   0.05151   0.05049   0.04946   0.04843   0.04741   0.04638   0.04535   0.04432   0.04330   0.04227   0.04124   0.04022   0.03919   0.03816   0.03714   0.03611   0.03508   0.03405   0.03303   0.03200   0.03097   0.02995   0.02892   0.02789   0.02686   0.02584   0.02481   0.02378   0.02276   0.02173   0.02070
A51d-28   0.02486   0.02440   0.02394   0.02348   0.02302   0.02255   0.02209   0.02163   0.02117   0.02071   0.02024   0.01978   0.01932   0.01886   0.01839   0.01793   0.01747   0.01701   0.01655   0.01608   0.01562   0.01516   0.01470   0.01424   0.01377   0.01331   0.01285   0.01239   0.01192   0.01146   0.01100   0.01054   0.01008   0.00961   0.00915   0.00869   0.00823   0.00776   0.00730   0.00684   0.00638   0.00592
A51d-29   0.12099   0.11845   0.11590   0.11336   0.11081   0.10827   0.10573   0.10318   0.10064   0.09809   0.09555   0.09300   0.09046   0.08792   0.08537   0.08283   0.08028   0.07774   0.07520   0.07265   0.07011   0.06756   0.06502   0.06247   0.05993   0.05739   0.05484   0.05230   0.04975   0.04721   0.04467   0.04212   0.03958   0.03703   0.03449   0.03194   0.02940   0.02686   0.02431   0.02177   0.01922   0.01668
A51d-32   0.05482   0.05381   0.05280   0.05178   0.05077   0.04976   0.04875   0.04774   0.04673   0.04571   0.04470   0.04369   0.04268   0.04167   0.04066   0.03964   0.03863   0.03762   0.03661   0.03560   0.03459   0.03357   0.03256   0.03155   0.03054   0.02953   0.02852   0.02750   0.02649   0.02548   0.02447   0.02346   0.02245   0.02143   0.02042   0.01941   0.01840   0.01739   0.01638   0.01537   0.01435   0.01334
A51d-34   0.05376   0.05260   0.05143   0.05027   0.04911   0.04795   0.04678   0.04562   0.04446   0.04330   0.04213   0.04097   0.03981   0.03864   0.03748   0.03632   0.03516   0.03399   0.03283   0.03167   0.03050   0.02934   0.02818   0.02702   0.02585   0.02469   0.02353   0.02237   0.02120   0.02004   0.01888   0.01771   0.01655   0.01539   0.01423   0.01306   0.01190   0.01074   0.00957   0.00841   0.00725   0.00609
A51d-35   0.05817   0.05764   0.05711   0.05657   0.05604   0.05551   0.05498   0.05444   0.05391   0.05338   0.05285   0.05231   0.05178   0.05125   0.05072   0.05018   0.04965   0.04912   0.04859   0.04805   0.04752   0.04699   0.04646   0.04592   0.04539   0.04486   0.04433   0.04379   0.04326   0.04273   0.04220   0.04166   0.04113   0.04060   0.04007   0.03953   0.03900   0.03847   0.03793   0.03740   0.03687   0.03634
A51d-36   0.05557   0.05466   0.05376   0.05285   0.05195   0.05104   0.05014   0.04923   0.04833   0.04743   0.04652   0.04562   0.04471   0.04381   0.04290   0.04200   0.04109   0.04019   0.03928   0.03838   0.03747   0.03657   0.03567   0.03476   0.03386   0.03295   0.03205   0.03114   0.03024   0.02933   0.02843   0.02752   0.02662   0.02571   0.02481   0.02390   0.02300   0.02210   0.02119   0.02029   0.01938   0.01848
A51d-41   0.05791   0.05654   0.05517   0.05380   0.05243   0.05106   0.04969   0.04832   0.04695   0.04558   0.04421   0.04284   0.04146   0.04009   0.03872   0.03735   0.03598   0.03461   0.03324   0.03187   0.03050   0.02913   0.02776   0.02639   0.02502   0.02365   0.02228   0.02091   0.01954   0.01817   0.01680   0.01543   0.01406   0.01269   0.01132   0.00995   0.00858   0.00721   0.00584   0.00447   0.00310   0.00173
A51e-05   0.18379   0.18085   0.17790   0.17496   0.17201   0.16907   0.16613   0.16318   0.16024   0.15729   0.15435   0.15140   0.14846   0.14552   0.14257   0.13963   0.13668   0.13374   0.13080   0.12785   0.12491   0.12196   0.11902   0.11607   0.11313   0.11019   0.10724   0.10430   0.10135   0.09841   0.09547   0.09252   0.08958   0.08663   0.08369   0.08074   0.07780   0.07486   0.07191   0.06897   0.06602   0.06308
A51e-06   0.48093   0.47384   0.46674   0.45965   0.45255   0.44546   0.43836   0.43127   0.42417   0.41707   0.40998   0.40288   0.39579   0.38869   0.38160   0.37450   0.36741   0.36031   0.35322   0.34612   0.33903   0.33193   0.32483   0.31774   0.31064   0.30355   0.29645   0.28936   0.28226   0.27517   0.26807   0.26098   0.25388   0.24679   0.23969   0.23260   0.22550   0.21840   0.21131   0.20421   0.19712   0.19002
A51e-08   0.16077   0.15766   0.15456   0.15145   0.14835   0.14524   0.14214   0.13903   0.13593   0.13283   0.12972   0.12662   0.12351   0.12041   0.11730   0.11420   0.11109   0.10799   0.10488   0.10178   0.09867   0.09557   0.09247   0.08936   0.08626   0.08315   0.08005   0.07694   0.07384   0.07073   0.06763   0.06452   0.06142   0.05831   0.05521   0.05210   0.04900   0.04590   0.04279   0.03969   0.03658   0.03348
A51e-10   0.25468   0.25142   0.24816   0.24490   0.24163   0.23837   0.23511   0.23185   0.22859   0.22533   0.22207   0.21881   0.21555   0.21229   0.20903   0.20577   0.20251   0.19925   0.19599   0.19273   0.18947   0.18621   0.18295   0.17969   0.17643   0.17317   0.16990   0.16664   0.16338   0.16012   0.15686   0.15360   0.15034   0.14708   0.14382   0.14056   0.13730   0.13404   0.13078   0.12752   0.12426   0.12100
A51e-12   0.39944   0.39391   0.38839   0.38287   0.37734   0.37182   0.36630   0.36077   0.35525   0.34973   0.34420   0.33868   0.33316   0.32763   0.32211   0.31659   0.31107   0.30554   0.30002   0.29450   0.28897   0.28345   0.27793   0.27240   0.26688   0.26136   0.25583   0.25031   0.24479   0.23926   0.23374   0.22822   0.22269   0.21717   0.21165   0.20612   0.20060   0.19508   0.18955   0.18403   0.17851   0.17298
A51e-13   0.06266   0.06189   0.06111   0.06033   0.05956   0.05878   0.05800   0.05723   0.05645   0.05567   0.05490   0.05412   0.05334   0.05257   0.05179   0.05101   0.05023   0.04946   0.04868   0.04790   0.04713   0.04635   0.04557   0.04480   0.04402   0.04324   0.04247   0.04169   0.04091   0.04014   0.03936   0.03858   0.03781   0.03703   0.03625   0.03548   0.03470   0.03392   0.03315   0.03237   0.03159   0.03082
A51e-16   0.18593   0.18052   0.17511   0.16970   0.16429   0.15888   0.15347   0.14806   0.14265   0.13724   0.13183   0.12642   0.12101   0.11559   0.11018   0.10477   0.09936   0.09395   0.08854   0.08313   0.07772   0.07231   0.06690   0.06149   0.05608   0.05067   0.04526   0.03985   0.03444   0.02903   0.02362   0.01821   0.01280   0.00739   0.00198   0.00000   0.00000   0.00000   0.00000   0.00000   0.00000   0.00000
A51e-20   1.22307   1.20761   1.19215   1.17668   1.16122   1.14576   1.13030   1.11484   1.09938   1.08392   1.06845   1.05299   1.03753   1.02207   1.00661   0.99115   0.97568   0.96022   0.94476   0.92930   0.91384   0.89838   0.88292   0.86745   0.85199   0.83653   0.82107   0.80561   0.79015   0.77468   0.75922   0.74376   0.72830   0.71284   0.69738   0.68192   0.66645   0.65099   0.63553   0.62007   0.60461   0.58915
A51e-22   0.20191   0.19905   0.19619   0.19334   0.19048   0.18762   0.18477   0.18191   0.17905   0.17620   0.17334   0.17048   0.16763   0.16477   0.16192   0.15906   0.15620   0.15335   0.15049   0.14763   0.14478   0.14192   0.13906   0.13621   0.13335   0.13049   0.12764   0.12478   0.12193   0.11907   0.11621   0.11336   0.11050   0.10764   0.10479   0.10193   0.09907   0.09622   0.09336   0.09051   0.08765   0.08479
A51e-23   1.09277   1.08343   1.07410   1.06477   1.05543   1.04610   1.03677   1.02743   1.01810   1.00877   0.99943   0.99010   0.98077   0.97143   0.96210   0.95277   0.94343   0.93410   0.92477   0.91543   0.90610   0.89677   0.88743   0.87810   0.86877   0.85943   0.85010   0.84077   0.83143   0.82210   0.81277   0.80343   0.79410   0.78477   0.77543   0.76610   0.75677   0.74743   0.73810   0.72877   0.71943   0.71010
A51e-24   0.10276   0.10181   0.10086   0.09991   0.09896   0.09802   0.09707   0.09612   0.09517   0.09422   0.09327   0.09232   0.09137   0.09043   0.08948   0.08853   0.08758   0.08663   0.08568   0.08473   0.08378   0.08284   0.08189   0.08094   0.07999   0.07904   0.07809   0.07714   0.07619   0.07525   0.07430   0.07335   0.07240   0.07145   0.07050   0.06955   0.06861   0.06766   0.06671   0.06576   0.06481   0.06386
A51e-25   0.17479   0.17190   0.16902   0.16613   0.16324   0.16035   0.15747   0.15458   0.15169   0.14881   0.14592   0.14303   0.14014   0.13726   0.13437   0.13148   0.12859   0.12571   0.12282   0.11993   0.11705   0.11416   0.11127   0.10838   0.10550   0.10261   0.09972   0.09684   0.09395   0.09106   0.08817   0.08529   0.08240   0.07951   0.07663   0.07374   0.07085   0.06796   0.06508   0.06219   0.05930   0.05642
A51e-27   0.17590   0.17317   0.17045   0.16772   0.16499   0.16226   0.15953   0.15681   0.15408   0.15135   0.14862   0.14589   0.14316   0.14044   0.13771   0.13498   0.13225   0.12952   0.12679   0.12407   0.12134   0.11861   0.11588   0.11315   0.11043   0.10770   0.10497   0.10224   0.09951   0.09678   0.09406   0.09133   0.08860   0.08587   0.08314   0.08042   0.07769   0.07496   0.07223   0.06950   0.06677   0.06405
A51e-34   0.02893   0.02843   0.02792   0.02741   0.02690   0.02639   0.02588   0.02537   0.02486   0.02435   0.02384   0.02333   0.02282   0.02231   0.02180   0.02130   0.02079   0.02028   0.01977   0.01926   0.01875   0.01824   0.01773   0.01722   0.01671   0.01620   0.01569   0.01518   0.01467   0.01417   0.01366   0.01315   0.01264   0.01213   0.01162   0.01111   0.01060   0.01009   0.00958   0.00907   0.00856   0.00805
A51e-35   1.20020   1.19399   1.18777   1.18156   1.17535   1.16913   1.16292   1.15670   1.15049   1.14428   1.13806   1.13185   1.12563   1.11942   1.11321   1.10699   1.10078   1.09457   1.08835   1.08214   1.07592   1.06971   1.06350   1.05728   1.05107   1.04485   1.03864   1.03243   1.02621   1.02000   1.01378   1.00757   1.00136   0.99514   0.98893   0.98271   0.97650   0.97029   0.96407   0.95786   0.95164   0.94543
A51e-37   3.03066   3.00682   2.98299   2.95915   2.93532   2.91148   2.88765   2.86381   2.83998   2.81614   2.79231   2.76847   2.74464   2.72080   2.69697   2.67313   2.64930   2.62546   2.60163   2.57779   2.55396   2.53012   2.50629   2.48245   2.45862   2.43478   2.41095   2.38711   2.36328   2.33944   2.31561   2.29177   2.26794   2.24410   2.22027   2.19643   2.17260   2.14877   2.12493   2.10110   2.07726   2.05343
A51e-38   0.06829   0.06697   0.06565   0.06434   0.06302   0.06170   0.06039   0.05907   0.05776   0.05644   0.05512   0.05381   0.05249   0.05117   0.04986   0.04854   0.04723   0.04591   0.04459   0.04328   0.04196   0.04064   0.03933   0.03801   0.03670   0.03538   0.03406   0.03275   0.03143   0.03011   0.02880   0.02748   0.02617   0.02485   0.02353   0.02222   0.02090   0.01958   0.01827   0.01695   0.01563   0.01432
A51e-39   0.15987   0.15744   0.15501   0.15257   0.15014   0.14771   0.14528   0.14284   0.14041   0.13798   0.13555   0.13311   0.13068   0.12825   0.12582   0.12338   0.12095   0.11852   0.11609   0.11365   0.11122   0.10879   0.10636   0.10392   0.10149   0.09906   0.09663   0.09419   0.09176   0.08933   0.08690   0.08446   0.08203   0.07960   0.07717   0.07473   0.07230   0.06987   0.06743   0.06500   0.06257   0.06014
A51e-42   0.05940   0.05869   0.05797   0.05726   0.05655   0.05583   0.05512   0.05440   0.05369   0.05298   0.05226   0.05155   0.05083   0.05012   0.04941   0.04869   0.04798   0.04727   0.04655   0.04584   0.04512   0.04441   0.04370   0.04298   0.04227   0.04155   0.04084   0.04013   0.03941   0.03870   0.03798   0.03727   0.03656   0.03584   0.03513   0.03441   0.03370   0.03299   0.03227   0.03156   0.03084   0.03013
A51e-47   0.03913   0.03883   0.03852   0.03821   0.03790   0.03759   0.03728   0.03697   0.03666   0.03635   0.03604   0.03573   0.03542   0.03511   0.03480   0.03450   0.03419   0.03388   0.03357   0.03326   0.03295   0.03264   0.03233   0.03202   0.03171   0.03140   0.03109   0.03078   0.03047   0.03017   0.02986   0.02955   0.02924   0.02893   0.02862   0.02831   0.02800   0.02769   0.02738   0.02707   0.02676   0.02645
A51e-48   0.03019   0.02967   0.02915   0.02864   0.02812   0.02760   0.02709   0.02657   0.02606   0.02554   0.02502   0.02451   0.02399   0.02347   0.02296   0.02244   0.02193   0.02141   0.02089   0.02038   0.01986   0.01934   0.01883   0.01831   0.01780   0.01728   0.01676   0.01625   0.01573   0.01521   0.01470   0.01418   0.01367   0.01315   0.01263   0.01212   0.01160   0.01108   0.01057   0.01005   0.00953   0.00902
A51e-53   0.06083   0.05952   0.05821   0.05690   0.05559   0.05428   0.05297   0.05166   0.05035   0.04904   0.04773   0.04642   0.04511   0.04379   0.04248   0.04117   0.03986   0.03855   0.03724   0.03593   0.03462   0.03331   0.03200   0.03069   0.02938   0.02807   0.02676   0.02545   0.02414   0.02283   0.02152   0.02021   0.01890   0.01759   0.01628   0.01497   0.01366   0.01235   0.01104   0.00973   0.00842   0.00711
A51e-62   0.20507   0.20044   0.19581   0.19117   0.18654   0.18191   0.17728   0.17264   0.16801   0.16338   0.15875   0.15411   0.14948   0.14485   0.14022   0.13558   0.13095   0.12632   0.12169   0.11705   0.11242   0.10779   0.10316   0.09852   0.09389   0.08926   0.08463   0.07999   0.07536   0.07073   0.06610   0.06146   0.05683   0.05220   0.04757   0.04293   0.03830   0.03367   0.02903   0.02440   0.01977   0.01514
A51e-77   0.06061   0.05927   0.05793   0.05659   0.05525   0.05391   0.05257   0.05123   0.04988   0.04854   0.04720   0.04586   0.04452   0.04318   0.04184   0.04050   0.03916   0.03782   0.03647   0.03513   0.03379   0.03245   0.03111   0.02977   0.02843   0.02709   0.02575   0.02441   0.02306   0.02172   0.02038   0.01904   0.01770   0.01636   0.01502   0.01368   0.01234   0.01099   0.00965   0.00831   0.00697   0.00563
A51f-02   0.07237   0.07127   0.07018   0.06909   0.06800   0.06691   0.06582   0.06473   0.06364   0.06255   0.06146   0.06037   0.05928   0.05819   0.05710   0.05600   0.05491   0.05382   0.05273   0.05164   0.05055   0.04946   0.04837   0.04728   0.04619   0.04510   0.04401   0.04292   0.04183   0.04073   0.03964   0.03855   0.03746   0.03637   0.03528   0.03419   0.03310   0.03201   0.03092   0.02983   0.02874   0.02765
A51f-03   0.23574   0.23379   0.23184   0.22989   0.22794   0.22599   0.22403   0.22208   0.22013   0.21818   0.21623   0.21428   0.21233   0.21038   0.20843   0.20647   0.20452   0.20257   0.20062   0.19867   0.19672   0.19477   0.19282   0.19087   0.18891   0.18696   0.18501   0.18306   0.18111   0.17916   0.17721   0.17526   0.17330   0.17135   0.16940   0.16745   0.16550   0.16355   0.16160   0.15965   0.15770   0.15574
A51f-04   0.20141   0.20037   0.19932   0.19828   0.19724   0.19620   0.19516   0.19411   0.19307   0.19203   0.19099   0.18995   0.18890   0.18786   0.18682   0.18578   0.18474   0.18370   0.18265   0.18161   0.18057   0.17953   0.17849   0.17744   0.17640   0.17536   0.17432   0.17328   0.17223   0.17119   0.17015   0.16911   0.16807   0.16703   0.16598   0.16494   0.16390   0.16286   0.16182   0.16077   0.15973   0.15869
A51f-08   0.16039   0.15803   0.15568   0.15332   0.15096   0.14860   0.14624   0.14389   0.14153   0.13917   0.13681   0.13445   0.13210   0.12974   0.12738   0.12502   0.12266   0.12030   0.11795   0.11559   0.11323   0.11087   0.10851   0.10616   0.10380   0.10144   0.09908   0.09672   0.09437   0.09201   0.08965   0.08729   0.08493   0.08257   0.08022   0.07786   0.07550   0.07314   0.07078   0.06843   0.06607   0.06371
A51f-10   4.93077   4.89865   4.86653   4.83441   4.80230   4.77018   4.73806   4.70594   4.67382   4.64170   4.60958   4.57747   4.54535   4.51323   4.48111   4.44899   4.41687   4.38475   4.35263   4.32052   4.28840   4.25628   4.22416   4.19204   4.15992   4.12780   4.09569   4.06357   4.03145   3.99933   3.96721   3.93509   3.90297   3.87086   3.83874   3.80662   3.77450   3.74238   3.71026   3.67814   3.64603   3.61391
A51f-11   1.14492   1.13750   1.13007   1.12264   1.11522   1.10779   1.10037   1.09294   1.08552   1.07809   1.07067   1.06324   1.05581   1.04839   1.04096   1.03354   1.02611   1.01869   1.01126   1.00383   0.99641   0.98898   0.98156   0.97413   0.96671   0.95928   0.95186   0.94443   0.93700   0.92958   0.92215   0.91473   0.90730   0.89988   0.89245   0.88503   0.87760   0.87017   0.86275   0.85532   0.84790   0.84047
A51f-12   0.23700   0.23522   0.23345   0.23168   0.22991   0.22813   0.22636   0.22459   0.22282   0.22105   0.21927   0.21750   0.21573   0.21396   0.21219   0.21041   0.20864   0.20687   0.20510   0.20333   0.20155   0.19978   0.19801   0.19624   0.19447   0.19269   0.19092   0.18915   0.18738   0.18560   0.18383   0.18206   0.18029   0.17852   0.17674   0.17497   0.17320   0.17143   0.16966   0.16788   0.16611   0.16434
A51f-13   1.16877   1.16234   1.15591   1.14947   1.14304   1.13661   1.13018   1.12374   1.11731   1.11088   1.10445   1.09801   1.09158   1.08515   1.07872   1.07228   1.06585   1.05942   1.05299   1.04655   1.04012   1.03369   1.02726   1.02082   1.01439   1.00796   1.00153   0.99509   0.98866   0.98223   0.97580   0.96936   0.96293   0.95650   0.95007   0.94363   0.93720   0.93077   0.92433   0.91790   0.91147   0.90504
A51f-14   0.10857   0.10694   0.10531   0.10367   0.10204   0.10041   0.09878   0.09714   0.09551   0.09388   0.09225   0.09061   0.08898   0.08735   0.08572   0.08408   0.08245   0.08082   0.07919   0.07755   0.07592   0.07429   0.07266   0.07102   0.06939   0.06776   0.06613   0.06449   0.06286   0.06123   0.05960   0.05796   0.05633   0.05470   0.05307   0.05143   0.04980   0.04817   0.04653   0.04490   0.04327   0.04164
A51f-15   1.99955   1.99297   1.98639   1.97981   1.97323   1.96665   1.96007   1.95349   1.94691   1.94033   1.93376   1.92718   1.92060   1.91402   1.90744   1.90086   1.89428   1.88770   1.88112   1.87454   1.86797   1.86139   1.85481   1.84823   1.84165   1.83507   1.82849   1.82191   1.81533   1.80875   1.80217   1.79560   1.78902   1.78244   1.77586   1.76928   1.76270   1.75612   1.74954   1.74296   1.73638   1.72980
A51f-16   0.44576   0.44329   0.44081   0.43833   0.43586   0.43338   0.43090   0.42843   0.42595   0.42347   0.42100   0.41852   0.41604   0.41357   0.41109   0.40861   0.40613   0.40366   0.40118   0.39870   0.39623   0.39375   0.39127   0.38880   0.38632   0.38384   0.38137   0.37889   0.37641   0.37394   0.37146   0.36898   0.36651   0.36403   0.36155   0.35908   0.35660   0.35412   0.35165   0.34917   0.34669   0.34422
A51f-18   0.09509   0.09447   0.09385   0.09324   0.09262   0.09200   0.09139   0.09077   0.09016   0.08954   0.08892   0.08831   0.08769   0.08707   0.08646   0.08584   0.08523   0.08461   0.08399   0.08338   0.08276   0.08214   0.08153   0.08091   0.08030   0.07968   0.07906   0.07845   0.07783   0.07721   0.07660   0.07598   0.07537   0.07475   0.07413   0.07352   0.07290   0.07228   0.07167   0.07105   0.07043   0.06982
A51f-19   0.84082   0.83781   0.83480   0.83178   0.82877   0.82576   0.82275   0.81974   0.81673   0.81371   0.81070   0.80769   0.80468   0.80167   0.79866   0.79564   0.79263   0.78962   0.78661   0.78360   0.78059   0.77757   0.77456   0.77155   0.76854   0.76553   0.76252   0.75950   0.75649   0.75348   0.75047   0.74746   0.74445   0.74143   0.73842   0.73541   0.73240   0.72939   0.72638   0.72337   0.72035   0.71734
A51f-20   0.30944   0.30730   0.30517   0.30303   0.30089   0.29875   0.29662   0.29448   0.29234   0.29020   0.28807   0.28593   0.28379   0.28166   0.27952   0.27738   0.27524   0.27311   0.27097   0.26883   0.26670   0.26456   0.26242   0.26028   0.25815   0.25601   0.25387   0.25173   0.24960   0.24746   0.24532   0.24319   0.24105   0.23891   0.23677   0.23464   0.23250   0.23036   0.22823   0.22609   0.22395   0.22181
A51f-22   0.23403   0.23157   0.22912   0.22667   0.22421   0.22176   0.21930   0.21685   0.21440   0.21194   0.20949   0.20704   0.20458   0.20213   0.19968   0.19722   0.19477   0.19232   0.18986   0.18741   0.18496   0.18250   0.18005   0.17760   0.17514   0.17269   0.17023   0.16778   0.16533   0.16287   0.16042   0.15797   0.15551   0.15306   0.15061   0.14815   0.14570   0.14325   0.14079   0.13834   0.13589   0.13343
A51f-23   2.95750   2.93849   2.91947   2.90046   2.88145   2.86243   2.84342   2.82440   2.80539   2.78638   2.76736   2.74835   2.72933   2.71032   2.69131   2.67229   2.65328   2.63427   2.61525   2.59624   2.57722   2.55821   2.53920   2.52018   2.50117   2.48215   2.46314   2.44413   2.42511   2.40610   2.38708   2.36807   2.34906   2.33004   2.31103   2.29201   2.27300   2.25399   2.23497   2.21596   2.19694   2.17793
A51f-24   1.65499   1.64757   1.64015   1.63274   1.62532   1.61790   1.61049   1.60307   1.59566   1.58824   1.58082   1.57341   1.56599   1.55857   1.55116   1.54374   1.53633   1.52891   1.52149   1.51408   1.50666   1.49924   1.49183   1.48441   1.47700   1.46958   1.46216   1.45475   1.44733   1.43991   1.43250   1.42508   1.41767   1.41025   1.40283   1.39542   1.38800   1.38058   1.37317   1.36575   1.35833   1.35092
A51f-26   0.28405   0.28177   0.27949   0.27721   0.27493   0.27265   0.27037   0.26809   0.26581   0.26353   0.26126   0.25898   0.25670   0.25442   0.25214   0.24986   0.24758   0.24530   0.24302   0.24074   0.23847   0.23619   0.23391   0.23163   0.22935   0.22707   0.22479   0.22251   0.22023   0.21795   0.21567   0.21340   0.21112   0.20884   0.20656   0.20428   0.20200   0.19972   0.19744   0.19516   0.19288   0.19060
A51f-27   0.04679   0.04661   0.04642   0.04624   0.04605   0.04586   0.04568   0.04549   0.04530   0.04512   0.04493   0.04474   0.04456   0.04437   0.04418   0.04400   0.04381   0.04362   0.04344   0.04325   0.04306   0.04288   0.04269   0.04251   0.04232   0.04213   0.04195   0.04176   0.04157   0.04139   0.04120   0.04101   0.04083   0.04064   0.04045   0.04027   0.04008   0.03989   0.03971   0.03952   0.03934   0.03915
A51f-28   0.08316   0.08191   0.08066   0.07941   0.07816   0.07691   0.07567   0.07442   0.07317   0.07192   0.07067   0.06942   0.06817   0.06692   0.06567   0.06443   0.06318   0.06193   0.06068   0.05943   0.05818   0.05693   0.05568   0.05443   0.05319   0.05194   0.05069   0.04944   0.04819   0.04694   0.04569   0.04444   0.04320   0.04195   0.04070   0.03945   0.03820   0.03695   0.03570   0.03445   0.03320   0.03196
A51f-29   0.24029   0.23756   0.23483   0.23210   0.22937   0.22664   0.22391   0.22118   0.21845   0.21572   0.21299   0.21026   0.20753   0.20480   0.20207   0.19933   0.19660   0.19387   0.19114   0.18841   0.18568   0.18295   0.18022   0.17749   0.17476   0.17203   0.16930   0.16657   0.16384   0.16111   0.15838   0.15565   0.15292   0.15019   0.14746   0.14473   0.14200   0.13927   0.13654   0.13381   0.13108   0.12835
A51f-32   1.59596   1.57940   1.56283   1.54627   1.52971   1.51315   1.49658   1.48002   1.46346   1.44690   1.43033   1.41377   1.39721   1.38064   1.36408   1.34752   1.33096   1.31439   1.29783   1.28127   1.26470   1.24814   1.23158   1.21502   1.19845   1.18189   1.16533   1.14877   1.13220   1.11564   1.09908   1.08251   1.06595   1.04939   1.03283   1.01626   0.99970   0.98314   0.96657   0.95001   0.93345   0.91689
A51f-34   1.81017   1.80215   1.79413   1.78611   1.77810   1.77008   1.76206   1.75404   1.74602   1.73800   1.72998   1.72197   1.71395   1.70593   1.69791   1.68989   1.68187   1.67385   1.66583   1.65782   1.64980   1.64178   1.63376   1.62574   1.61772   1.60970   1.60169   1.59367   1.58565   1.57763   1.56961   1.56159   1.55357   1.54556   1.53754   1.52952   1.52150   1.51348   1.50546   1.49744   1.48943   1.48141
A51f-35   0.31320   0.31080   0.30840   0.30600   0.30360   0.30120   0.29880   0.29640   0.29400   0.29160   0.28920   0.28680   0.28440   0.28200   0.27960   0.27720   0.27480   0.27240   0.27000   0.26760   0.26520   0.26280   0.26040   0.25800   0.25560   0.25320   0.25080   0.24840   0.24600   0.24360   0.24120   0.23880   0.23640   0.23400   0.23160   0.22920   0.22680   0.22440   0.22200   0.21960   0.21720   0.21480
A51f-36   0.09272   0.09248   0.09224   0.09200   0.09177   0.09153   0.09129   0.09105   0.09081   0.09057   0.09033   0.09009   0.08985   0.08961   0.08937   0.08913   0.08889   0.08865   0.08841   0.08817   0.08793   0.08769   0.08745   0.08721   0.08697   0.08673   0.08650   0.08626   0.08602   0.08578   0.08554   0.08530   0.08506   0.08482   0.08458   0.08434   0.08410   0.08386   0.08362   0.08338   0.08314   0.08290
A51f-37   0.19009   0.18563   0.18118   0.17672   0.17226   0.16780   0.16334   0.15889   0.15443   0.14997   0.14551   0.14105   0.13660   0.13214   0.12768   0.12322   0.11876   0.11430   0.10985   0.10539   0.10093   0.09647   0.09201   0.08756   0.08310   0.07864   0.07418   0.06972   0.06527   0.06081   0.05635   0.05189   0.04743   0.04297   0.03852   0.03406   0.02960   0.02514   0.02068   0.01623   0.01177   0.00731
A51f-38   0.56077   0.55936   0.55796   0.55655   0.55515   0.55374   0.55234   0.55093   0.54953   0.54813   0.54672   0.54532   0.54391   0.54251   0.54110   0.53970   0.53829   0.53689   0.53548   0.53408   0.53267   0.53127   0.52987   0.52846   0.52706   0.52565   0.52425   0.52284   0.52144   0.52003   0.51863   0.51722   0.51582   0.51441   0.51301   0.51160   0.51020   0.50880   0.50739   0.50599   0.50458   0.50318
A51f-40   0.40328   0.40080   0.39833   0.39586   0.39338   0.39091   0.38843   0.38596   0.38348   0.38101   0.37853   0.37606   0.37359   0.37111   0.36864   0.36616   0.36369   0.36121   0.35874   0.35627   0.35379   0.35132   0.34884   0.34637   0.34389   0.34142   0.33894   0.33647   0.33400   0.33152   0.32905   0.32657   0.32410   0.32162   0.31915   0.31667   0.31420   0.31173   0.30925   0.30678   0.30430   0.30183
A51f-42   0.16423   0.16154   0.15884   0.15615   0.15345   0.15076   0.14806   0.14537   0.14267   0.13997   0.13728   0.13458   0.13189   0.12919   0.12650   0.12380   0.12111   0.11841   0.11572   0.11302   0.11033   0.10763   0.10493   0.10224   0.09954   0.09685   0.09415   0.09146   0.08876   0.08607   0.08337   0.08068   0.07798   0.07529   0.07259   0.06990   0.06720   0.06450   0.06181   0.05911   0.05642   0.05372
A51f-43   0.31901   0.31763   0.31625   0.31486   0.31348   0.31210   0.31071   0.30933   0.30794   0.30656   0.30518   0.30379   0.30241   0.30103   0.29964   0.29826   0.29687   0.29549   0.29411   0.29272   0.29134   0.28996   0.28857   0.28719   0.28580   0.28442   0.28304   0.28165   0.28027   0.27889   0.27750   0.27612   0.27473   0.27335   0.27197   0.27058   0.26920   0.26782   0.26643   0.26505   0.26367   0.26228
A51f-44   0.18344   0.18268   0.18191   0.18115   0.18038   0.17962   0.17885   0.17809   0.17732   0.17656   0.17579   0.17503   0.17426   0.17350   0.17273   0.17197   0.17120   0.17044   0.16967   0.16891   0.16814   0.16738   0.16661   0.16585   0.16508   0.16432   0.16355   0.16279   0.16202   0.16126   0.16049   0.15973   0.15896   0.15820   0.15743   0.15667   0.15590   0.15513   0.15437   0.15360   0.15284   0.15207
A51f-45   0.19069   0.18847   0.18625   0.18404   0.18182   0.17960   0.17739   0.17517   0.17296   0.17074   0.16852   0.16631   0.16409   0.16187   0.15966   0.15744   0.15523   0.15301   0.15079   0.14858   0.14636   0.14414   0.14193   0.13971   0.13750   0.13528   0.13306   0.13085   0.12863   0.12641   0.12420   0.12198   0.11977   0.11755   0.11533   0.11312   0.11090   0.10868   0.10647   0.10425   0.10203   0.09982
A51f-46   0.46916   0.46671   0.46426   0.46181   0.45936   0.45691   0.45447   0.45202   0.44957   0.44712   0.44467   0.44222   0.43977   0.43732   0.43487   0.43243   0.42998   0.42753   0.42508   0.42263   0.42018   0.41773   0.41528   0.41283   0.41039   0.40794   0.40549   0.40304   0.40059   0.39814   0.39569   0.39324   0.39080   0.38835   0.38590   0.38345   0.38100   0.37855   0.37610   0.37365   0.37120   0.36876
A51f-47   0.04981   0.04925   0.04870   0.04814   0.04759   0.04703   0.04647   0.04592   0.04536   0.04481   0.04425   0.04370   0.04314   0.04258   0.04203   0.04147   0.04092   0.04036   0.03980   0.03925   0.03869   0.03814   0.03758   0.03703   0.03647   0.03591   0.03536   0.03480   0.03425   0.03369   0.03313   0.03258   0.03202   0.03147   0.03091   0.03036   0.02980   0.02924   0.02869   0.02813   0.02758   0.02702
A51f-48   0.48401   0.48307   0.48212   0.48118   0.48024   0.47930   0.47836   0.47741   0.47647   0.47553   0.47459   0.47365   0.47270   0.47176   0.47082   0.46988   0.46894   0.46800   0.46705   0.46611   0.46517   0.46423   0.46329   0.46234   0.46140   0.46046   0.45952   0.45858   0.45763   0.45669   0.45575   0.45481   0.45387   0.45293   0.45198   0.45104   0.45010   0.44916   0.44822   0.44727   0.44633   0.44539
A51f-49   0.20444   0.20168   0.19891   0.19615   0.19338   0.19062   0.18785   0.18509   0.18232   0.17956   0.17679   0.17403   0.17126   0.16850   0.16573   0.16297   0.16020   0.15744   0.15467   0.15191   0.14914   0.14638   0.14361   0.14085   0.13808   0.13532   0.13255   0.12979   0.12702   0.12426   0.12149   0.11873   0.11596   0.11320   0.11043   0.10767   0.10490   0.10213   0.09937   0.09660   0.09384   0.09107
A51f-50   0.21315   0.21163   0.21011   0.20859   0.20707   0.20555   0.20403   0.20251   0.20099   0.19947   0.19794   0.19642   0.19490   0.19338   0.19186   0.19034   0.18882   0.18730   0.18578   0.18426   0.18273   0.18121   0.17969   0.17817   0.17665   0.17513   0.17361   0.17209   0.17057   0.16905   0.16753   0.16600   0.16448   0.16296   0.16144   0.15992   0.15840   0.15688   0.15536   0.15384   0.15232   0.15080
A51f-51   0.33897   0.33703   0.33510   0.33317   0.33123   0.32930   0.32737   0.32543   0.32350   0.32157   0.31963   0.31770   0.31577   0.31383   0.31190   0.30997   0.30803   0.30610   0.30417   0.30223   0.30030   0.29837   0.29643   0.29450   0.29257   0.29063   0.28870   0.28677   0.28483   0.28290   0.28097   0.27903   0.27710   0.27517   0.27323   0.27130   0.26937   0.26743   0.26550   0.26357   0.26163   0.25970
A51f-52   0.34279   0.34185   0.34090   0.33996   0.33901   0.33807   0.33713   0.33618   0.33524   0.33429   0.33335   0.33240   0.33146   0.33052   0.32957   0.32863   0.32768   0.32674   0.32580   0.32485   0.32391   0.32296   0.32202   0.32107   0.32013   0.31919   0.31824   0.31730   0.31635   0.31541   0.31447   0.31352   0.31258   0.31163   0.31069   0.30974   0.30880   0.30786   0.30691   0.30597   0.30502   0.30408
A51f-54   0.15070   0.15070   0.15070   0.15070   0.15070   0.15070   0.15070   0.15070   0.15070   0.15070   0.15070   0.15070   0.15070   0.15070   0.15070   0.15070   0.15070   0.15070   0.15070   0.15070   0.15070   0.15070   0.15070   0.15070   0.15070   0.15070   0.15070   0.15070   0.15070   0.15070   0.15070   0.15070   0.15070   0.15070   0.15070   0.15070   0.15070   0.15070   0.15070   0.15070   0.15070   0.15070
A51f-55   0.38495   0.38137   0.37779   0.37421   0.37063   0.36705   0.36347   0.35989   0.35631   0.35273   0.34916   0.34558   0.34200   0.33842   0.33484   0.33126   0.32768   0.32410   0.32052   0.31694   0.31337   0.30979   0.30621   0.30263   0.29905   0.29547   0.29189   0.28831   0.28473   0.28115   0.27757   0.27400   0.27042   0.26684   0.26326   0.25968   0.25610   0.25252   0.24894   0.24536   0.24178   0.23820
A51f-56   0.33460   0.33268   0.33075   0.32882   0.32689   0.32497   0.32304   0.32111   0.31918   0.31725   0.31533   0.31340   0.31147   0.30954   0.30761   0.30569   0.30376   0.30183   0.29990   0.29797   0.29605   0.29412   0.29219   0.29026   0.28833   0.28641   0.28448   0.28255   0.28062   0.27870   0.27677   0.27484   0.27291   0.27098   0.26906   0.26713   0.26520   0.26327   0.26134   0.25942   0.25749   0.25556
A51f-57   0.19147   0.19077   0.19008   0.18939   0.18870   0.18801   0.18732   0.18663   0.18594   0.18525   0.18456   0.18387   0.18318   0.18249   0.18180   0.18110   0.18041   0.17972   0.17903   0.17834   0.17765   0.17696   0.17627   0.17558   0.17489   0.17420   0.17351   0.17282   0.17213   0.17143   0.17074   0.17005   0.16936   0.16867   0.16798   0.16729   0.16660   0.16591   0.16522   0.16453   0.16384   0.16315
A51f-59   0.20364   0.20050   0.19737   0.19423   0.19109   0.18795   0.18482   0.18168   0.17854   0.17540   0.17227   0.16913   0.16599   0.16286   0.15972   0.15658   0.15344   0.15031   0.14717   0.14403   0.14090   0.13776   0.13462   0.13148   0.12835   0.12521   0.12207   0.11893   0.11580   0.11266   0.10952   0.10639   0.10325   0.10011   0.09697   0.09384   0.09070   0.08756   0.08443   0.08129   0.07815   0.07501
A51f-60   0.06022   0.05971   0.05920   0.05868   0.05817   0.05766   0.05715   0.05664   0.05613   0.05561   0.05510   0.05459   0.05408   0.05357   0.05306   0.05254   0.05203   0.05152   0.05101   0.05050   0.04999   0.04947   0.04896   0.04845   0.04794   0.04743   0.04692   0.04640   0.04589   0.04538   0.04487   0.04436   0.04385   0.04333   0.04282   0.04231   0.04180   0.04129   0.04078   0.04027   0.03975   0.03924
A51f-61   0.07017   0.06993   0.06968   0.06943   0.06919   0.06894   0.06870   0.06845   0.06820   0.06796   0.06771   0.06746   0.06722   0.06697   0.06672   0.06648   0.06623   0.06598   0.06574   0.06549   0.06524   0.06500   0.06475   0.06450   0.06426   0.06401   0.06377   0.06352   0.06327   0.06303   0.06278   0.06253   0.06229   0.06204   0.06179   0.06155   0.06130   0.06105   0.06081   0.06056   0.06031   0.06007
A51f-63   0.01853   0.01833   0.01812   0.01791   0.01770   0.01749   0.01728   0.01707   0.01686   0.01665   0.01644   0.01623   0.01602   0.01581   0.01560   0.01540   0.01519   0.01498   0.01477   0.01456   0.01435   0.01414   0.01393   0.01372   0.01351   0.01330   0.01309   0.01288   0.01267   0.01247   0.01226   0.01205   0.01184   0.01163   0.01142   0.01121   0.01100   0.01079   0.01058   0.01037   0.01016   0.00995
A51f-64   0.02279   0.02256   0.02233   0.02210   0.02187   0.02164   0.02141   0.02118   0.02095   0.02072   0.02049   0.02026   0.02003   0.01980   0.01957   0.01933   0.01910   0.01887   0.01864   0.01841   0.01818   0.01795   0.01772   0.01749   0.01726   0.01703   0.01680   0.01657   0.01634   0.01611   0.01588   0.01565   0.01542   0.01519   0.01496   0.01473   0.01450   0.01427   0.01404   0.01381   0.01358   0.01335
A51f-65   0.05830   0.05742   0.05655   0.05568   0.05481   0.05393   0.05306   0.05219   0.05132   0.05045   0.04957   0.04870   0.04783   0.04696   0.04609   0.04521   0.04434   0.04347   0.04260   0.04173   0.04085   0.03998   0.03911   0.03824   0.03737   0.03649   0.03562   0.03475   0.03388   0.03300   0.03213   0.03126   0.03039   0.02952   0.02864   0.02777   0.02690   0.02603   0.02516   0.02428   0.02341   0.02254
A51f-66   0.02902   0.02861   0.02820   0.02778   0.02737   0.02696   0.02655   0.02614   0.02573   0.02531   0.02490   0.02449   0.02408   0.02367   0.02326   0.02284   0.02243   0.02202   0.02161   0.02120   0.02079   0.02037   0.01996   0.01955   0.01914   0.01873   0.01832   0.01790   0.01749   0.01708   0.01667   0.01626   0.01585   0.01543   0.01502   0.01461   0.01420   0.01379   0.01338   0.01297   0.01255   0.01214
A51f-68   0.06777   0.06637   0.06498   0.06359   0.06220   0.06081   0.05942   0.05803   0.05664   0.05525   0.05386   0.05247   0.05108   0.04969   0.04830   0.04690   0.04551   0.04412   0.04273   0.04134   0.03995   0.03856   0.03717   0.03578   0.03439   0.03300   0.03161   0.03022   0.02883   0.02743   0.02604   0.02465   0.02326   0.02187   0.02048   0.01909   0.01770   0.01631   0.01492   0.01353   0.01214   0.01075
A51f-69   1.04792   1.04208   1.03624   1.03040   1.02457   1.01873   1.01289   1.00705   1.00121   0.99537   0.98953   0.98369   0.97785   0.97201   0.96617   0.96033   0.95449   0.94865   0.94281   0.93697   0.93113   0.92529   0.91945   0.91361   0.90777   0.90193   0.89610   0.89026   0.88442   0.87858   0.87274   0.86690   0.86106   0.85522   0.84938   0.84354   0.83770   0.83186   0.82602   0.82018   0.81434   0.80850
A51f-71   0.10540   0.10359   0.10177   0.09996   0.09815   0.09633   0.09452   0.09270   0.09089   0.08908   0.08726   0.08545   0.08363   0.08182   0.08001   0.07819   0.07638   0.07457   0.07275   0.07094   0.06912   0.06731   0.06550   0.06368   0.06187   0.06005   0.05824   0.05643   0.05461   0.05280   0.05098   0.04917   0.04736   0.04554   0.04373   0.04191   0.04010   0.03829   0.03647   0.03466   0.03284   0.03103
A51f-74   0.03468   0.03428   0.03388   0.03348   0.03307   0.03267   0.03227   0.03187   0.03147   0.03106   0.03066   0.03026   0.02986   0.02945   0.02905   0.02865   0.02825   0.02784   0.02744   0.02704   0.02664   0.02623   0.02583   0.02543   0.02503   0.02463   0.02422   0.02382   0.02342   0.02302   0.02261   0.02221   0.02181   0.02141   0.02100   0.02060   0.02020   0.01980   0.01940   0.01899   0.01859   0.01819
A51f-75   0.34532   0.34251   0.33970   0.33688   0.33407   0.33126   0.32845   0.32564   0.32283   0.32001   0.31720   0.31439   0.31158   0.30877   0.30596   0.30314   0.30033   0.29752   0.29471   0.29190   0.28909   0.28627   0.28346   0.28065   0.27784   0.27503   0.27222   0.26940   0.26659   0.26378   0.26097   0.25816   0.25535   0.25253   0.24972   0.24691   0.24410   0.24129   0.23848   0.23567   0.23285   0.23004
A51f-76   0.21331   0.21217   0.21102   0.20988   0.20874   0.20760   0.20646   0.20531   0.20417   0.20303   0.20189   0.20075   0.19960   0.19846   0.19732   0.19618   0.19504   0.19390   0.19275   0.19161   0.19047   0.18933   0.18819   0.18704   0.18590   0.18476   0.18362   0.18248   0.18133   0.18019   0.17905   0.17791   0.17677   0.17563   0.17448   0.17334   0.17220   0.17106   0.16992   0.16877   0.16763   0.16649
A51f-77   0.10116   0.10070   0.10023   0.09977   0.09931   0.09885   0.09838   0.09792   0.09746   0.09700   0.09653   0.09607   0.09561   0.09514   0.09468   0.09422   0.09376   0.09329   0.09283   0.09237   0.09190   0.09144   0.09098   0.09052   0.09005   0.08959   0.08913   0.08867   0.08820   0.08774   0.08728   0.08681   0.08635   0.08589   0.08543   0.08496   0.08450   0.08404   0.08357   0.08311   0.08265   0.08219
A51f-78   0.06444   0.06338   0.06231   0.06125   0.06018   0.05912   0.05805   0.05699   0.05592   0.05486   0.05379   0.05273   0.05166   0.05060   0.04953   0.04847   0.04740   0.04634   0.04527   0.04421   0.04314   0.04208   0.04101   0.03995   0.03888   0.03782   0.03675   0.03569   0.03462   0.03356   0.03249   0.03143   0.03036   0.02930   0.02823   0.02717   0.02610   0.02503   0.02397   0.02290   0.02184   0.02077
A51f-79   0.03973   0.03934   0.03894   0.03855   0.03815   0.03776   0.03736   0.03697   0.03657   0.03617   0.03578   0.03538   0.03499   0.03459   0.03420   0.03380   0.03341   0.03301   0.03262   0.03222   0.03183   0.03143   0.03103   0.03064   0.03024   0.02985   0.02945   0.02906   0.02866   0.02827   0.02787   0.02748   0.02708   0.02669   0.02629   0.02590   0.02550   0.02510   0.02471   0.02431   0.02392   0.02352
A51f-80   0.06487   0.06386   0.06286   0.06185   0.06085   0.05984   0.05884   0.05783   0.05683   0.05583   0.05482   0.05382   0.05281   0.05181   0.05080   0.04980   0.04879   0.04779   0.04678   0.04578   0.04477   0.04377   0.04277   0.04176   0.04076   0.03975   0.03875   0.03774   0.03674   0.03573   0.03473   0.03372   0.03272   0.03171   0.03071   0.02970   0.02870   0.02770   0.02669   0.02569   0.02468   0.02368
A51f-82   0.06422   0.06312   0.06202   0.06092   0.05983   0.05873   0.05763   0.05653   0.05543   0.05434   0.05324   0.05214   0.05104   0.04995   0.04885   0.04775   0.04665   0.04556   0.04446   0.04336   0.04226   0.04117   0.04007   0.03897   0.03787   0.03677   0.03568   0.03458   0.03348   0.03238   0.03129   0.03019   0.02909   0.02799   0.02690   0.02580   0.02470   0.02360   0.02250   0.02141   0.02031   0.01921
A51f-83   0.12446   0.12349   0.12251   0.12153   0.12056   0.11958   0.11860   0.11763   0.11665   0.11567   0.11470   0.11372   0.11274   0.11177   0.11079   0.10981   0.10883   0.10786   0.10688   0.10590   0.10493   0.10395   0.10297   0.10200   0.10102   0.10004   0.09907   0.09809   0.09711   0.09614   0.09516   0.09418   0.09321   0.09223   0.09125   0.09028   0.08930   0.08832   0.08735   0.08637   0.08539   0.08442
A51f-85   0.03823   0.03763   0.03702   0.03641   0.03580   0.03519   0.03458   0.03397   0.03336   0.03275   0.03214   0.03153   0.03092   0.03031   0.02970   0.02910   0.02849   0.02788   0.02727   0.02666   0.02605   0.02544   0.02483   0.02422   0.02361   0.02300   0.02239   0.02178   0.02117   0.02057   0.01996   0.01935   0.01874   0.01813   0.01752   0.01691   0.01630   0.01569   0.01508   0.01447   0.01386   0.01325
A51f-86   0.12130   0.11988   0.11845   0.11702   0.11559   0.11417   0.11274   0.11131   0.10988   0.10845   0.10703   0.10560   0.10417   0.10274   0.10131   0.09989   0.09846   0.09703   0.09560   0.09417   0.09275   0.09132   0.08989   0.08846   0.08703   0.08561   0.08418   0.08275   0.08132   0.07990   0.07847   0.07704   0.07561   0.07418   0.07276   0.07133   0.06990   0.06847   0.06704   0.06562   0.06419   0.06276
A51g-02   0.08500   0.08500   0.08500   0.08500   0.08500   0.08500   0.08500   0.08500   0.08500   0.08500   0.08500   0.08500   0.08500   0.08500   0.08500   0.08500   0.08500   0.08500   0.08500   0.08500   0.08500   0.08500   0.08500   0.08500   0.08500   0.08500   0.08500   0.08500   0.08500   0.08500   0.08500   0.08500   0.08500   0.08500   0.08500   0.08500   0.08500   0.08500   0.08500   0.08500   0.08500   0.08500
A51g-03   0.06420   0.06420   0.06420   0.06420   0.06420   0.06420   0.06420   0.06420   0.06420   0.06420   0.06420   0.06420   0.06420   0.06420   0.06420   0.06420   0.06420   0.06420   0.06420   0.06420   0.06420   0.06420   0.06420   0.06420   0.06420   0.06420   0.06420   0.06420   0.06420   0.06420   0.06420   0.06420   0.06420   0.06420   0.06420   0.06420   0.06420   0.06420   0.06420   0.06420   0.06420   0.06420
A51g-04   0.06619   0.06512   0.06404   0.06297   0.06190   0.06082   0.05975   0.05868   0.05761   0.05653   0.05546   0.05439   0.05331   0.05224   0.05117   0.05009   0.04902   0.04795   0.04688   0.04580   0.04473   0.04366   0.04258   0.04151   0.04044   0.03936   0.03829   0.03722   0.03615   0.03507   0.03400   0.03293   0.03185   0.03078   0.02971   0.02864   0.02756   0.02649   0.02542   0.02434   0.02327   0.02220
A51g-05   3.01242   3.00661   3.00080   2.99498   2.98917   2.98336   2.97755   2.97174   2.96593   2.96011   2.95430   2.94849   2.94268   2.93687   2.93106   2.92524   2.91943   2.91362   2.90781   2.90200   2.89619   2.89037   2.88456   2.87875   2.87294   2.86713   2.86132   2.85550   2.84969   2.84388   2.83807   2.83226   2.82645   2.82063   2.81482   2.80901   2.80320   2.79739   2.79158   2.78577   2.77995   2.77414
A51g-07   0.14784   0.14530   0.14276   0.14022   0.13768   0.13515   0.13261   0.13007   0.12753   0.12499   0.12246   0.11992   0.11738   0.11484   0.11231   0.10977   0.10723   0.10469   0.10215   0.09962   0.09708   0.09454   0.09200   0.08946   0.08693   0.08439   0.08185   0.07931   0.07678   0.07424   0.07170   0.06916   0.06662   0.06409   0.06155   0.05901   0.05647   0.05394   0.05140   0.04886   0.04632   0.04378
A51g-09   0.26478   0.26288   0.26098   0.25907   0.25717   0.25527   0.25336   0.25146   0.24956   0.24766   0.24575   0.24385   0.24195   0.24005   0.23814   0.23624   0.23434   0.23244   0.23053   0.22863   0.22673   0.22482   0.22292   0.22102   0.21912   0.21721   0.21531   0.21341   0.21151   0.20960   0.20770   0.20580   0.20389   0.20199   0.20009   0.19819   0.19628   0.19438   0.19248   0.19058   0.18867   0.18677
A51g-10   0.29325   0.29237   0.29149   0.29062   0.28974   0.28886   0.28798   0.28710   0.28622   0.28535   0.28447   0.28359   0.28271   0.28183   0.28095   0.28008   0.27920   0.27832   0.27744   0.27656   0.27568   0.27481   0.27393   0.27305   0.27217   0.27129   0.27041   0.26954   0.26866   0.26778   0.26690   0.26602   0.26514   0.26426   0.26339   0.26251   0.26163   0.26075   0.25987   0.25899   0.25812   0.25724
A51g-11   2.45511   2.44539   2.43568   2.42596   2.41625   2.40654   2.39682   2.38711   2.37740   2.36768   2.35797   2.34826   2.33854   2.32883   2.31912   2.30940   2.29969   2.28998   2.28026   2.27055   2.26084   2.25112   2.24141   2.23169   2.22198   2.21227   2.20255   2.19284   2.18313   2.17341   2.16370   2.15399   2.14427   2.13456   2.12485   2.11513   2.10542   2.09571   2.08599   2.07628   2.06656   2.05685
A51g-12   0.82196   0.81876   0.81555   0.81235   0.80914   0.80594   0.80273   0.79952   0.79632   0.79311   0.78991   0.78670   0.78350   0.78029   0.77709   0.77388   0.77068   0.76747   0.76426   0.76106   0.75785   0.75465   0.75144   0.74824   0.74503   0.74183   0.73862   0.73542   0.73221   0.72901   0.72580   0.72259   0.71939   0.71618   0.71298   0.70977   0.70657   0.70336   0.70016   0.69695   0.69375   0.69054
A51g-13   0.17922   0.17572   0.17222   0.16873   0.16523   0.16173   0.15824   0.15474   0.15124   0.14774   0.14425   0.14075   0.13725   0.13375   0.13026   0.12676   0.12326   0.11976   0.11627   0.11277   0.10927   0.10578   0.10228   0.09878   0.09528   0.09179   0.08829   0.08479   0.08129   0.07780   0.07430   0.07080   0.06731   0.06381   0.06031   0.05681   0.05332   0.04982   0.04632   0.04282   0.03933   0.03583
A51g-14   0.05323   0.05235   0.05147   0.05059   0.04971   0.04883   0.04795   0.04706   0.04618   0.04530   0.04442   0.04354   0.04266   0.04178   0.04090   0.04002   0.03914   0.03825   0.03737   0.03649   0.03561   0.03473   0.03385   0.03297   0.03209   0.03121   0.03032   0.02944   0.02856   0.02768   0.02680   0.02592   0.02504   0.02416   0.02328   0.02239   0.02151   0.02063   0.01975   0.01887   0.01799   0.01711
A51g-15   0.14578   0.14392   0.14206   0.14021   0.13835   0.13649   0.13463   0.13277   0.13091   0.12905   0.12719   0.12533   0.12347   0.12161   0.11975   0.11789   0.11603   0.11417   0.11231   0.11045   0.10859   0.10674   0.10488   0.10302   0.10116   0.09930   0.09744   0.09558   0.09372   0.09186   0.09000   0.08814   0.08628   0.08442   0.08256   0.08070   0.07884   0.07698   0.07512   0.07326   0.07141   0.06955
A51g-16   0.06849   0.06801   0.06752   0.06704   0.06655   0.06606   0.06558   0.06509   0.06460   0.06412   0.06363   0.06314   0.06266   0.06217   0.06168   0.06120   0.06071   0.06022   0.05974   0.05925   0.05876   0.05828   0.05779   0.05731   0.05682   0.05633   0.05585   0.05536   0.05487   0.05439   0.05390   0.05341   0.05293   0.05244   0.05195   0.05147   0.05098   0.05049   0.05001   0.04952   0.04904   0.04855
A51g-18   1.71218   1.70249   1.69280   1.68312   1.67343   1.66374   1.65405   1.64436   1.63467   1.62499   1.61530   1.60561   1.59592   1.58623   1.57654   1.56686   1.55717   1.54748   1.53779   1.52810   1.51841   1.50873   1.49904   1.48935   1.47966   1.46997   1.46028   1.45060   1.44091   1.43122   1.42153   1.41184   1.40215   1.39247   1.38278   1.37309   1.36340   1.35371   1.34402   1.33433   1.32465   1.31496
A51g-19   0.22080   0.21610   0.21140   0.20670   0.20200   0.19730   0.19260   0.18790   0.18320   0.17850   0.17380   0.16910   0.16440   0.15970   0.15500   0.15030   0.14560   0.14090   0.13620   0.13150   0.12680   0.12210   0.11740   0.11270   0.10800   0.10330   0.09860   0.09390   0.08920   0.08450   0.07980   0.07510   0.07040   0.06570   0.06100   0.05630   0.05160   0.04690   0.04220   0.03750   0.03280   0.02810
A51g-20   0.06683   0.06611   0.06538   0.06466   0.06393   0.06321   0.06248   0.06176   0.06104   0.06031   0.05959   0.05886   0.05814   0.05741   0.05669   0.05596   0.05524   0.05452   0.05379   0.05307   0.05234   0.05162   0.05089   0.05017   0.04945   0.04872   0.04800   0.04727   0.04655   0.04582   0.04510   0.04438   0.04365   0.04293   0.04220   0.04148   0.04075   0.04003   0.03931   0.03858   0.03786   0.03713
A51g-23   0.05246   0.05146   0.05047   0.04948   0.04849   0.04750   0.04651   0.04551   0.04452   0.04353   0.04254   0.04155   0.04055   0.03956   0.03857   0.03758   0.03659   0.03559   0.03460   0.03361   0.03262   0.03163   0.03064   0.02964   0.02865   0.02766   0.02667   0.02568   0.02468   0.02369   0.02270   0.02171   0.02072   0.01972   0.01873   0.01774   0.01675   0.01576   0.01476   0.01377   0.01278   0.01179
A51g-24   0.09657   0.09465   0.09273   0.09081   0.08889   0.08697   0.08505   0.08314   0.08122   0.07930   0.07738   0.07546   0.07354   0.07162   0.06970   0.06778   0.06586   0.06395   0.06203   0.06011   0.05819   0.05627   0.05435   0.05243   0.05051   0.04859   0.04668   0.04476   0.04284   0.04092   0.03900   0.03708   0.03516   0.03324   0.03132   0.02941   0.02749   0.02557   0.02365   0.02173   0.01981   0.01789
A51h-02   1.20985   1.19848   1.18712   1.17575   1.16439   1.15302   1.14166   1.13029   1.11893   1.10756   1.09620   1.08483   1.07347   1.06210   1.05074   1.03937   1.02801   1.01664   1.00528   0.99391   0.98255   0.97118   0.95982   0.94845   0.93709   0.92572   0.91436   0.90299   0.89163   0.88026   0.86890   0.85754   0.84617   0.83481   0.82344   0.81208   0.80071   0.78935   0.77798   0.76662   0.75525   0.74389
A51h-04   0.13990   0.13720   0.13450   0.13180   0.12910   0.12640   0.12370   0.12100   0.11830   0.11560   0.11290   0.11020   0.10750   0.10480   0.10210   0.09940   0.09670   0.09400   0.09130   0.08860   0.08590   0.08320   0.08050   0.07780   0.07510   0.07240   0.06970   0.06700   0.06430   0.06160   0.05890   0.05620   0.05350   0.05080   0.04810   0.04540   0.04270   0.04000   0.03730   0.03460   0.03190   0.02920
A51h-05   0.23142   0.22698   0.22254   0.21809   0.21365   0.20921   0.20477   0.20033   0.19589   0.19145   0.18701   0.18257   0.17813   0.17369   0.16925   0.16481   0.16037   0.15593   0.15149   0.14705   0.14261   0.13816   0.13372   0.12928   0.12484   0.12040   0.11596   0.11152   0.10708   0.10264   0.09820   0.09376   0.08932   0.08488   0.08044   0.07600   0.07156   0.06712   0.06268   0.05824   0.05379   0.04935
A51h-06   0.09615   0.09417   0.09219   0.09022   0.08824   0.08626   0.08428   0.08230   0.08032   0.07835   0.07637   0.07439   0.07241   0.07043   0.06845   0.06648   0.06450   0.06252   0.06054   0.05856   0.05658   0.05461   0.05263   0.05065   0.04867   0.04669   0.04471   0.04274   0.04076   0.03878   0.03680   0.03482   0.03284   0.03086   0.02889   0.02691   0.02493   0.02295   0.02097   0.01899   0.01702   0.01504
A51h-07   0.41400   0.41331   0.41263   0.41194   0.41125   0.41057   0.40988   0.40920   0.40851   0.40782   0.40714   0.40645   0.40577   0.40508   0.40439   0.40371   0.40302   0.40233   0.40165   0.40096   0.40028   0.39959   0.39890   0.39822   0.39753   0.39685   0.39616   0.39547   0.39479   0.39410   0.39342   0.39273   0.39204   0.39136   0.39067   0.38999   0.38930   0.38861   0.38793   0.38724   0.38656   0.38587
A51h-08   0.25870   0.25700   0.25530   0.25360   0.25190   0.25020   0.24850   0.24680   0.24510   0.24340   0.24170   0.24000   0.23830   0.23660   0.23490   0.23320   0.23150   0.22980   0.22810   0.22640   0.22470   0.22300   0.22130   0.21960   0.21790   0.21620   0.21450   0.21280   0.21110   0.20940   0.20770   0.20600   0.20430   0.20260   0.20090   0.19920   0.19750   0.19580   0.19410   0.19240   0.19070   0.18900
A51h-10   0.30740   0.30631   0.30523   0.30414   0.30305   0.30197   0.30088   0.29980   0.29871   0.29762   0.29654   0.29545   0.29437   0.29328   0.29219   0.29111   0.29002   0.28893   0.28785   0.28676   0.28568   0.28459   0.28350   0.28242   0.28133   0.28025   0.27916   0.27807   0.27699   0.27590   0.27482   0.27373   0.27264   0.27156   0.27047   0.26939   0.26830   0.26721   0.26613   0.26504   0.26396   0.26287
A51h-11   0.56303   0.55864   0.55424   0.54985   0.54545   0.54106   0.53666   0.53227   0.52787   0.52347   0.51908   0.51468   0.51029   0.50589   0.50150   0.49710   0.49271   0.48831   0.48392   0.47952   0.47513   0.47073   0.46633   0.46194   0.45754   0.45315   0.44875   0.44436   0.43996   0.43557   0.43117   0.42678   0.42238   0.41799   0.41359   0.40920   0.40480   0.40040   0.39601   0.39161   0.38722   0.38282
A51h-13   0.78962   0.78671   0.78380   0.78088   0.77797   0.77506   0.77215   0.76924   0.76633   0.76341   0.76050   0.75759   0.75468   0.75177   0.74886   0.74594   0.74303   0.74012   0.73721   0.73430   0.73139   0.72847   0.72556   0.72265   0.71974   0.71683   0.71392   0.71100   0.70809   0.70518   0.70227   0.69936   0.69645   0.69353   0.69062   0.68771   0.68480   0.68189   0.67898   0.67607   0.67315   0.67024
A51h-14   0.52173   0.51894   0.51614   0.51335   0.51055   0.50776   0.50496   0.50217   0.49937   0.49657   0.49378   0.49098   0.48819   0.48539   0.48260   0.47980   0.47701   0.47421   0.47142   0.46862   0.46583   0.46303   0.46023   0.45744   0.45464   0.45185   0.44905   0.44626   0.44346   0.44067   0.43787   0.43508   0.43228   0.42949   0.42669   0.42390   0.42110   0.41830   0.41551   0.41271   0.40992   0.40712
A51h-15   0.79961   0.79474   0.78987   0.78500   0.78013   0.77526   0.77039   0.76552   0.76065   0.75578   0.75091   0.74604   0.74117   0.73630   0.73143   0.72657   0.72170   0.71683   0.71196   0.70709   0.70222   0.69735   0.69248   0.68761   0.68274   0.67787   0.67300   0.66813   0.66326   0.65839   0.65352   0.64865   0.64378   0.63891   0.63404   0.62917   0.62430   0.61943   0.61456   0.60969   0.60482   0.59995
A51h-16   0.23331   0.22834   0.22337   0.21840   0.21343   0.20846   0.20349   0.19852   0.19355   0.18858   0.18361   0.17864   0.17367   0.16870   0.16373   0.15877   0.15380   0.14883   0.14386   0.13889   0.13392   0.12895   0.12398   0.11901   0.11404   0.10907   0.10410   0.09913   0.09416   0.08919   0.08422   0.07925   0.07428   0.06931   0.06434   0.05937   0.05440   0.04943   0.04446   0.03949   0.03452   0.02955
A51h-17   0.25042   0.24790   0.24537   0.24284   0.24032   0.23779   0.23527   0.23274   0.23022   0.22769   0.22517   0.22264   0.22011   0.21759   0.21506   0.21254   0.21001   0.20749   0.20496   0.20243   0.19991   0.19738   0.19486   0.19233   0.18981   0.18728   0.18476   0.18223   0.17970   0.17718   0.17465   0.17213   0.16960   0.16708   0.16455   0.16203   0.15950   0.15697   0.15445   0.15192   0.14940   0.14687
A51h-20   0.48280   0.48169   0.48057   0.47946   0.47835   0.47723   0.47612   0.47500   0.47389   0.47278   0.47166   0.47055   0.46943   0.46832   0.46721   0.46609   0.46498   0.46387   0.46275   0.46164   0.46052   0.45941   0.45830   0.45718   0.45607   0.45495   0.45384   0.45273   0.45161   0.45050   0.44938   0.44827   0.44716   0.44604   0.44493   0.44381   0.44270   0.44159   0.44047   0.43936   0.43824   0.43713
A51h-21   0.32748   0.32390   0.32033   0.31676   0.31318   0.30961   0.30603   0.30246   0.29888   0.29531   0.29173   0.28816   0.28459   0.28101   0.27744   0.27386   0.27029   0.26671   0.26314   0.25957   0.25599   0.25242   0.24884   0.24527   0.24169   0.23812   0.23454   0.23097   0.22740   0.22382   0.22025   0.21667   0.21310   0.20952   0.20595   0.20237   0.19880   0.19523   0.19165   0.18808   0.18450   0.18093
A51h-22   0.40293   0.40066   0.39839   0.39613   0.39386   0.39159   0.38932   0.38706   0.38479   0.38252   0.38025   0.37799   0.37572   0.37345   0.37118   0.36892   0.36665   0.36438   0.36211   0.35985   0.35758   0.35531   0.35304   0.35078   0.34851   0.34624   0.34397   0.34171   0.33944   0.33717   0.33490   0.33264   0.33037   0.32810   0.32583   0.32357   0.32130   0.31903   0.31677   0.31450   0.31223   0.30996
A51h-23   0.34051   0.33933   0.33815   0.33696   0.33578   0.33460   0.33341   0.33223   0.33104   0.32986   0.32868   0.32749   0.32631   0.32513   0.32394   0.32276   0.32157   0.32039   0.31921   0.31802   0.31684   0.31566   0.31447   0.31329   0.31210   0.31092   0.30974   0.30855   0.30737   0.30619   0.30500   0.30382   0.30263   0.30145   0.30027   0.29908   0.29790   0.29672   0.29553   0.29435   0.29317   0.29198
A51h-25   0.57728   0.56958   0.56188   0.55418   0.54647   0.53877   0.53107   0.52337   0.51567   0.50796   0.50026   0.49256   0.48486   0.47715   0.46945   0.46175   0.45405   0.44634   0.43864   0.43094   0.42324   0.41553   0.40783   0.40013   0.39243   0.38473   0.37702   0.36932   0.36162   0.35392   0.34621   0.33851   0.33081   0.32311   0.31540   0.30770   0.30000   0.29230   0.28460   0.27689   0.26919   0.26149
A51h-26   0.21567   0.21024   0.20481   0.19938   0.19394   0.18851   0.18308   0.17765   0.17221   0.16678   0.16135   0.15592   0.15048   0.14505   0.13962   0.13419   0.12875   0.12332   0.11789   0.11246   0.10702   0.10159   0.09616   0.09073   0.08529   0.07986   0.07443   0.06900   0.06356   0.05813   0.05270   0.04727   0.04184   0.03640   0.03097   0.02554   0.02011   0.01467   0.00924   0.00381   0.00000   0.00000
A51h-28   0.03752   0.03681   0.03610   0.03539   0.03468   0.03397   0.03326   0.03255   0.03184   0.03113   0.03042   0.02971   0.02899   0.02828   0.02757   0.02686   0.02615   0.02544   0.02473   0.02402   0.02331   0.02260   0.02189   0.02118   0.02046   0.01975   0.01904   0.01833   0.01762   0.01691   0.01620   0.01549   0.01478   0.01407   0.01336   0.01265   0.01194   0.01122   0.01051   0.00980   0.00909   0.00838
A51h-29   0.06546   0.06401   0.06256   0.06111   0.05966   0.05821   0.05677   0.05532   0.05387   0.05242   0.05097   0.04952   0.04807   0.04662   0.04517   0.04373   0.04228   0.04083   0.03938   0.03793   0.03648   0.03503   0.03358   0.03213   0.03069   0.02924   0.02779   0.02634   0.02489   0.02344   0.02199   0.02054   0.01910   0.01765   0.01620   0.01475   0.01330   0.01185   0.01040   0.00895   0.00750   0.00606
A51h-33   0.06565   0.06423   0.06281   0.06139   0.05997   0.05855   0.05713   0.05571   0.05429   0.05287   0.05144   0.05002   0.04860   0.04718   0.04576   0.04434   0.04292   0.04150   0.04008   0.03866   0.03723   0.03581   0.03439   0.03297   0.03155   0.03013   0.02871   0.02729   0.02587   0.02445   0.02303   0.02160   0.02018   0.01876   0.01734   0.01592   0.01450   0.01308   0.01166   0.01024   0.00882   0.00740
A51h-34   0.57792   0.57031   0.56270   0.55508   0.54747   0.53986   0.53225   0.52464   0.51703   0.50941   0.50180   0.49419   0.48658   0.47897   0.47136   0.46374   0.45613   0.44852   0.44091   0.43330   0.42569   0.41807   0.41046   0.40285   0.39524   0.38763   0.38002   0.37240   0.36479   0.35718   0.34957   0.34196   0.33435   0.32673   0.31912   0.31151   0.30390   0.29629   0.28868   0.28107   0.27345   0.26584
A54e-01   0.41684   0.41238   0.40791   0.40345   0.39898   0.39452   0.39005   0.38559   0.38112   0.37666   0.37219   0.36773   0.36326   0.35880   0.35433   0.34987   0.34540   0.34094   0.33647   0.33201   0.32754   0.32308   0.31861   0.31415   0.30968   0.30522   0.30075   0.29629   0.29182   0.28736   0.28289   0.27843   0.27396   0.26950   0.26503   0.26057   0.25610   0.25163   0.24717   0.24270   0.23824   0.23377
A54e-02   0.34403   0.33863   0.33322   0.32781   0.32240   0.31699   0.31158   0.30617   0.30076   0.29535   0.28994   0.28453   0.27912   0.27371   0.26830   0.26290   0.25749   0.25208   0.24667   0.24126   0.23585   0.23044   0.22503   0.21962   0.21421   0.20880   0.20339   0.19798   0.19257   0.18717   0.18176   0.17635   0.17094   0.16553   0.16012   0.15471   0.14930   0.14389   0.13848   0.13307   0.12766   0.12225
A54e-05   0.24964   0.24728   0.24491   0.24255   0.24018   0.23782   0.23545   0.23309   0.23072   0.22836   0.22599   0.22363   0.22126   0.21890   0.21653   0.21417   0.21180   0.20944   0.20707   0.20471   0.20234   0.19998   0.19761   0.19525   0.19288   0.19052   0.18815   0.18579   0.18342   0.18106   0.17869   0.17633   0.17396   0.17160   0.16923   0.16687   0.16450   0.16213   0.15977   0.15740   0.15504   0.15267
A54e-06   1.86932   1.86342   1.85752   1.85162   1.84573   1.83983   1.83393   1.82803   1.82213   1.81624   1.81034   1.80444   1.79854   1.79265   1.78675   1.78085   1.77495   1.76906   1.76316   1.75726   1.75136   1.74547   1.73957   1.73367   1.72777   1.72187   1.71598   1.71008   1.70418   1.69828   1.69239   1.68649   1.68059   1.67469   1.66880   1.66290   1.65700   1.65110   1.64520   1.63931   1.63341   1.62751
A54e-07   0.35413   0.35195   0.34977   0.34759   0.34540   0.34322   0.34104   0.33886   0.33668   0.33450   0.33232   0.33013   0.32795   0.32577   0.32359   0.32141   0.31923   0.31705   0.31487   0.31268   0.31050   0.30832   0.30614   0.30396   0.30178   0.29960   0.29741   0.29523   0.29305   0.29087   0.28869   0.28651   0.28433   0.28214   0.27996   0.27778   0.27560   0.27342   0.27124   0.26906   0.26687   0.26469
A54e-09   0.09703   0.09554   0.09404   0.09255   0.09105   0.08956   0.08806   0.08657   0.08507   0.08357   0.08208   0.08058   0.07909   0.07759   0.07610   0.07460   0.07311   0.07161   0.07012   0.06862   0.06713   0.06563   0.06413   0.06264   0.06114   0.05965   0.05815   0.05666   0.05516   0.05367   0.05217   0.05068   0.04918   0.04769   0.04619   0.04470   0.04320   0.04170   0.04021   0.03871   0.03722   0.03572
A54e-10   0.27304   0.27178   0.27051   0.26925   0.26798   0.26672   0.26545   0.26419   0.26292   0.26166   0.26039   0.25913   0.25786   0.25660   0.25533   0.25407   0.25280   0.25154   0.25027   0.24901   0.24774   0.24648   0.24521   0.24395   0.24268   0.24142   0.24015   0.23889   0.23762   0.23636   0.23509   0.23383   0.23256   0.23130   0.23003   0.22877   0.22750   0.22623   0.22497   0.22370   0.22244   0.22117
A54e-12   8.28549   8.20985   8.13420   8.05856   7.98291   7.90727   7.83163   7.75598   7.68034   7.60469   7.52905   7.45340   7.37776   7.30212   7.22647   7.15083   7.07518   6.99954   6.92390   6.84825   6.77261   6.69696   6.62132   6.54567   6.47003   6.39439   6.31874   6.24310   6.16745   6.09181   6.01617   5.94052   5.86488   5.78923   5.71359   5.63794   5.56230   5.48666   5.41101   5.33537   5.25972   5.18408
A54e-13   1.95227   1.93894   1.92561   1.91227   1.89894   1.88561   1.87228   1.85894   1.84561   1.83228   1.81895   1.80561   1.79228   1.77895   1.76562   1.75228   1.73895   1.72562   1.71229   1.69895   1.68562   1.67229   1.65896   1.64562   1.63229   1.61896   1.60563   1.59229   1.57896   1.56563   1.55230   1.53896   1.52563   1.51230   1.49897   1.48563   1.47230   1.45897   1.44563   1.43230   1.41897   1.40564
A54e-14   0.13223   0.13076   0.12929   0.12783   0.12636   0.12489   0.12342   0.12196   0.12049   0.11902   0.11755   0.11609   0.11462   0.11315   0.11168   0.11022   0.10875   0.10728   0.10581   0.10435   0.10288   0.10141   0.09994   0.09848   0.09701   0.09554   0.09407   0.09261   0.09114   0.08967   0.08820   0.08674   0.08527   0.08380   0.08233   0.08087   0.07940   0.07793   0.07647   0.07500   0.07353   0.07206
A54e-15   0.39427   0.39015   0.38603   0.38191   0.37780   0.37368   0.36956   0.36544   0.36132   0.35720   0.35308   0.34897   0.34485   0.34073   0.33661   0.33249   0.32837   0.32425   0.32013   0.31602   0.31190   0.30778   0.30366   0.29954   0.29542   0.29130   0.28719   0.28307   0.27895   0.27483   0.27071   0.26659   0.26247   0.25836   0.25424   0.25012   0.24600   0.24188   0.23776   0.23364   0.22953   0.22541
A54e-16   0.24624   0.24428   0.24231   0.24035   0.23838   0.23642   0.23445   0.23249   0.23052   0.22856   0.22659   0.22463   0.22266   0.22070   0.21873   0.21677   0.21480   0.21284   0.21087   0.20891   0.20694   0.20498   0.20301   0.20105   0.19908   0.19712   0.19515   0.19319   0.19122   0.18926   0.18729   0.18533   0.18336   0.18140   0.17943   0.17747   0.17550   0.17353   0.17157   0.16960   0.16764   0.16567
A54e-17   0.06636   0.06540   0.06443   0.06347   0.06251   0.06155   0.06058   0.05962   0.05866   0.05770   0.05673   0.05577   0.05481   0.05384   0.05288   0.05192   0.05096   0.04999   0.04903   0.04807   0.04710   0.04614   0.04518   0.04422   0.04325   0.04229   0.04133   0.04037   0.03940   0.03844   0.03748   0.03651   0.03555   0.03459   0.03363   0.03266   0.03170   0.03074   0.02977   0.02881   0.02785   0.02689
A54e-19   0.72439   0.72037   0.71635   0.71234   0.70832   0.70430   0.70029   0.69627   0.69226   0.68824   0.68422   0.68021   0.67619   0.67217   0.66816   0.66414   0.66013   0.65611   0.65209   0.64808   0.64406   0.64004   0.63603   0.63201   0.62800   0.62398   0.61996   0.61595   0.61193   0.60791   0.60390   0.59988   0.59587   0.59185   0.58783   0.58382   0.57980   0.57578   0.57177   0.56775   0.56373   0.55972
A54e-20   0.44900   0.44699   0.44497   0.44296   0.44095   0.43893   0.43692   0.43490   0.43289   0.43088   0.42886   0.42685   0.42483   0.42282   0.42081   0.41879   0.41678   0.41477   0.41275   0.41074   0.40872   0.40671   0.40470   0.40268   0.40067   0.39865   0.39664   0.39463   0.39261   0.39060   0.38858   0.38657   0.38456   0.38254   0.38053   0.37851   0.37650   0.37449   0.37247   0.37046   0.36844   0.36643
A54e-21   0.09135   0.09074   0.09014   0.08953   0.08892   0.08832   0.08771   0.08710   0.08650   0.08589   0.08528   0.08467   0.08407   0.08346   0.08285   0.08225   0.08164   0.08103   0.08043   0.07982   0.07921   0.07860   0.07800   0.07739   0.07678   0.07618   0.07557   0.07496   0.07436   0.07375   0.07314   0.07253   0.07193   0.07132   0.07071   0.07011   0.06950   0.06889   0.06829   0.06768   0.06707   0.06647
A54e-22   0.03408   0.03359   0.03310   0.03262   0.03213   0.03164   0.03115   0.03066   0.03017   0.02969   0.02920   0.02871   0.02822   0.02773   0.02724   0.02676   0.02627   0.02578   0.02529   0.02480   0.02431   0.02383   0.02334   0.02285   0.02236   0.02187   0.02138   0.02090   0.02041   0.01992   0.01943   0.01894   0.01845   0.01797   0.01748   0.01699   0.01650   0.01601   0.01552   0.01503   0.01455   0.01406
A54e-23   0.13670   0.13670   0.13670   0.13670   0.13670   0.13670   0.13670   0.13670   0.13670   0.13670   0.13670   0.13670   0.13670   0.13670   0.13670   0.13670   0.13670   0.13670   0.13670   0.13670   0.13670   0.13670   0.13670   0.13670   0.13670   0.13670   0.13670   0.13670   0.13670   0.13670   0.13670   0.13670   0.13670   0.13670   0.13670   0.13670   0.13670   0.13670   0.13670   0.13670   0.13670   0.13670
A54e-24  16.74692  16.68612  16.62532  16.56452  16.50373  16.44293  16.38213  16.32133  16.26053  16.19974  16.13894  16.07814  16.01734  15.95655  15.89575  15.83495  15.77415  15.71336  15.65256  15.59176  15.53096  15.47017  15.40937  15.34857  15.28777  15.22697  15.16618  15.10538  15.04458  14.98378  14.92299  14.86219  14.80139  14.74059  14.67980  14.61900  14.55820  14.49740  14.43660  14.37581  14.31501  14.25421
A54e-25   0.19197   0.18994   0.18791   0.18587   0.18384   0.18181   0.17978   0.17774   0.17571   0.17368   0.17165   0.16961   0.16758   0.16555   0.16352   0.16148   0.15945   0.15742   0.15539   0.15335   0.15132   0.14929   0.14726   0.14522   0.14319   0.14116   0.13913   0.13709   0.13506   0.13303   0.13100   0.12896   0.12693   0.12490   0.12287   0.12083   0.11880   0.11677   0.11473   0.11270   0.11067   0.10864
A54e-26   0.14857   0.14533   0.14208   0.13883   0.13559   0.13234   0.12910   0.12585   0.12260   0.11936   0.11611   0.11286   0.10962   0.10637   0.10312   0.09988   0.09663   0.09338   0.09014   0.08689   0.08364   0.08040   0.07715   0.07390   0.07066   0.06741   0.06417   0.06092   0.05767   0.05443   0.05118   0.04793   0.04469   0.04144   0.03819   0.03495   0.03170   0.02845   0.02521   0.02196   0.01871   0.01547
A54e-27   0.11333   0.11194   0.11054   0.10915   0.10775   0.10636   0.10496   0.10357   0.10217   0.10077   0.09938   0.09798   0.09659   0.09519   0.09380   0.09240   0.09101   0.08961   0.08822   0.08682   0.08543   0.08403   0.08263   0.08124   0.07984   0.07845   0.07705   0.07566   0.07426   0.07287   0.07147   0.07008   0.06868   0.06729   0.06589   0.06450   0.06310   0.06170   0.06031   0.05891   0.05752   0.05612
A54e-29   0.05049   0.04966   0.04883   0.04800   0.04717   0.04634   0.04551   0.04468   0.04385   0.04302   0.04219   0.04136   0.04053   0.03970   0.03887   0.03803   0.03720   0.03637   0.03554   0.03471   0.03388   0.03305   0.03222   0.03139   0.03056   0.02973   0.02890   0.02807   0.02724   0.02641   0.02558   0.02475   0.02392   0.02309   0.02226   0.02143   0.02060   0.01977   0.01894   0.01811   0.01728   0.01645
A54e-30   0.12682   0.12458   0.12234   0.12010   0.11787   0.11563   0.11339   0.11115   0.10891   0.10667   0.10443   0.10219   0.09995   0.09771   0.09547   0.09323   0.09099   0.08875   0.08651   0.08427   0.08203   0.07979   0.07755   0.07531   0.07307   0.07083   0.06860   0.06636   0.06412   0.06188   0.05964   0.05740   0.05516   0.05292   0.05068   0.04844   0.04620   0.04396   0.04172   0.03948   0.03724   0.03500
A54e-33   0.06654   0.06541   0.06429   0.06317   0.06204   0.06092   0.05980   0.05867   0.05755   0.05643   0.05530   0.05418   0.05306   0.05193   0.05081   0.04969   0.04857   0.04744   0.04632   0.04520   0.04407   0.04295   0.04183   0.04070   0.03958   0.03846   0.03733   0.03621   0.03509   0.03396   0.03284   0.03172   0.03059   0.02947   0.02835   0.02722   0.02610   0.02498   0.02385   0.02273   0.02161   0.02048
A54e-34   0.03776   0.03700   0.03623   0.03547   0.03471   0.03395   0.03318   0.03242   0.03166   0.03090   0.03013   0.02937   0.02861   0.02784   0.02708   0.02632   0.02556   0.02479   0.02403   0.02327   0.02250   0.02174   0.02098   0.02022   0.01945   0.01869   0.01793   0.01717   0.01640   0.01564   0.01488   0.01411   0.01335   0.01259   0.01183   0.01106   0.01030   0.00954   0.00877   0.00801   0.00725   0.00649
A54e-35   0.13218   0.13070   0.12923   0.12776   0.12628   0.12481   0.12333   0.12186   0.12038   0.11891   0.11743   0.11596   0.11449   0.11301   0.11154   0.11006   0.10859   0.10711   0.10564   0.10417   0.10269   0.10122   0.09974   0.09827   0.09679   0.09532   0.09384   0.09237   0.09090   0.08942   0.08795   0.08647   0.08500   0.08352   0.08205   0.08057   0.07910   0.07763   0.07615   0.07468   0.07320   0.07173
A54e-36   0.09609   0.09446   0.09283   0.09120   0.08957   0.08794   0.08631   0.08468   0.08305   0.08142   0.07979   0.07816   0.07653   0.07490   0.07327   0.07163   0.07000   0.06837   0.06674   0.06511   0.06348   0.06185   0.06022   0.05859   0.05696   0.05533   0.05370   0.05207   0.05044   0.04881   0.04718   0.04555   0.04392   0.04229   0.04066   0.03903   0.03740   0.03577   0.03414   0.03251   0.03088   0.02925
A54e-40   0.04102   0.04072   0.04042   0.04012   0.03983   0.03953   0.03923   0.03893   0.03863   0.03834   0.03804   0.03774   0.03744   0.03715   0.03685   0.03655   0.03625   0.03596   0.03566   0.03536   0.03506   0.03477   0.03447   0.03417   0.03387   0.03357   0.03328   0.03298   0.03268   0.03238   0.03209   0.03179   0.03149   0.03119   0.03090   0.03060   0.03030   0.03000   0.02970   0.02941   0.02911   0.02881
A54e-41   0.11159   0.10995   0.10830   0.10666   0.10501   0.10337   0.10173   0.10008   0.09844   0.09679   0.09515   0.09350   0.09186   0.09022   0.08857   0.08693   0.08528   0.08364   0.08200   0.08035   0.07871   0.07706   0.07542   0.07377   0.07213   0.07049   0.06884   0.06720   0.06555   0.06391   0.06227   0.06062   0.05898   0.05733   0.05569   0.05404   0.05240   0.05076   0.04911   0.04747   0.04582   0.04418
A54e-42   0.09174   0.09119   0.09064   0.09009   0.08954   0.08899   0.08843   0.08788   0.08733   0.08678   0.08623   0.08568   0.08513   0.08458   0.08403   0.08347   0.08292   0.08237   0.08182   0.08127   0.08072   0.08017   0.07962   0.07907   0.07851   0.07796   0.07741   0.07686   0.07631   0.07576   0.07521   0.07466   0.07410   0.07355   0.07300   0.07245   0.07190   0.07135   0.07080   0.07025   0.06970   0.06914
A54e-44   0.15052   0.14881   0.14710   0.14538   0.14367   0.14196   0.14025   0.13854   0.13683   0.13511   0.13340   0.13169   0.12998   0.12827   0.12656   0.12484   0.12313   0.12142   0.11971   0.11800   0.11629   0.11457   0.11286   0.11115   0.10944   0.10773   0.10602   0.10430   0.10259   0.10088   0.09917   0.09746   0.09575   0.09403   0.09232   0.09061   0.08890   0.08719   0.08548   0.08377   0.08205   0.08034
A54e-45   0.03400   0.03350   0.03300   0.03250   0.03200   0.03150   0.03100   0.03050   0.03000   0.02950   0.02900   0.02850   0.02800   0.02750   0.02700   0.02650   0.02600   0.02550   0.02500   0.02450   0.02400   0.02350   0.02300   0.02250   0.02200   0.02150   0.02100   0.02050   0.02000   0.01950   0.01900   0.01850   0.01800   0.01750   0.01700   0.01650   0.01600   0.01550   0.01500   0.01450   0.01400   0.01350
A54f-02   0.03955   0.03904   0.03854   0.03803   0.03752   0.03702   0.03651   0.03600   0.03550   0.03499   0.03448   0.03397   0.03347   0.03296   0.03245   0.03195   0.03144   0.03093   0.03043   0.02992   0.02941   0.02890   0.02840   0.02789   0.02738   0.02688   0.02637   0.02586   0.02536   0.02485   0.02434   0.02383   0.02333   0.02282   0.02231   0.02181   0.02130   0.02079   0.02029   0.01978   0.01927   0.01877
A54f-03   0.12554   0.12419   0.12284   0.12149   0.12014   0.11879   0.11743   0.11608   0.11473   0.11338   0.11203   0.11068   0.10933   0.10798   0.10663   0.10527   0.10392   0.10257   0.10122   0.09987   0.09852   0.09717   0.09582   0.09447   0.09311   0.09176   0.09041   0.08906   0.08771   0.08636   0.08501   0.08366   0.08230   0.08095   0.07960   0.07825   0.07690   0.07555   0.07420   0.07285   0.07150   0.07014
A54f-05   0.35553   0.35087   0.34622   0.34157   0.33691   0.33226   0.32760   0.32295   0.31830   0.31364   0.30899   0.30434   0.29968   0.29503   0.29038   0.28572   0.28107   0.27642   0.27176   0.26711   0.26246   0.25780   0.25315   0.24850   0.24384   0.23919   0.23453   0.22988   0.22523   0.22057   0.21592   0.21127   0.20661   0.20196   0.19731   0.19265   0.18800   0.18335   0.17869   0.17404   0.16939   0.16473
A54f-06   0.55949   0.55406   0.54863   0.54320   0.53777   0.53234   0.52691   0.52148   0.51605   0.51062   0.50519   0.49976   0.49433   0.48890   0.48347   0.47803   0.47260   0.46717   0.46174   0.45631   0.45088   0.44545   0.44002   0.43459   0.42916   0.42373   0.41830   0.41287   0.40744   0.40201   0.39658   0.39115   0.38572   0.38029   0.37486   0.36943   0.36400   0.35857   0.35314   0.34771   0.34228   0.33685
A54f-07   1.05595   1.05073   1.04551   1.04029   1.03507   1.02985   1.02463   1.01941   1.01419   1.00897   1.00374   0.99852   0.99330   0.98808   0.98286   0.97764   0.97242   0.96720   0.96198   0.95676   0.95153   0.94631   0.94109   0.93587   0.93065   0.92543   0.92021   0.91499   0.90977   0.90455   0.89933   0.89410   0.88888   0.88366   0.87844   0.87322   0.86800   0.86278   0.85756   0.85234   0.84712   0.84190
A54f-09   0.36273   0.35795   0.35317   0.34839   0.34360   0.33882   0.33404   0.32926   0.32448   0.31970   0.31492   0.31013   0.30535   0.30057   0.29579   0.29101   0.28623   0.28145   0.27667   0.27188   0.26710   0.26232   0.25754   0.25276   0.24798   0.24320   0.23841   0.23363   0.22885   0.22407   0.21929   0.21451   0.20973   0.20494   0.20016   0.19538   0.19060   0.18582   0.18104   0.17626   0.17147   0.16669
A54f-10   0.52923   0.51947   0.50972   0.49997   0.49021   0.48046   0.47070   0.46095   0.45120   0.44144   0.43169   0.42194   0.41218   0.40243   0.39268   0.38292   0.37317   0.36342   0.35366   0.34391   0.33416   0.32440   0.31465   0.30490   0.29514   0.28539   0.27563   0.26588   0.25613   0.24637   0.23662   0.22687   0.21711   0.20736   0.19761   0.18785   0.17810   0.16835   0.15859   0.14884   0.13909   0.12933
A54f-11   0.53432   0.52530   0.51627   0.50724   0.49822   0.48919   0.48017   0.47114   0.46212   0.45309   0.44407   0.43504   0.42601   0.41699   0.40796   0.39894   0.38991   0.38089   0.37186   0.36283   0.35381   0.34478   0.33576   0.32673   0.31771   0.30868   0.29966   0.29063   0.28160   0.27258   0.26355   0.25453   0.24550   0.23648   0.22745   0.21843   0.20940   0.20037   0.19135   0.18232   0.17330   0.16427
A54f-14   0.27611   0.27047   0.26482   0.25918   0.25354   0.24790   0.24226   0.23661   0.23097   0.22533   0.21969   0.21405   0.20840   0.20276   0.19712   0.19148   0.18584   0.18020   0.17455   0.16891   0.16327   0.15763   0.15199   0.14634   0.14070   0.13506   0.12942   0.12378   0.11813   0.11249   0.10685   0.10121   0.09557   0.08993   0.08428   0.07864   0.07300   0.06736   0.06172   0.05607   0.05043   0.04479
A54g-02   0.23248   0.23025   0.22802   0.22579   0.22356   0.22133   0.21910   0.21687   0.21464   0.21241   0.21018   0.20795   0.20572   0.20348   0.20125   0.19902   0.19679   0.19456   0.19233   0.19010   0.18787   0.18564   0.18341   0.18118   0.17895   0.17672   0.17448   0.17225   0.17002   0.16779   0.16556   0.16333   0.16110   0.15887   0.15664   0.15441   0.15218   0.14995   0.14772   0.14548   0.14325   0.14102
A54g-03   4.95834   4.92684   4.89535   4.86385   4.83236   4.80086   4.76937   4.73787   4.70638   4.67488   4.64339   4.61189   4.58040   4.54890   4.51741   4.48591   4.45442   4.42292   4.39143   4.35993   4.32844   4.29694   4.26545   4.23395   4.20246   4.17096   4.13947   4.10797   4.07648   4.04498   4.01349   3.98199   3.95050   3.91901   3.88751   3.85602   3.82452   3.79303   3.76153   3.73004   3.69854   3.66705
A54g-04   0.59138   0.58550   0.57963   0.57376   0.56788   0.56201   0.55613   0.55026   0.54438   0.53851   0.53263   0.52676   0.52089   0.51501   0.50914   0.50326   0.49739   0.49151   0.48564   0.47977   0.47389   0.46802   0.46214   0.45627   0.45039   0.44452   0.43864   0.43277   0.42690   0.42102   0.41515   0.40927   0.40340   0.39752   0.39165   0.38577   0.37990   0.37403   0.36815   0.36228   0.35640   0.35053
A54g-06   0.17273   0.17018   0.16763   0.16507   0.16252   0.15997   0.15742   0.15486   0.15231   0.14976   0.14721   0.14465   0.14210   0.13955   0.13699   0.13444   0.13189   0.12934   0.12678   0.12423   0.12168   0.11913   0.11657   0.11402   0.11147   0.10892   0.10636   0.10381   0.10126   0.09871   0.09615   0.09360   0.09105   0.08849   0.08594   0.08339   0.08084   0.07828   0.07573   0.07318   0.07063   0.06807
A54g-07   0.53049   0.52243   0.51438   0.50632   0.49826   0.49020   0.48214   0.47409   0.46603   0.45797   0.44991   0.44185   0.43380   0.42574   0.41768   0.40962   0.40156   0.39350   0.38545   0.37739   0.36933   0.36127   0.35321   0.34516   0.33710   0.32904   0.32098   0.31292   0.30487   0.29681   0.28875   0.28069   0.27263   0.26457   0.25652   0.24846   0.24040   0.23234   0.22428   0.21623   0.20817   0.20011
A54g-08   0.89756   0.88749   0.87741   0.86733   0.85726   0.84718   0.83710   0.82703   0.81695   0.80687   0.79680   0.78672   0.77664   0.76657   0.75649   0.74641   0.73633   0.72626   0.71618   0.70610   0.69603   0.68595   0.67587   0.66580   0.65572   0.64564   0.63557   0.62549   0.61541   0.60534   0.59526   0.58518   0.57511   0.56503   0.55495   0.54488   0.53480   0.52472   0.51465   0.50457   0.49449   0.48442
A54g-09   0.10196   0.10046   0.09895   0.09745   0.09594   0.09444   0.09293   0.09143   0.08992   0.08842   0.08691   0.08541   0.08390   0.08240   0.08089   0.07939   0.07788   0.07638   0.07487   0.07337   0.07186   0.07036   0.06885   0.06735   0.06584   0.06434   0.06283   0.06133   0.05982   0.05832   0.05681   0.05531   0.05380   0.05229   0.05079   0.04928   0.04778   0.04627   0.04477   0.04326   0.04176   0.04025
A54g-10   0.21007   0.20678   0.20349   0.20020   0.19691   0.19362   0.19033   0.18704   0.18375   0.18046   0.17717   0.17388   0.17059   0.16731   0.16402   0.16073   0.15744   0.15415   0.15086   0.14757   0.14428   0.14099   0.13770   0.13441   0.13112   0.12783   0.12454   0.12125   0.11796   0.11467   0.11138   0.10809   0.10480   0.10151   0.09822   0.09493   0.09164   0.08835   0.08506   0.08177   0.07848   0.07519
A54g-11  26.43415  26.33037  26.22659  26.12281  26.01903  25.91525  25.81147  25.70769  25.60391  25.50013  25.39636  25.29258  25.18880  25.08502  24.98124  24.87746  24.77368  24.66990  24.56612  24.46234  24.35857  24.25479  24.15101  24.04723  23.94345  23.83967  23.73589  23.63211  23.52833  23.42455  23.32077  23.21700  23.11322  23.00944  22.90566  22.80188  22.69810  22.59432  22.49054  22.38676  22.28298  22.17920
A54g-12   0.03710   0.03669   0.03627   0.03586   0.03545   0.03503   0.03462   0.03420   0.03379   0.03338   0.03296   0.03255   0.03213   0.03172   0.03131   0.03089   0.03048   0.03007   0.02965   0.02924   0.02882   0.02841   0.02800   0.02758   0.02717   0.02675   0.02634   0.02593   0.02551   0.02510   0.02468   0.02427   0.02386   0.02344   0.02303   0.02261   0.02220   0.02179   0.02137   0.02096   0.02054   0.02013
A54g-13   0.02760   0.02742   0.02725   0.02708   0.02691   0.02673   0.02656   0.02639   0.02622   0.02605   0.02587   0.02570   0.02553   0.02536   0.02519   0.02501   0.02484   0.02467   0.02450   0.02433   0.02415   0.02398   0.02381   0.02364   0.02347   0.02329   0.02312   0.02295   0.02278   0.02260   0.02243   0.02226   0.02209   0.02192   0.02174   0.02157   0.02140   0.02123   0.02106   0.02088   0.02071   0.02054
A54g-14   0.32395   0.32246   0.32096   0.31947   0.31798   0.31648   0.31499   0.31350   0.31200   0.31051   0.30902   0.30753   0.30603   0.30454   0.30305   0.30155   0.30006   0.29857   0.29707   0.29558   0.29409   0.29260   0.29110   0.28961   0.28812   0.28662   0.28513   0.28364   0.28214   0.28065   0.27916   0.27767   0.27617   0.27468   0.27319   0.27169   0.27020   0.26871   0.26721   0.26572   0.26423   0.26273
A54g-15   0.13307   0.13207   0.13108   0.13009   0.12910   0.12811   0.12712   0.12613   0.12514   0.12415   0.12316   0.12217   0.12118   0.12019   0.11920   0.11820   0.11721   0.11622   0.11523   0.11424   0.11325   0.11226   0.11127   0.11028   0.10929   0.10830   0.10731   0.10632   0.10533   0.10433   0.10334   0.10235   0.10136   0.10037   0.09938   0.09839   0.09740   0.09641   0.09542   0.09443   0.09344   0.09245
A54g-16   0.20362   0.20199   0.20037   0.19874   0.19712   0.19549   0.19387   0.19224   0.19062   0.18899   0.18736   0.18574   0.18411   0.18249   0.18086   0.17924   0.17761   0.17598   0.17436   0.17273   0.17111   0.16948   0.16786   0.16623   0.16461   0.16298   0.16135   0.15973   0.15810   0.15648   0.15485   0.15323   0.15160   0.14997   0.14835   0.14672   0.14510   0.14347   0.14185   0.14022   0.13859   0.13697
A54g-17   0.02006   0.01971   0.01936   0.01901   0.01867   0.01832   0.01797   0.01762   0.01727   0.01692   0.01657   0.01623   0.01588   0.01553   0.01518   0.01483   0.01448   0.01413   0.01379   0.01344   0.01309   0.01274   0.01239   0.01204   0.01169   0.01135   0.01100   0.01065   0.01030   0.00995   0.00960   0.00925   0.00891   0.00856   0.00821   0.00786   0.00751   0.00716   0.00681   0.00647   0.00612   0.00577
A54g-18   0.20664   0.20339   0.20014   0.19689   0.19364   0.19038   0.18713   0.18388   0.18063   0.17738   0.17413   0.17088   0.16763   0.16437   0.16112   0.15787   0.15462   0.15137   0.14812   0.14487   0.14162   0.13836   0.13511   0.13186   0.12861   0.12536   0.12211   0.11886   0.11561   0.11235   0.10910   0.10585   0.10260   0.09935   0.09610   0.09285   0.08959   0.08634   0.08309   0.07984   0.07659   0.07334
A54g-19   0.20833   0.20737   0.20642   0.20547   0.20451   0.20356   0.20260   0.20165   0.20070   0.19974   0.19879   0.19784   0.19688   0.19593   0.19498   0.19402   0.19307   0.19212   0.19116   0.19021   0.18926   0.18830   0.18735   0.18640   0.18544   0.18449   0.18353   0.18258   0.18163   0.18067   0.17972   0.17877   0.17781   0.17686   0.17591   0.17495   0.17400   0.17305   0.17209   0.17114   0.17019   0.16923
A54g-20   0.06368   0.06250   0.06133   0.06016   0.05898   0.05781   0.05663   0.05546   0.05428   0.05311   0.05193   0.05076   0.04959   0.04841   0.04724   0.04606   0.04489   0.04371   0.04254   0.04137   0.04019   0.03902   0.03784   0.03667   0.03549   0.03432   0.03314   0.03197   0.03080   0.02962   0.02845   0.02727   0.02610   0.02492   0.02375   0.02257   0.02140   0.02023   0.01905   0.01788   0.01670   0.01553
A54g-21   0.12288   0.12239   0.12190   0.12142   0.12093   0.12044   0.11995   0.11946   0.11897   0.11849   0.11800   0.11751   0.11702   0.11653   0.11604   0.11556   0.11507   0.11458   0.11409   0.11360   0.11311   0.11263   0.11214   0.11165   0.11116   0.11067   0.11018   0.10970   0.10921   0.10872   0.10823   0.10774   0.10725   0.10677   0.10628   0.10579   0.10530   0.10481   0.10432   0.10383   0.10335   0.10286
A54g-24   0.19833   0.19416   0.18999   0.18583   0.18166   0.17749   0.17332   0.16916   0.16499   0.16082   0.15665   0.15249   0.14832   0.14415   0.13998   0.13582   0.13165   0.12748   0.12331   0.11915   0.11498   0.11081   0.10664   0.10248   0.09831   0.09414   0.08997   0.08581   0.08164   0.07747   0.07330   0.06914   0.06497   0.06080   0.05663   0.05247   0.04830   0.04413   0.03997   0.03580   0.03163   0.02746
A54g-25   1.72125   1.70384   1.68644   1.66903   1.65162   1.63422   1.61681   1.59940   1.58200   1.56459   1.54718   1.52977   1.51237   1.49496   1.47755   1.46015   1.44274   1.42533   1.40793   1.39052   1.37311   1.35570   1.33830   1.32089   1.30348   1.28608   1.26867   1.25126   1.23386   1.21645   1.19904   1.18163   1.16423   1.14682   1.12941   1.11201   1.09460   1.07719   1.05979   1.04238   1.02497   1.00757
A54g-33   0.10245   0.09950   0.09655   0.09360   0.09065   0.08770   0.08475   0.08180   0.07885   0.07590   0.07295   0.07000   0.06705   0.06410   0.06115   0.05820   0.05525   0.05230   0.04935   0.04640   0.04345   0.04050   0.03755   0.03460   0.03165   0.02870   0.02575   0.02280   0.01985   0.01690   0.01395   0.01100   0.00805   0.00510   0.00215   0.00000   0.00000   0.00000   0.00000   0.00000   0.00000   0.00000
A54g-34   0.10228   0.09931   0.09634   0.09336   0.09039   0.08742   0.08444   0.08147   0.07849   0.07552   0.07255   0.06957   0.06660   0.06363   0.06065   0.05768   0.05471   0.05173   0.04876   0.04578   0.04281   0.03984   0.03686   0.03389   0.03092   0.02794   0.02497   0.02199   0.01902   0.01605   0.01307   0.01010   0.00713   0.00415   0.00118   0.00000   0.00000   0.00000   0.00000   0.00000   0.00000   0.00000
A54g-45   0.04235   0.04143   0.04051   0.03959   0.03867   0.03775   0.03683   0.03591   0.03498   0.03406   0.03314   0.03222   0.03130   0.03038   0.02946   0.02854   0.02762   0.02669   0.02577   0.02485   0.02393   0.02301   0.02209   0.02117   0.02025   0.01933   0.01841   0.01748   0.01656   0.01564   0.01472   0.01380   0.01288   0.01196   0.01104   0.01012   0.00919   0.00827   0.00735   0.00643   0.00551   0.00459
A54g-47   0.08962   0.08912   0.08862   0.08813   0.08763   0.08713   0.08663   0.08614   0.08564   0.08514   0.08464   0.08415   0.08365   0.08315   0.08265   0.08216   0.08166   0.08116   0.08066   0.08017   0.07967   0.07917   0.07867   0.07818   0.07768   0.07718   0.07668   0.07619   0.07569   0.07519   0.07469   0.07420   0.07370   0.07320   0.07271   0.07221   0.07171   0.07121   0.07072   0.07022   0.06972   0.06922
A54g-48   0.03675   0.03656   0.03636   0.03617   0.03598   0.03578   0.03559   0.03540   0.03520   0.03501   0.03482   0.03463   0.03443   0.03424   0.03405   0.03385   0.03366   0.03347   0.03327   0.03308   0.03289   0.03270   0.03250   0.03231   0.03212   0.03192   0.03173   0.03154   0.03134   0.03115   0.03096   0.03077   0.03057   0.03038   0.03019   0.02999   0.02980   0.02961   0.02941   0.02922   0.02903   0.02883
A54g-49   0.08358   0.08355   0.08351   0.08348   0.08345   0.08342   0.08339   0.08335   0.08332   0.08329   0.08326   0.08323   0.08320   0.08316   0.08313   0.08310   0.08307   0.08304   0.08300   0.08297   0.08294   0.08291   0.08288   0.08285   0.08281   0.08278   0.08275   0.08272   0.08269   0.08265   0.08262   0.08259   0.08256   0.08253   0.08250   0.08246   0.08243   0.08240   0.08237   0.08234   0.08230   0.08227
A54g-52   0.77615   0.76997   0.76379   0.75761   0.75143   0.74525   0.73907   0.73289   0.72671   0.72053   0.71436   0.70818   0.70200   0.69582   0.68964   0.68346   0.67728   0.67110   0.66492   0.65874   0.65257   0.64639   0.64021   0.63403   0.62785   0.62167   0.61549   0.60931   0.60313   0.59695   0.59077   0.58460   0.57842   0.57224   0.56606   0.55988   0.55370   0.54752   0.54134   0.53516   0.52898   0.52280
A54g-56   0.03249   0.03205   0.03160   0.03116   0.03071   0.03027   0.02983   0.02938   0.02894   0.02849   0.02805   0.02760   0.02716   0.02672   0.02627   0.02583   0.02538   0.02494   0.02450   0.02405   0.02361   0.02316   0.02272   0.02227   0.02183   0.02139   0.02094   0.02050   0.02005   0.01961   0.01917   0.01872   0.01828   0.01783   0.01739   0.01694   0.01650   0.01606   0.01561   0.01517   0.01472   0.01428
A54g-57   0.03298   0.03252   0.03206   0.03160   0.03113   0.03067   0.03021   0.02975   0.02929   0.02883   0.02837   0.02791   0.02745   0.02699   0.02653   0.02607   0.02561   0.02515   0.02469   0.02423   0.02377   0.02331   0.02285   0.02239   0.02193   0.02147   0.02100   0.02054   0.02008   0.01962   0.01916   0.01870   0.01824   0.01778   0.01732   0.01686   0.01640   0.01594   0.01548   0.01502   0.01456   0.01410
A54g-58   0.05998   0.05890   0.05783   0.05676   0.05568   0.05461   0.05353   0.05246   0.05138   0.05031   0.04923   0.04816   0.04709   0.04601   0.04494   0.04386   0.04279   0.04171   0.04064   0.03957   0.03849   0.03742   0.03634   0.03527   0.03419   0.03312   0.03204   0.03097   0.02990   0.02882   0.02775   0.02667   0.02560   0.02452   0.02345   0.02237   0.02130   0.02023   0.01915   0.01808   0.01700   0.01593
A54g-59   0.17348   0.17068   0.16788   0.16508   0.16227   0.15947   0.15667   0.15387   0.15107   0.14826   0.14546   0.14266   0.13986   0.13705   0.13425   0.13145   0.12865   0.12584   0.12304   0.12024   0.11744   0.11463   0.11183   0.10903   0.10623   0.10343   0.10062   0.09782   0.09502   0.09222   0.08941   0.08661   0.08381   0.08101   0.07820   0.07540   0.07260   0.06980   0.06700   0.06419   0.06139   0.05859
A54g-60   0.17617   0.17257   0.16898   0.16539   0.16180   0.15821   0.15462   0.15103   0.14744   0.14385   0.14026   0.13667   0.13308   0.12949   0.12590   0.12230   0.11871   0.11512   0.11153   0.10794   0.10435   0.10076   0.09717   0.09358   0.08999   0.08640   0.08281   0.07922   0.07563   0.07203   0.06844   0.06485   0.06126   0.05767   0.05408   0.05049   0.04690   0.04331   0.03972   0.03613   0.03254   0.02895
A54g-69   0.21277   0.20835   0.20393   0.19951   0.19510   0.19068   0.18626   0.18184   0.17742   0.17300   0.16858   0.16417   0.15975   0.15533   0.15091   0.14649   0.14207   0.13765   0.13323   0.12882   0.12440   0.11998   0.11556   0.11114   0.10672   0.10230   0.09789   0.09347   0.08905   0.08463   0.08021   0.07579   0.07137   0.06696   0.06254   0.05812   0.05370   0.04928   0.04486   0.04044   0.03603   0.03161
A54h-02   0.04461   0.04393   0.04325   0.04256   0.04188   0.04120   0.04051   0.03983   0.03914   0.03846   0.03778   0.03709   0.03641   0.03573   0.03504   0.03436   0.03367   0.03299   0.03231   0.03162   0.03094   0.03026   0.02957   0.02889   0.02820   0.02752   0.02684   0.02615   0.02547   0.02479   0.02410   0.02342   0.02273   0.02205   0.02137   0.02068   0.02000   0.01932   0.01863   0.01795   0.01727   0.01658
A54h-03   0.11659   0.11495   0.11330   0.11166   0.11001   0.10837   0.10673   0.10508   0.10344   0.10179   0.10015   0.09850   0.09686   0.09522   0.09357   0.09193   0.09028   0.08864   0.08700   0.08535   0.08371   0.08206   0.08042   0.07877   0.07713   0.07549   0.07384   0.07220   0.07055   0.06891   0.06727   0.06562   0.06398   0.06233   0.06069   0.05904   0.05740   0.05576   0.05411   0.05247   0.05082   0.04918
A54h-04   1.94823   1.92433   1.90042   1.87651   1.85260   1.82869   1.80478   1.78087   1.75696   1.73305   1.70914   1.68523   1.66132   1.63741   1.61350   1.58960   1.56569   1.54178   1.51787   1.49396   1.47005   1.44614   1.42223   1.39832   1.37441   1.35050   1.32659   1.30268   1.27877   1.25487   1.23096   1.20705   1.18314   1.15923   1.13532   1.11141   1.08750   1.06359   1.03968   1.01577   0.99186   0.96795
A54h-05   0.27947   0.27753   0.27558   0.27363   0.27169   0.26974   0.26780   0.26585   0.26390   0.26196   0.26001   0.25806   0.25612   0.25417   0.25222   0.25028   0.24833   0.24638   0.24444   0.24249   0.24054   0.23860   0.23665   0.23470   0.23276   0.23081   0.22887   0.22692   0.22497   0.22303   0.22108   0.21913   0.21719   0.21524   0.21329   0.21135   0.20940   0.20745   0.20551   0.20356   0.20161   0.19967
A54h-06   0.58804   0.57669   0.56534   0.55399   0.54264   0.53129   0.51993   0.50858   0.49723   0.48588   0.47453   0.46318   0.45183   0.44048   0.42913   0.41777   0.40642   0.39507   0.38372   0.37237   0.36102   0.34967   0.33832   0.32697   0.31561   0.30426   0.29291   0.28156   0.27021   0.25886   0.24751   0.23616   0.22480   0.21345   0.20210   0.19075   0.17940   0.16805   0.15670   0.14535   0.13400   0.12264
A54h-07   0.53731   0.53023   0.52315   0.51606   0.50898   0.50190   0.49481   0.48773   0.48064   0.47356   0.46648   0.45939   0.45231   0.44523   0.43814   0.43106   0.42397   0.41689   0.40981   0.40272   0.39564   0.38856   0.38147   0.37439   0.36730   0.36022   0.35314   0.34605   0.33897   0.33189   0.32480   0.31772   0.31063   0.30355   0.29647   0.28938   0.28230   0.27522   0.26813   0.26105   0.25397   0.24688
A54h-08   0.03299   0.03253   0.03208   0.03162   0.03116   0.03070   0.03024   0.02979   0.02933   0.02887   0.02841   0.02795   0.02750   0.02704   0.02658   0.02612   0.02566   0.02520   0.02475   0.02429   0.02383   0.02337   0.02291   0.02246   0.02200   0.02154   0.02108   0.02062   0.02017   0.01971   0.01925   0.01879   0.01833   0.01787   0.01742   0.01696   0.01650   0.01604   0.01558   0.01513   0.01467   0.01421
A54h-10   0.10940   0.10672   0.10405   0.10138   0.09871   0.09603   0.09336   0.09069   0.08802   0.08535   0.08267   0.08000   0.07733   0.07466   0.07199   0.06931   0.06664   0.06397   0.06130   0.05863   0.05595   0.05328   0.05061   0.04794   0.04527   0.04259   0.03992   0.03725   0.03458   0.03190   0.02923   0.02656   0.02389   0.02122   0.01854   0.01587   0.01320   0.01053   0.00786   0.00518   0.00251   0.00000
A54h-11   0.01482   0.01480   0.01477   0.01474   0.01472   0.01469   0.01467   0.01464   0.01462   0.01459   0.01457   0.01454   0.01451   0.01449   0.01446   0.01444   0.01441   0.01439   0.01436   0.01433   0.01431   0.01428   0.01426   0.01423   0.01421   0.01418   0.01416   0.01413   0.01410   0.01408   0.01405   0.01403   0.01400   0.01398   0.01395   0.01393   0.01390   0.01387   0.01385   0.01382   0.01380   0.01377
A54h-12   0.25562   0.25250   0.24937   0.24624   0.24312   0.23999   0.23687   0.23374   0.23062   0.22749   0.22437   0.22124   0.21811   0.21499   0.21186   0.20874   0.20561   0.20249   0.19936   0.19623   0.19311   0.18998   0.18686   0.18373   0.18061   0.17748   0.17436   0.17123   0.16810   0.16498   0.16185   0.15873   0.15560   0.15248   0.14935   0.14623   0.14310   0.13997   0.13685   0.13372   0.13060   0.12747
A54i-01   0.25694   0.25400   0.25107   0.24813   0.24519   0.24225   0.23932   0.23638   0.23344   0.23050   0.22757   0.22463   0.22169   0.21876   0.21582   0.21288   0.20994   0.20701   0.20407   0.20113   0.19820   0.19526   0.19232   0.18938   0.18645   0.18351   0.18057   0.17763   0.17470   0.17176   0.16882   0.16589   0.16295   0.16001   0.15707   0.15414   0.15120   0.14826   0.14533   0.14239   0.13945   0.13651
A54i-02   1.68943   1.67916   1.66889   1.65863   1.64836   1.63809   1.62782   1.61756   1.60729   1.59702   1.58675   1.57649   1.56622   1.55595   1.54568   1.53542   1.52515   1.51488   1.50461   1.49435   1.48408   1.47381   1.46354   1.45328   1.44301   1.43274   1.42247   1.41221   1.40194   1.39167   1.38140   1.37114   1.36087   1.35060   1.34033   1.33007   1.31980   1.30953   1.29927   1.28900   1.27873   1.26846
A54i-03   1.61883   1.61054   1.60224   1.59395   1.58565   1.57736   1.56906   1.56077   1.55247   1.54417   1.53588   1.52758   1.51929   1.51099   1.50270   1.49440   1.48611   1.47781   1.46952   1.46122   1.45293   1.44463   1.43633   1.42804   1.41974   1.41145   1.40315   1.39486   1.38656   1.37827   1.36997   1.36168   1.35338   1.34509   1.33679   1.32850   1.32020   1.31190   1.30361   1.29531   1.28702   1.27872
A54i-05  13.28127  13.21315  13.14503  13.07691  13.00880  12.94068  12.87256  12.80444  12.73632  12.66820  12.60008  12.53197  12.46385  12.39573  12.32761  12.25949  12.19137  12.12325  12.05513  11.98702  11.91890  11.85078  11.78266  11.71454  11.64642  11.57830  11.51019  11.44207  11.37395  11.30583  11.23771  11.16959  11.10147  11.03336  10.96524  10.89712  10.82900  10.76088  10.69276  10.62464  10.55653  10.48841
A54i-06   0.03238   0.03192   0.03146   0.03100   0.03053   0.03007   0.02961   0.02915   0.02869   0.02823   0.02777   0.02731   0.02685   0.02639   0.02593   0.02547   0.02501   0.02455   0.02409   0.02363   0.02317   0.02271   0.02225   0.02179   0.02133   0.02087   0.02040   0.01994   0.01948   0.01902   0.01856   0.01810   0.01764   0.01718   0.01672   0.01626   0.01580   0.01534   0.01488   0.01442   0.01396   0.01350
A54i-07   0.45448   0.44780   0.44113   0.43446   0.42778   0.42111   0.41443   0.40776   0.40108   0.39441   0.38773   0.38106   0.37439   0.36771   0.36104   0.35436   0.34769   0.34101   0.33434   0.32767   0.32099   0.31432   0.30764   0.30097   0.29429   0.28762   0.28094   0.27427   0.26760   0.26092   0.25425   0.24757   0.24090   0.23422   0.22755   0.22087   0.21420   0.20753   0.20085   0.19418   0.18750   0.18083
A54i-08   0.31183   0.30933   0.30682   0.30431   0.30180   0.29929   0.29678   0.29427   0.29176   0.28925   0.28674   0.28423   0.28172   0.27921   0.27670   0.27420   0.27169   0.26918   0.26667   0.26416   0.26165   0.25914   0.25663   0.25412   0.25161   0.24910   0.24659   0.24408   0.24157   0.23907   0.23656   0.23405   0.23154   0.22903   0.22652   0.22401   0.22150   0.21899   0.21648   0.21397   0.21146   0.20895
A54i-10   0.99210   0.98731   0.98253   0.97774   0.97295   0.96817   0.96338   0.95860   0.95381   0.94902   0.94424   0.93945   0.93467   0.92988   0.92509   0.92031   0.91552   0.91073   0.90595   0.90116   0.89638   0.89159   0.88680   0.88202   0.87723   0.87245   0.86766   0.86287   0.85809   0.85330   0.84852   0.84373   0.83894   0.83416   0.82937   0.82459   0.81980   0.81501   0.81023   0.80544   0.80066   0.79587
A54i-11   0.03799   0.03787   0.03775   0.03764   0.03752   0.03740   0.03729   0.03717   0.03706   0.03694   0.03682   0.03671   0.03659   0.03647   0.03636   0.03624   0.03613   0.03601   0.03589   0.03578   0.03566   0.03554   0.03543   0.03531   0.03520   0.03508   0.03496   0.03485   0.03473   0.03461   0.03450   0.03438   0.03427   0.03415   0.03403   0.03392   0.03380   0.03368   0.03357   0.03345   0.03333   0.03322
A54i-13   0.03277   0.03227   0.03178   0.03129   0.03080   0.03031   0.02982   0.02933   0.02884   0.02835   0.02786   0.02737   0.02688   0.02639   0.02590   0.02540   0.02491   0.02442   0.02393   0.02344   0.02295   0.02246   0.02197   0.02148   0.02099   0.02050   0.02001   0.01952   0.01903   0.01853   0.01804   0.01755   0.01706   0.01657   0.01608   0.01559   0.01510   0.01461   0.01412   0.01363   0.01314   0.01265
A54i-14   0.08554   0.08410   0.08267   0.08123   0.07979   0.07835   0.07692   0.07548   0.07404   0.07260   0.07117   0.06973   0.06829   0.06686   0.06542   0.06398   0.06254   0.06111   0.05967   0.05823   0.05680   0.05536   0.05392   0.05248   0.05105   0.04961   0.04817   0.04673   0.04530   0.04386   0.04242   0.04099   0.03955   0.03811   0.03667   0.03524   0.03380   0.03236   0.03093   0.02949   0.02805   0.02661
A54i-18   0.04009   0.03947   0.03885   0.03824   0.03762   0.03700   0.03639   0.03577   0.03516   0.03454   0.03392   0.03331   0.03269   0.03207   0.03146   0.03084   0.03023   0.02961   0.02899   0.02838   0.02776   0.02714   0.02653   0.02591   0.02530   0.02468   0.02406   0.02345   0.02283   0.02221   0.02160   0.02098   0.02037   0.01975   0.01913   0.01852   0.01790   0.01728   0.01667   0.01605   0.01543   0.01482
A54i-22   0.55385   0.54913   0.54441   0.53969   0.53497   0.53025   0.52553   0.52081   0.51609   0.51137   0.50664   0.50192   0.49720   0.49248   0.48776   0.48304   0.47832   0.47360   0.46888   0.46416   0.45943   0.45471   0.44999   0.44527   0.44055   0.43583   0.43111   0.42639   0.42167   0.41695   0.41223   0.40750   0.40278   0.39806   0.39334   0.38862   0.38390   0.37918   0.37446   0.36974   0.36502   0.36030
A54i-23   0.08607   0.08444   0.08281   0.08117   0.07954   0.07791   0.07628   0.07464   0.07301   0.07138   0.06975   0.06811   0.06648   0.06485   0.06322   0.06158   0.05995   0.05832   0.05669   0.05505   0.05342   0.05179   0.05016   0.04852   0.04689   0.04526   0.04363   0.04199   0.04036   0.03873   0.03710   0.03546   0.03383   0.03220   0.03057   0.02893   0.02730   0.02567   0.02403   0.02240   0.02077   0.01914
A54i-24   0.15496   0.15229   0.14961   0.14693   0.14426   0.14158   0.13890   0.13623   0.13355   0.13087   0.12820   0.12552   0.12284   0.12017   0.11749   0.11481   0.11213   0.10946   0.10678   0.10410   0.10143   0.09875   0.09607   0.09340   0.09072   0.08804   0.08537   0.08269   0.08001   0.07734   0.07466   0.07198   0.06931   0.06663   0.06395   0.06128   0.05860   0.05592   0.05325   0.05057   0.04789   0.04522
A54i-25   0.03287   0.03247   0.03208   0.03169   0.03130   0.03091   0.03052   0.03013   0.02974   0.02935   0.02896   0.02857   0.02818   0.02779   0.02740   0.02700   0.02661   0.02622   0.02583   0.02544   0.02505   0.02466   0.02427   0.02388   0.02349   0.02310   0.02271   0.02232   0.02193   0.02153   0.02114   0.02075   0.02036   0.01997   0.01958   0.01919   0.01880   0.01841   0.01802   0.01763   0.01724   0.01685
A54j-01   0.03870   0.03842   0.03815   0.03788   0.03761   0.03733   0.03706   0.03679   0.03652   0.03625   0.03597   0.03570   0.03543   0.03516   0.03489   0.03461   0.03434   0.03407   0.03380   0.03353   0.03325   0.03298   0.03271   0.03244   0.03217   0.03189   0.03162   0.03135   0.03108   0.03080   0.03053   0.03026   0.02999   0.02972   0.02944   0.02917   0.02890   0.02863   0.02836   0.02808   0.02781   0.02754
A54j-02   6.01956   6.00200   5.98443   5.96687   5.94931   5.93175   5.91418   5.89662   5.87906   5.86150   5.84393   5.82637   5.80881   5.79124   5.77368   5.75612   5.73856   5.72099   5.70343   5.68587   5.66830   5.65074   5.63318   5.61562   5.59805   5.58049   5.56293   5.54537   5.52780   5.51024   5.49268   5.47511   5.45755   5.43999   5.42243   5.40486   5.38730   5.36974   5.35217   5.33461   5.31705   5.29949
A54j-03   1.83989   1.83595   1.83201   1.82806   1.82412   1.82018   1.81623   1.81229   1.80835   1.80440   1.80046   1.79652   1.79257   1.78863   1.78468   1.78074   1.77680   1.77285   1.76891   1.76497   1.76102   1.75708   1.75314   1.74919   1.74525   1.74131   1.73736   1.73342   1.72947   1.72553   1.72159   1.71764   1.71370   1.70976   1.70581   1.70187   1.69793   1.69398   1.69004   1.68609   1.68215   1.67821
A54j-04   0.09940   0.09770   0.09600   0.09430   0.09260   0.09090   0.08920   0.08750   0.08580   0.08410   0.08240   0.08070   0.07900   0.07730   0.07560   0.07390   0.07220   0.07050   0.06880   0.06710   0.06540   0.06370   0.06200   0.06030   0.05860   0.05690   0.05520   0.05350   0.05180   0.05010   0.04840   0.04670   0.04500   0.04330   0.04160   0.03990   0.03820   0.03650   0.03480   0.03310   0.03140   0.02970
A54j-05   0.07656   0.07616   0.07575   0.07534   0.07494   0.07453   0.07413   0.07372   0.07332   0.07291   0.07251   0.07210   0.07169   0.07129   0.07088   0.07048   0.07007   0.06967   0.06926   0.06886   0.06845   0.06804   0.06764   0.06723   0.06683   0.06642   0.06602   0.06561   0.06521   0.06480   0.06439   0.06399   0.06358   0.06318   0.06277   0.06237   0.06196   0.06156   0.06115   0.06074   0.06034   0.05993
A54j-07   0.25651   0.25190   0.24728   0.24267   0.23806   0.23345   0.22883   0.22422   0.21961   0.21499   0.21038   0.20577   0.20116   0.19654   0.19193   0.18732   0.18271   0.17809   0.17348   0.16887   0.16425   0.15964   0.15503   0.15042   0.14580   0.14119   0.13658   0.13196   0.12735   0.12274   0.11813   0.11351   0.10890   0.10429   0.09967   0.09506   0.09045   0.08584   0.08122   0.07661   0.07200   0.06738
A54j-08   0.07326   0.07238   0.07151   0.07063   0.06975   0.06888   0.06800   0.06712   0.06625   0.06537   0.06449   0.06362   0.06274   0.06186   0.06098   0.06011   0.05923   0.05835   0.05748   0.05660   0.05572   0.05485   0.05397   0.05309   0.05222   0.05134   0.05046   0.04958   0.04871   0.04783   0.04695   0.04608   0.04520   0.04432   0.04345   0.04257   0.04169   0.04082   0.03994   0.03906   0.03818   0.03731
A54j-09   0.02072   0.02055   0.02038   0.02021   0.02004   0.01987   0.01970   0.01953   0.01936   0.01919   0.01902   0.01885   0.01868   0.01852   0.01835   0.01818   0.01801   0.01784   0.01767   0.01750   0.01733   0.01716   0.01699   0.01682   0.01665   0.01648   0.01632   0.01615   0.01598   0.01581   0.01564   0.01547   0.01530   0.01513   0.01496   0.01479   0.01462   0.01445   0.01428   0.01412   0.01395   0.01378
A54k-02   0.08948   0.08699   0.08450   0.08201   0.07952   0.07703   0.07454   0.07206   0.06957   0.06708   0.06459   0.06210   0.05961   0.05712   0.05463   0.05214   0.04966   0.04717   0.04468   0.04219   0.03970   0.03721   0.03472   0.03223   0.02974   0.02726   0.02477   0.02228   0.01979   0.01730   0.01481   0.01232   0.00983   0.00734   0.00486   0.00237   0.00000   0.00000   0.00000   0.00000   0.00000   0.00000
A54l-02   0.21572   0.21475   0.21378   0.21281   0.21184   0.21087   0.20990   0.20893   0.20796   0.20699   0.20602   0.20505   0.20408   0.20312   0.20215   0.20118   0.20021   0.19924   0.19827   0.19730   0.19633   0.19536   0.19439   0.19342   0.19245   0.19148   0.19052   0.18955   0.18858   0.18761   0.18664   0.18567   0.18470   0.18373   0.18276   0.18179   0.18082   0.17985   0.17888   0.17792   0.17695   0.17598
A54l-03   0.38805   0.38464   0.38123   0.37782   0.37442   0.37101   0.36760   0.36419   0.36078   0.35738   0.35397   0.35056   0.34715   0.34375   0.34034   0.33693   0.33352   0.33012   0.32671   0.32330   0.31989   0.31648   0.31308   0.30967   0.30626   0.30285   0.29945   0.29604   0.29263   0.28922   0.28582   0.28241   0.27900   0.27559   0.27218   0.26878   0.26537   0.26196   0.25855   0.25515   0.25174   0.24833
A54l-04   9.22568   9.19765   9.16962   9.14159   9.11356   9.08553   9.05750   9.02947   9.00144   8.97341   8.94538   8.91735   8.88932   8.86128   8.83325   8.80522   8.77719   8.74916   8.72113   8.69310   8.66507   8.63704   8.60901   8.58098   8.55295   8.52492   8.49688   8.46885   8.44082   8.41279   8.38476   8.35673   8.32870   8.30067   8.27264   8.24461   8.21658   8.18855   8.16052   8.13248   8.10445   8.07642
A54l-06   0.04179   0.04133   0.04087   0.04041   0.03995   0.03949   0.03903   0.03857   0.03812   0.03766   0.03720   0.03674   0.03628   0.03582   0.03536   0.03490   0.03444   0.03398   0.03353   0.03307   0.03261   0.03215   0.03169   0.03123   0.03077   0.03031   0.02985   0.02939   0.02894   0.02848   0.02802   0.02756   0.02710   0.02664   0.02618   0.02572   0.02526   0.02481   0.02435   0.02389   0.02343   0.02297
A54l-08   0.02841   0.02836   0.02830   0.02824   0.02819   0.02813   0.02808   0.02802   0.02797   0.02791   0.02786   0.02780   0.02774   0.02769   0.02763   0.02758   0.02752   0.02747   0.02741   0.02736   0.02730   0.02724   0.02719   0.02713   0.02708   0.02702   0.02697   0.02691   0.02686   0.02680   0.02674   0.02669   0.02663   0.02658   0.02652   0.02647   0.02641   0.02636   0.02630   0.02624   0.02619   0.02613
A54l-09   0.14145   0.14041   0.13938   0.13834   0.13731   0.13627   0.13523   0.13420   0.13316   0.13213   0.13109   0.13005   0.12902   0.12798   0.12695   0.12591   0.12487   0.12384   0.12280   0.12177   0.12073   0.11969   0.11866   0.11762   0.11659   0.11555   0.11452   0.11348   0.11244   0.11141   0.11037   0.10934   0.10830   0.10726   0.10623   0.10519   0.10416   0.10312   0.10208   0.10105   0.10001   0.09898
A54l-10   0.34663   0.34499   0.34335   0.34172   0.34008   0.33844   0.33680   0.33516   0.33352   0.33188   0.33025   0.32861   0.32697   0.32533   0.32369   0.32205   0.32042   0.31878   0.31714   0.31550   0.31386   0.31222   0.31058   0.30895   0.30731   0.30567   0.30403   0.30239   0.30075   0.29912   0.29748   0.29584   0.29420   0.29256   0.29092   0.28928   0.28765   0.28601   0.28437   0.28273   0.28109   0.27945
A54l-11   0.21418   0.21291   0.21163   0.21036   0.20908   0.20781   0.20653   0.20526   0.20398   0.20271   0.20144   0.20016   0.19889   0.19761   0.19634   0.19506   0.19379   0.19252   0.19124   0.18997   0.18869   0.18742   0.18614   0.18487   0.18359   0.18232   0.18105   0.17977   0.17850   0.17722   0.17595   0.17467   0.17340   0.17213   0.17085   0.16958   0.16830   0.16703   0.16575   0.16448   0.16321   0.16193
A54l-12   0.11352   0.11322   0.11292   0.11263   0.11233   0.11203   0.11173   0.11144   0.11114   0.11084   0.11054   0.11025   0.10995   0.10965   0.10935   0.10906   0.10876   0.10846   0.10816   0.10787   0.10757   0.10727   0.10697   0.10668   0.10638   0.10608   0.10578   0.10549   0.10519   0.10489   0.10459   0.10430   0.10400   0.10370   0.10341   0.10311   0.10281   0.10251   0.10222   0.10192   0.10162   0.10132
A54l-14   0.81003   0.80824   0.80646   0.80468   0.80290   0.80112   0.79933   0.79755   0.79577   0.79399   0.79221   0.79042   0.78864   0.78686   0.78508   0.78329   0.78151   0.77973   0.77795   0.77617   0.77438   0.77260   0.77082   0.76904   0.76726   0.76547   0.76369   0.76191   0.76013   0.75835   0.75656   0.75478   0.75300   0.75122   0.74944   0.74765   0.74587   0.74409   0.74231   0.74053   0.73874   0.73696
A54l-15   0.12233   0.12069   0.11905   0.11742   0.11578   0.11414   0.11250   0.11086   0.10922   0.10758   0.10595   0.10431   0.10267   0.10103   0.09939   0.09775   0.09612   0.09448   0.09284   0.09120   0.08956   0.08792   0.08628   0.08465   0.08301   0.08137   0.07973   0.07809   0.07645   0.07482   0.07318   0.07154   0.06990   0.06826   0.06662   0.06498   0.06335   0.06171   0.06007   0.05843   0.05679   0.05515
A54l-16   0.09124   0.09079   0.09034   0.08989   0.08943   0.08898   0.08853   0.08808   0.08763   0.08718   0.08673   0.08627   0.08582   0.08537   0.08492   0.08447   0.08402   0.08357   0.08311   0.08266   0.08221   0.08176   0.08131   0.08086   0.08041   0.07995   0.07950   0.07905   0.07860   0.07815   0.07770   0.07725   0.07679   0.07634   0.07589   0.07544   0.07499   0.07454   0.07409   0.07363   0.07318   0.07273
A54l-17   0.34396   0.34194   0.33992   0.33790   0.33588   0.33386   0.33184   0.32982   0.32780   0.32578   0.32376   0.32174   0.31972   0.31770   0.31568   0.31366   0.31164   0.30962   0.30760   0.30558   0.30356   0.30154   0.29952   0.29750   0.29548   0.29346   0.29144   0.28942   0.28740   0.28538   0.28336   0.28134   0.27932   0.27730   0.27528   0.27326   0.27124   0.26922   0.26720   0.26518   0.26316   0.26114
A54l-19  10.91076  10.85631  10.80186  10.74741  10.69296  10.63852  10.58407  10.52962  10.47517  10.42072  10.36627  10.31182  10.25737  10.20293  10.14848  10.09403  10.03958   9.98513   9.93068   9.87623   9.82178   9.76734   9.71289   9.65844   9.60399   9.54954   9.49509   9.44064   9.38619   9.33175   9.27730   9.22285   9.16840   9.11395   9.05950   9.00505   8.95061   8.89616   8.84171   8.78726   8.73281   8.67836
A54l-20   0.10979   0.10770   0.10562   0.10353   0.10144   0.09935   0.09727   0.09518   0.09309   0.09101   0.08892   0.08683   0.08474   0.08266   0.08057   0.07848   0.07639   0.07431   0.07222   0.07013   0.06805   0.06596   0.06387   0.06178   0.05970   0.05761   0.05552   0.05344   0.05135   0.04926   0.04717   0.04509   0.04300   0.04091   0.03883   0.03674   0.03465   0.03256   0.03048   0.02839   0.02630   0.02422
A54l-22   0.06532   0.06528   0.06524   0.06520   0.06517   0.06513   0.06509   0.06505   0.06501   0.06497   0.06493   0.06489   0.06485   0.06481   0.06477   0.06473   0.06469   0.06465   0.06461   0.06457   0.06453   0.06449   0.06445   0.06441   0.06437   0.06433   0.06430   0.06426   0.06422   0.06418   0.06414   0.06410   0.06406   0.06402   0.06398   0.06394   0.06390   0.06386   0.06382   0.06378   0.06374   0.06370
A54l-23   0.61028   0.60658   0.60288   0.59917   0.59547   0.59177   0.58807   0.58436   0.58066   0.57696   0.57326   0.56955   0.56585   0.56215   0.55845   0.55474   0.55104   0.54734   0.54364   0.53993   0.53623   0.53253   0.52883   0.52512   0.52142   0.51772   0.51402   0.51031   0.50661   0.50291   0.49921   0.49550   0.49180   0.48810   0.48439   0.48069   0.47699   0.47329   0.46958   0.46588   0.46218   0.45848
A54l-24   0.08177   0.08023   0.07870   0.07717   0.07563   0.07410   0.07257   0.07103   0.06950   0.06797   0.06643   0.06490   0.06337   0.06183   0.06030   0.05877   0.05723   0.05570   0.05417   0.05263   0.05110   0.04957   0.04803   0.04650   0.04497   0.04343   0.04190   0.04037   0.03883   0.03730   0.03577   0.03423   0.03270   0.03117   0.02963   0.02810   0.02657   0.02503   0.02350   0.02197   0.02043   0.01890
A54l-25   0.02955   0.02894   0.02833   0.02772   0.02712   0.02651   0.02590   0.02529   0.02468   0.02408   0.02347   0.02286   0.02225   0.02165   0.02104   0.02043   0.01982   0.01922   0.01861   0.01800   0.01739   0.01678   0.01618   0.01557   0.01496   0.01435   0.01375   0.01314   0.01253   0.01192   0.01132   0.01071   0.01010   0.00949   0.00888   0.00828   0.00767   0.00706   0.00645   0.00585   0.00524   0.00463
A54l-28   0.14700   0.14603   0.14505   0.14408   0.14311   0.14214   0.14117   0.14019   0.13922   0.13825   0.13728   0.13631   0.13534   0.13436   0.13339   0.13242   0.13145   0.13048   0.12951   0.12853   0.12756   0.12659   0.12562   0.12465   0.12367   0.12270   0.12173   0.12076   0.11979   0.11882   0.11784   0.11687   0.11590   0.11493   0.11396   0.11298   0.11201   0.11104   0.11007   0.10910   0.10813   0.10715
A54l-29   0.17122   0.16692   0.16262   0.15833   0.15403   0.14973   0.14543   0.14114   0.13684   0.13254   0.12824   0.12395   0.11965   0.11535   0.11105   0.10676   0.10246   0.09816   0.09386   0.08957   0.08527   0.08097   0.07667   0.07238   0.06808   0.06378   0.05948   0.05519   0.05089   0.04659   0.04229   0.03800   0.03370   0.02940   0.02511   0.02081   0.01651   0.01221   0.00792   0.00362   0.00000   0.00000
A54l-30   0.03987   0.03913   0.03840   0.03767   0.03693   0.03620   0.03547   0.03473   0.03400   0.03327   0.03253   0.03180   0.03107   0.03033   0.02960   0.02887   0.02813   0.02740   0.02667   0.02593   0.02520   0.02447   0.02373   0.02300   0.02227   0.02153   0.02080   0.02007   0.01933   0.01860   0.01787   0.01713   0.01640   0.01567   0.01493   0.01420   0.01347   0.01273   0.01200   0.01127   0.01053   0.00980
A54l-31   8.40726   8.37384   8.34042   8.30699   8.27357   8.24015   8.20673   8.17331   8.13989   8.10647   8.07305   8.03963   8.00621   7.97279   7.93937   7.90595   7.87253   7.83911   7.80569   7.77227   7.73885   7.70543   7.67201   7.63858   7.60516   7.57174   7.53832   7.50490   7.47148   7.43806   7.40464   7.37122   7.33780   7.30438   7.27096   7.23754   7.20412   7.17070   7.13728   7.10386   7.07044   7.03702
A54l-32   0.51380   0.50997   0.50615   0.50232   0.49849   0.49466   0.49083   0.48701   0.48318   0.47935   0.47552   0.47169   0.46786   0.46404   0.46021   0.45638   0.45255   0.44872   0.44489   0.44107   0.43724   0.43341   0.42958   0.42575   0.42193   0.41810   0.41427   0.41044   0.40661   0.40278   0.39896   0.39513   0.39130   0.38747   0.38364   0.37982   0.37599   0.37216   0.36833   0.36450   0.36067   0.35685
A54l-34   0.10422   0.10161   0.09900   0.09639   0.09377   0.09116   0.08855   0.08594   0.08333   0.08072   0.07811   0.07549   0.07288   0.07027   0.06766   0.06505   0.06244   0.05983   0.05721   0.05460   0.05199   0.04938   0.04677   0.04416   0.04155   0.03893   0.03632   0.03371   0.03110   0.02849   0.02588   0.02327   0.02065   0.01804   0.01543   0.01282   0.01021   0.00760   0.00499   0.00237   0.00000   0.00000
A54l-37   0.01423   0.01412   0.01401   0.01390   0.01379   0.01368   0.01357   0.01346   0.01335   0.01324   0.01313   0.01302   0.01291   0.01279   0.01268   0.01257   0.01246   0.01235   0.01224   0.01213   0.01202   0.01191   0.01180   0.01169   0.01158   0.01147   0.01136   0.01125   0.01114   0.01103   0.01092   0.01081   0.01070   0.01059   0.01048   0.01037   0.01026   0.01015   0.01004   0.00993   0.00982   0.00971
A54l-38   0.96397   0.96026   0.95654   0.95282   0.94910   0.94538   0.94167   0.93795   0.93423   0.93051   0.92679   0.92308   0.91936   0.91564   0.91192   0.90821   0.90449   0.90077   0.89705   0.89333   0.88962   0.88590   0.88218   0.87846   0.87474   0.87103   0.86731   0.86359   0.85987   0.85615   0.85244   0.84872   0.84500   0.84128   0.83756   0.83385   0.83013   0.82641   0.82269   0.81897   0.81526   0.81154
A54l-40   0.14432   0.14244   0.14056   0.13867   0.13679   0.13491   0.13303   0.13115   0.12926   0.12738   0.12550   0.12362   0.12173   0.11985   0.11797   0.11608   0.11420   0.11232   0.11044   0.10856   0.10667   0.10479   0.10291   0.10103   0.09914   0.09726   0.09538   0.09349   0.09161   0.08973   0.08785   0.08597   0.08408   0.08220   0.08032   0.07843   0.07655   0.07467   0.07279   0.07090   0.06902   0.06714
A54l-41   0.02007   0.01981   0.01955   0.01928   0.01902   0.01876   0.01850   0.01824   0.01798   0.01772   0.01745   0.01719   0.01693   0.01667   0.01641   0.01615   0.01588   0.01562   0.01536   0.01510   0.01484   0.01458   0.01432   0.01405   0.01379   0.01353   0.01327   0.01301   0.01275   0.01248   0.01222   0.01196   0.01170   0.01144   0.01118   0.01092   0.01065   0.01039   0.01013   0.00987   0.00961   0.00935
A54l-49   0.10913   0.10694   0.10476   0.10258   0.10040   0.09822   0.09603   0.09385   0.09167   0.08949   0.08731   0.08512   0.08294   0.08076   0.07858   0.07639   0.07421   0.07203   0.06985   0.06767   0.06548   0.06330   0.06112   0.05894   0.05676   0.05457   0.05239   0.05021   0.04803   0.04585   0.04366   0.04148   0.03930   0.03712   0.03494   0.03275   0.03057   0.02839   0.02621   0.02403   0.02184   0.01966
A54l-50   0.08206   0.07994   0.07782   0.07569   0.07357   0.07145   0.06933   0.06721   0.06509   0.06297   0.06085   0.05873   0.05661   0.05449   0.05237   0.05025   0.04813   0.04601   0.04389   0.04177   0.03965   0.03753   0.03541   0.03328   0.03116   0.02904   0.02692   0.02480   0.02268   0.02056   0.01844   0.01632   0.01420   0.01208   0.00996   0.00784   0.00572   0.00360   0.00148   0.00000   0.00000   0.00000
A54m-02   0.14261   0.14065   0.13869   0.13674   0.13478   0.13282   0.13087   0.12891   0.12695   0.12500   0.12304   0.12108   0.11913   0.11717   0.11522   0.11326   0.11130   0.10935   0.10739   0.10543   0.10348   0.10152   0.09956   0.09761   0.09565   0.09369   0.09174   0.08978   0.08783   0.08587   0.08391   0.08196   0.08000   0.07804   0.07609   0.07413   0.07217   0.07022   0.06826   0.06631   0.06435   0.06239
A54m-03   2.02367   2.00786   1.99204   1.97622   1.96040   1.94458   1.92877   1.91295   1.89713   1.88131   1.86549   1.84968   1.83386   1.81804   1.80222   1.78641   1.77059   1.75477   1.73895   1.72313   1.70732   1.69150   1.67568   1.65986   1.64404   1.62823   1.61241   1.59659   1.58077   1.56495   1.54914   1.53332   1.51750   1.50168   1.48586   1.47005   1.45423   1.43841   1.42259   1.40677   1.39096   1.37514
A54m-04   0.01774   0.01750   0.01727   0.01703   0.01679   0.01655   0.01632   0.01608   0.01584   0.01561   0.01537   0.01513   0.01489   0.01466   0.01442   0.01418   0.01395   0.01371   0.01347   0.01323   0.01300   0.01276   0.01252   0.01229   0.01205   0.01181   0.01157   0.01134   0.01110   0.01086   0.01063   0.01039   0.01015   0.00991   0.00968   0.00944   0.00920   0.00897   0.00873   0.00849   0.00825   0.00802
A54m-05   1.90212   1.89081   1.87950   1.86819   1.85687   1.84556   1.83425   1.82294   1.81163   1.80032   1.78901   1.77769   1.76638   1.75507   1.74376   1.73245   1.72114   1.70983   1.69851   1.68720   1.67589   1.66458   1.65327   1.64196   1.63065   1.61933   1.60802   1.59671   1.58540   1.57409   1.56278   1.55147   1.54015   1.52884   1.51753   1.50622   1.49491   1.48360   1.47229   1.46097   1.44966   1.43835
A54m-06   2.04000   2.02651   2.01303   1.99954   1.98606   1.97257   1.95909   1.94560   1.93211   1.91863   1.90514   1.89166   1.87817   1.86469   1.85120   1.83771   1.82423   1.81074   1.79726   1.78377   1.77029   1.75680   1.74331   1.72983   1.71634   1.70286   1.68937   1.67589   1.66240   1.64891   1.63543   1.62194   1.60846   1.59497   1.58149   1.56800   1.55451   1.54103   1.52754   1.51406   1.50057   1.48709
A54m-07   0.23646   0.23480   0.23313   0.23147   0.22981   0.22815   0.22648   0.22482   0.22316   0.22149   0.21983   0.21817   0.21651   0.21484   0.21318   0.21152   0.20985   0.20819   0.20653   0.20487   0.20320   0.20154   0.19988   0.19821   0.19655   0.19489   0.19323   0.19156   0.18990   0.18824   0.18657   0.18491   0.18325   0.18159   0.17992   0.17826   0.17660   0.17493   0.17327   0.17161   0.16995   0.16828
A54m-08   0.02396   0.02381   0.02366   0.02351   0.02337   0.02322   0.02307   0.02292   0.02277   0.02262   0.02247   0.02233   0.02218   0.02203   0.02188   0.02173   0.02158   0.02143   0.02129   0.02114   0.02099   0.02084   0.02069   0.02054   0.02039   0.02025   0.02010   0.01995   0.01980   0.01965   0.01950   0.01935   0.01921   0.01906   0.01891   0.01876   0.01861   0.01846   0.01831   0.01817   0.01802   0.01787
A54m-09   0.10888   0.10818   0.10747   0.10677   0.10607   0.10537   0.10466   0.10396   0.10326   0.10255   0.10185   0.10115   0.10045   0.09974   0.09904   0.09834   0.09763   0.09693   0.09623   0.09553   0.09482   0.09412   0.09342   0.09271   0.09201   0.09131   0.09061   0.08990   0.08920   0.08850   0.08779   0.08709   0.08639   0.08569   0.08498   0.08428   0.08358   0.08287   0.08217   0.08147   0.08077   0.08006
A54m-10   0.25160   0.25160   0.25160   0.25160   0.25160   0.25160   0.25160   0.25160   0.25160   0.25160   0.25160   0.25160   0.25160   0.25160   0.25160   0.25160   0.25160   0.25160   0.25160   0.25160   0.25160   0.25160   0.25160   0.25160   0.25160   0.25160   0.25160   0.25160   0.25160   0.25160   0.25160   0.25160   0.25160   0.25160   0.25160   0.25160   0.25160   0.25160   0.25160   0.25160   0.25160   0.25160
A54m-11   0.11221   0.11154   0.11087   0.11020   0.10953   0.10885   0.10818   0.10751   0.10684   0.10617   0.10550   0.10483   0.10416   0.10349   0.10282   0.10215   0.10148   0.10081   0.10014   0.09947   0.09880   0.09813   0.09746   0.09679   0.09612   0.09545   0.09477   0.09410   0.09343   0.09276   0.09209   0.09142   0.09075   0.09008   0.08941   0.08874   0.08807   0.08740   0.08673   0.08606   0.08539   0.08472
A54m-12   4.09186   4.07481   4.05776   4.04071   4.02367   4.00662   3.98957   3.97252   3.95547   3.93842   3.92137   3.90433   3.88728   3.87023   3.85318   3.83613   3.81908   3.80203   3.78499   3.76794   3.75089   3.73384   3.71679   3.69974   3.68269   3.66565   3.64860   3.63155   3.61450   3.59745   3.58040   3.56335   3.54631   3.52926   3.51221   3.49516   3.47811   3.46106   3.44401   3.42697   3.40992   3.39287
A54m-13   0.73332   0.72665   0.71998   0.71331   0.70665   0.69998   0.69331   0.68664   0.67997   0.67330   0.66663   0.65997   0.65330   0.64663   0.63996   0.63329   0.62662   0.61995   0.61329   0.60662   0.59995   0.59328   0.58661   0.57994   0.57327   0.56661   0.55994   0.55327   0.54660   0.53993   0.53326   0.52659   0.51993   0.51326   0.50659   0.49992   0.49325   0.48658   0.47991   0.47325   0.46658   0.45991
A54m-14   0.02064   0.02029   0.01994   0.01959   0.01923   0.01888   0.01853   0.01818   0.01783   0.01748   0.01713   0.01677   0.01642   0.01607   0.01572   0.01537   0.01502   0.01467   0.01431   0.01396   0.01361   0.01326   0.01291   0.01256   0.01221   0.01185   0.01150   0.01115   0.01080   0.01045   0.01010   0.00975   0.00939   0.00904   0.00869   0.00834   0.00799   0.00764   0.00729   0.00693   0.00658   0.00623
A54m-15   1.32796   1.31570   1.30343   1.29117   1.27891   1.26665   1.25438   1.24212   1.22986   1.21759   1.20533   1.19307   1.18081   1.16854   1.15628   1.14402   1.13175   1.11949   1.10723   1.09497   1.08270   1.07044   1.05818   1.04591   1.03365   1.02139   1.00913   0.99686   0.98460   0.97234   0.96007   0.94781   0.93555   0.92329   0.91102   0.89876   0.88650   0.87423   0.86197   0.84971   0.83745   0.82518
A54m-16   0.88318   0.87166   0.86015   0.84863   0.83711   0.82559   0.81408   0.80256   0.79104   0.77953   0.76801   0.75649   0.74497   0.73346   0.72194   0.71042   0.69891   0.68739   0.67587   0.66435   0.65284   0.64132   0.62980   0.61829   0.60677   0.59525   0.58373   0.57222   0.56070   0.54918   0.53767   0.52615   0.51463   0.50311   0.49160   0.48008   0.46856   0.45705   0.44553   0.43401   0.42249   0.41098
A54m-17   0.16954   0.16885   0.16815   0.16746   0.16676   0.16607   0.16537   0.16468   0.16399   0.16329   0.16260   0.16190   0.16121   0.16051   0.15982   0.15913   0.15843   0.15774   0.15704   0.15635   0.15565   0.15496   0.15427   0.15357   0.15288   0.15218   0.15149   0.15079   0.15010   0.14941   0.14871   0.14802   0.14732   0.14663   0.14593   0.14524   0.14455   0.14385   0.14316   0.14246   0.14177   0.14107
A54m-18   0.41354   0.40976   0.40598   0.40220   0.39842   0.39464   0.39086   0.38708   0.38330   0.37952   0.37574   0.37196   0.36818   0.36440   0.36062   0.35684   0.35306   0.34928   0.34550   0.34172   0.33794   0.33416   0.33038   0.32660   0.32282   0.31904   0.31526   0.31148   0.30770   0.30392   0.30014   0.29636   0.29258   0.28880   0.28502   0.28124   0.27746   0.27368   0.26990   0.26612   0.26234   0.25856
A54m-19   3.24150   3.21609   3.19067   3.16526   3.13984   3.11443   3.08901   3.06360   3.03819   3.01277   2.98736   2.96194   2.93653   2.91111   2.88570   2.86029   2.83487   2.80946   2.78404   2.75863   2.73321   2.70780   2.68239   2.65697   2.63156   2.60614   2.58073   2.55531   2.52990   2.50449   2.47907   2.45366   2.42824   2.40283   2.37741   2.35200   2.32659   2.30117   2.27576   2.25034   2.22493   2.19951
A54m-21   5.96478   5.93225   5.89972   5.86719   5.83465   5.80212   5.76959   5.73706   5.70453   5.67200   5.63947   5.60693   5.57440   5.54187   5.50934   5.47681   5.44428   5.41175   5.37921   5.34668   5.31415   5.28162   5.24909   5.21656   5.18403   5.15149   5.11896   5.08643   5.05390   5.02137   4.98884   4.95631   4.92377   4.89124   4.85871   4.82618   4.79365   4.76112   4.72859   4.69605   4.66352   4.63099
A54m-22   0.43464   0.42923   0.42382   0.41841   0.41301   0.40760   0.40219   0.39678   0.39137   0.38596   0.38055   0.37515   0.36974   0.36433   0.35892   0.35351   0.34810   0.34269   0.33729   0.33188   0.32647   0.32106   0.31565   0.31024   0.30483   0.29943   0.29402   0.28861   0.28320   0.27779   0.27238   0.26697   0.26157   0.25616   0.25075   0.24534   0.23993   0.23452   0.22911   0.22371   0.21830   0.21289
A54m-24   0.11494   0.11359   0.11224   0.11089   0.10954   0.10818   0.10683   0.10548   0.10413   0.10278   0.10143   0.10008   0.09873   0.09737   0.09602   0.09467   0.09332   0.09197   0.09062   0.08927   0.08792   0.08656   0.08521   0.08386   0.08251   0.08116   0.07981   0.07846   0.07711   0.07575   0.07440   0.07305   0.07170   0.07035   0.06900   0.06765   0.06629   0.06494   0.06359   0.06224   0.06089   0.05954
A54m-26   0.05550   0.05549   0.05547   0.05546   0.05544   0.05543   0.05541   0.05540   0.05539   0.05537   0.05536   0.05534   0.05533   0.05531   0.05530   0.05529   0.05527   0.05526   0.05524   0.05523   0.05521   0.05520   0.05519   0.05517   0.05516   0.05514   0.05513   0.05511   0.05510   0.05509   0.05507   0.05506   0.05504   0.05503   0.05501   0.05500   0.05499   0.05497   0.05496   0.05494   0.05493   0.05491
A54m-27   0.14706   0.14574   0.14442   0.14310   0.14178   0.14046   0.13914   0.13782   0.13650   0.13518   0.13386   0.13254   0.13122   0.12990   0.12858   0.12726   0.12594   0.12462   0.12330   0.12198   0.12066   0.11934   0.11802   0.11670   0.11538   0.11406   0.11274   0.11142   0.11010   0.10878   0.10746   0.10614   0.10482   0.10350   0.10218   0.10086   0.09954   0.09822   0.09690   0.09558   0.09426   0.09294
A54m-29   0.08124   0.07900   0.07676   0.07452   0.07228   0.07005   0.06781   0.06557   0.06333   0.06109   0.05886   0.05662   0.05438   0.05214   0.04991   0.04767   0.04543   0.04319   0.04095   0.03872   0.03648   0.03424   0.03200   0.02976   0.02753   0.02529   0.02305   0.02081   0.01858   0.01634   0.01410   0.01186   0.00962   0.00739   0.00515   0.00291   0.00067   0.00000   0.00000   0.00000   0.00000   0.00000
A54m-30   0.07966   0.07720   0.07473   0.07227   0.06981   0.06735   0.06488   0.06242   0.05996   0.05749   0.05503   0.05257   0.05011   0.04764   0.04518   0.04272   0.04025   0.03779   0.03533   0.03287   0.03040   0.02794   0.02548   0.02301   0.02055   0.01809   0.01563   0.01316   0.01070   0.00824   0.00577   0.00331   0.00085   0.00000   0.00000   0.00000   0.00000   0.00000   0.00000   0.00000   0.00000   0.00000
A54m-33   0.05144   0.05075   0.05005   0.04936   0.04866   0.04797   0.04727   0.04658   0.04589   0.04519   0.04450   0.04380   0.04311   0.04241   0.04172   0.04103   0.04033   0.03964   0.03894   0.03825   0.03755   0.03686   0.03617   0.03547   0.03478   0.03408   0.03339   0.03269   0.03200   0.03131   0.03061   0.02992   0.02922   0.02853   0.02783   0.02714   0.02645   0.02575   0.02506   0.02436   0.02367   0.02297
A54m-34   0.03426   0.03415   0.03405   0.03394   0.03384   0.03373   0.03363   0.03352   0.03341   0.03331   0.03320   0.03310   0.03299   0.03289   0.03278   0.03267   0.03257   0.03246   0.03236   0.03225   0.03215   0.03204   0.03193   0.03183   0.03172   0.03162   0.03151   0.03141   0.03130   0.03119   0.03109   0.03098   0.03088   0.03077   0.03067   0.03056   0.03045   0.03035   0.03024   0.03014   0.03003   0.02993
A54m-37   0.05485   0.05475   0.05464   0.05453   0.05443   0.05432   0.05421   0.05410   0.05400   0.05389   0.05378   0.05368   0.05357   0.05346   0.05336   0.05325   0.05314   0.05304   0.05293   0.05282   0.05272   0.05261   0.05250   0.05240   0.05229   0.05218   0.05207   0.05197   0.05186   0.05175   0.05165   0.05154   0.05143   0.05133   0.05122   0.05111   0.05101   0.05090   0.05079   0.05069   0.05058   0.05047
A54m-38   0.03288   0.03275   0.03261   0.03248   0.03235   0.03222   0.03209   0.03195   0.03182   0.03169   0.03156   0.03143   0.03130   0.03116   0.03103   0.03090   0.03077   0.03064   0.03050   0.03037   0.03024   0.03011   0.02998   0.02985   0.02971   0.02958   0.02945   0.02932   0.02919   0.02905   0.02892   0.02879   0.02866   0.02853   0.02840   0.02826   0.02813   0.02800   0.02787   0.02774   0.02760   0.02747
A54m-39   0.19448   0.19235   0.19022   0.18809   0.18595   0.18382   0.18169   0.17956   0.17743   0.17530   0.17317   0.17103   0.16890   0.16677   0.16464   0.16251   0.16038   0.15825   0.15611   0.15398   0.15185   0.14972   0.14759   0.14546   0.14333   0.14119   0.13906   0.13693   0.13480   0.13267   0.13054   0.12841   0.12627   0.12414   0.12201   0.11988   0.11775   0.11562   0.11349   0.11135   0.10922   0.10709
A54m-41   0.37444   0.37320   0.37197   0.37073   0.36949   0.36825   0.36702   0.36578   0.36454   0.36331   0.36207   0.36083   0.35959   0.35836   0.35712   0.35588   0.35465   0.35341   0.35217   0.35093   0.34970   0.34846   0.34722   0.34599   0.34475   0.34351   0.34227   0.34104   0.33980   0.33856   0.33733   0.33609   0.33485   0.33361   0.33238   0.33114   0.32990   0.32867   0.32743   0.32619   0.32495   0.32372
A54m-44   0.02240   0.02240   0.02240   0.02240   0.02240   0.02240   0.02240   0.02240   0.02240   0.02240   0.02240   0.02240   0.02240   0.02240   0.02240   0.02240   0.02240   0.02240   0.02240   0.02240   0.02240   0.02240   0.02240   0.02240   0.02240   0.02240   0.02240   0.02240   0.02240   0.02240   0.02240   0.02240   0.02240   0.02240   0.02240   0.02240   0.02240   0.02240   0.02240   0.02240   0.02240   0.02240
A54m-45   0.58118   0.57599   0.57080   0.56561   0.56043   0.55524   0.55005   0.54486   0.53967   0.53448   0.52929   0.52411   0.51892   0.51373   0.50854   0.50335   0.49816   0.49297   0.48779   0.48260   0.47741   0.47222   0.46703   0.46184   0.45665   0.45147   0.44628   0.44109   0.43590   0.43071   0.42552   0.42033   0.41515   0.40996   0.40477   0.39958   0.39439   0.38920   0.38401   0.37883   0.37364   0.36845
A54m-46   0.01806   0.01778   0.01751   0.01723   0.01695   0.01667   0.01640   0.01612   0.01584   0.01557   0.01529   0.01501   0.01473   0.01446   0.01418   0.01390   0.01363   0.01335   0.01307   0.01279   0.01252   0.01224   0.01196   0.01169   0.01141   0.01113   0.01085   0.01058   0.01030   0.01002   0.00975   0.00947   0.00919   0.00891   0.00864   0.00836   0.00808   0.00781   0.00753   0.00725   0.00697   0.00670
A54m-51   0.17758   0.17303   0.16849   0.16394   0.15940   0.15485   0.15031   0.14576   0.14121   0.13667   0.13212   0.12758   0.12303   0.11849   0.11394   0.10939   0.10485   0.10030   0.09576   0.09121   0.08667   0.08212   0.07757   0.07303   0.06848   0.06394   0.05939   0.05485   0.05030   0.04575   0.04121   0.03666   0.03212   0.02757   0.02303   0.01848   0.01393   0.00939   0.00484   0.00030   0.00000   0.00000
A54m-52   0.03378   0.03378   0.03377   0.03377   0.03377   0.03377   0.03376   0.03376   0.03376   0.03375   0.03375   0.03375   0.03375   0.03374   0.03374   0.03374   0.03373   0.03373   0.03373   0.03373   0.03372   0.03372   0.03372   0.03371   0.03371   0.03371   0.03371   0.03370   0.03370   0.03370   0.03369   0.03369   0.03369   0.03369   0.03368   0.03368   0.03368   0.03367   0.03367   0.03367   0.03367   0.03366
A54m-53   0.04948   0.04833   0.04719   0.04604   0.04490   0.04375   0.04261   0.04146   0.04031   0.03917   0.03802   0.03688   0.03573   0.03459   0.03344   0.03229   0.03115   0.03000   0.02886   0.02771   0.02657   0.02542   0.02427   0.02313   0.02198   0.02084   0.01969   0.01855   0.01740   0.01625   0.01511   0.01396   0.01282   0.01167   0.01053   0.00938   0.00823   0.00709   0.00594   0.00480   0.00365   0.00251
A54m-55   0.11152   0.11119   0.11087   0.11054   0.11022   0.10989   0.10957   0.10924   0.10891   0.10859   0.10826   0.10794   0.10761   0.10729   0.10696   0.10663   0.10631   0.10598   0.10566   0.10533   0.10501   0.10468   0.10435   0.10403   0.10370   0.10338   0.10305   0.10273   0.10240   0.10207   0.10175   0.10142   0.10110   0.10077   0.10045   0.10012   0.09979   0.09947   0.09914   0.09882   0.09849   0.09817
A54m-56   0.15376   0.15161   0.14946   0.14731   0.14517   0.14302   0.14087   0.13872   0.13657   0.13442   0.13227   0.13013   0.12798   0.12583   0.12368   0.12153   0.11938   0.11723   0.11509   0.11294   0.11079   0.10864   0.10649   0.10434   0.10219   0.10005   0.09790   0.09575   0.09360   0.09145   0.08930   0.08715   0.08501   0.08286   0.08071   0.07856   0.07641   0.07426   0.07211   0.06997   0.06782   0.06567
A54m-57   0.04068   0.04015   0.03962   0.03909   0.03855   0.03802   0.03749   0.03696   0.03643   0.03590   0.03537   0.03483   0.03430   0.03377   0.03324   0.03271   0.03218   0.03165   0.03111   0.03058   0.03005   0.02952   0.02899   0.02846   0.02793   0.02739   0.02686   0.02633   0.02580   0.02527   0.02474   0.02421   0.02367   0.02314   0.02261   0.02208   0.02155   0.02102   0.02049   0.01995   0.01942   0.01889
A54m-59   0.08468   0.08419   0.08370   0.08321   0.08272   0.08223   0.08174   0.08126   0.08077   0.08028   0.07979   0.07930   0.07881   0.07832   0.07783   0.07734   0.07686   0.07637   0.07588   0.07539   0.07490   0.07441   0.07392   0.07343   0.07294   0.07246   0.07197   0.07148   0.07099   0.07050   0.07001   0.06952   0.06903   0.06854   0.06806   0.06757   0.06708   0.06659   0.06610   0.06561   0.06512   0.06463
A54m-60   0.04308   0.04253   0.04199   0.04144   0.04090   0.04035   0.03981   0.03926   0.03871   0.03817   0.03762   0.03708   0.03653   0.03599   0.03544   0.03489   0.03435   0.03380   0.03326   0.03271   0.03217   0.03162   0.03107   0.03053   0.02998   0.02944   0.02889   0.02835   0.02780   0.02725   0.02671   0.02616   0.02562   0.02507   0.02453   0.02398   0.02343   0.02289   0.02234   0.02180   0.02125   0.02071
A55a-02   0.08504   0.08460   0.08417   0.08373   0.08329   0.08285   0.08242   0.08198   0.08154   0.08111   0.08067   0.08023   0.07979   0.07936   0.07892   0.07848   0.07805   0.07761   0.07717   0.07673   0.07630   0.07586   0.07542   0.07499   0.07455   0.07411   0.07367   0.07324   0.07280   0.07236   0.07193   0.07149   0.07105   0.07061   0.07018   0.06974   0.06930   0.06887   0.06843   0.06799   0.06755   0.06712
A55a-03   0.22254   0.22219   0.22184   0.22149   0.22113   0.22078   0.22043   0.22008   0.21973   0.21938   0.21903   0.21867   0.21832   0.21797   0.21762   0.21727   0.21692   0.21657   0.21621   0.21586   0.21551   0.21516   0.21481   0.21446   0.21411   0.21375   0.21340   0.21305   0.21270   0.21235   0.21200   0.21165   0.21129   0.21094   0.21059   0.21024   0.20989   0.20954   0.20919   0.20883   0.20848   0.20813
A55a-04   1.62744   1.60735   1.58725   1.56716   1.54706   1.52697   1.50687   1.48678   1.46669   1.44659   1.42650   1.40640   1.38631   1.36621   1.34612   1.32603   1.30593   1.28584   1.26574   1.24565   1.22555   1.20546   1.18537   1.16527   1.14518   1.12508   1.10499   1.08489   1.06480   1.04471   1.02461   1.00452   0.98442   0.96433   0.94423   0.92414   0.90405   0.88395   0.86386   0.84376   0.82367   0.80357
A55a-06   0.58882   0.58615   0.58348   0.58081   0.57815   0.57548   0.57281   0.57014   0.56747   0.56480   0.56213   0.55947   0.55680   0.55413   0.55146   0.54879   0.54612   0.54345   0.54079   0.53812   0.53545   0.53278   0.53011   0.52744   0.52477   0.52211   0.51944   0.51677   0.51410   0.51143   0.50876   0.50609   0.50343   0.50076   0.49809   0.49542   0.49275   0.49008   0.48741   0.48475   0.48208   0.47941
A55a-07   0.24410   0.23969   0.23527   0.23086   0.22644   0.22203   0.21761   0.21320   0.20879   0.20437   0.19996   0.19554   0.19113   0.18671   0.18230   0.17789   0.17347   0.16906   0.16464   0.16023   0.15581   0.15140   0.14699   0.14257   0.13816   0.13374   0.12933   0.12491   0.12050   0.11609   0.11167   0.10726   0.10284   0.09843   0.09401   0.08960   0.08519   0.08077   0.07636   0.07194   0.06753   0.06311
A55a-08   0.13958   0.13559   0.13160   0.12761   0.12363   0.11964   0.11565   0.11166   0.10767   0.10368   0.09969   0.09571   0.09172   0.08773   0.08374   0.07975   0.07576   0.07177   0.06779   0.06380   0.05981   0.05582   0.05183   0.04784   0.04385   0.03987   0.03588   0.03189   0.02790   0.02391   0.01992   0.01593   0.01195   0.00796   0.00397   0.00000   0.00000   0.00000   0.00000   0.00000   0.00000   0.00000
A55a-09   0.03910   0.03817   0.03724   0.03631   0.03539   0.03446   0.03353   0.03260   0.03167   0.03074   0.02981   0.02889   0.02796   0.02703   0.02610   0.02517   0.02424   0.02331   0.02239   0.02146   0.02053   0.01960   0.01867   0.01774   0.01681   0.01589   0.01496   0.01403   0.01310   0.01217   0.01124   0.01031   0.00939   0.00846   0.00753   0.00660   0.00567   0.00474   0.00381   0.00289   0.00196   0.00103
A55a-10   0.02458   0.02435   0.02412   0.02389   0.02365   0.02342   0.02319   0.02296   0.02273   0.02250   0.02227   0.02203   0.02180   0.02157   0.02134   0.02111   0.02088   0.02065   0.02041   0.02018   0.01995   0.01972   0.01949   0.01926   0.01903   0.01879   0.01856   0.01833   0.01810   0.01787   0.01764   0.01741   0.01717   0.01694   0.01671   0.01648   0.01625   0.01602   0.01579   0.01555   0.01532   0.01509
A55a-15   0.14794   0.14532   0.14269   0.14007   0.13745   0.13483   0.13220   0.12958   0.12696   0.12433   0.12171   0.11909   0.11647   0.11384   0.11122   0.10860   0.10597   0.10335   0.10073   0.09811   0.09548   0.09286   0.09024   0.08761   0.08499   0.08237   0.07975   0.07712   0.07450   0.07188   0.06925   0.06663   0.06401   0.06139   0.05876   0.05614   0.05352   0.05089   0.04827   0.04565   0.04303   0.04040
A55a-16   0.04078   0.04026   0.03975   0.03923   0.03871   0.03819   0.03768   0.03716   0.03664   0.03613   0.03561   0.03509   0.03457   0.03406   0.03354   0.03302   0.03251   0.03199   0.03147   0.03095   0.03044   0.02992   0.02940   0.02889   0.02837   0.02785   0.02733   0.02682   0.02630   0.02578   0.02527   0.02475   0.02423   0.02371   0.02320   0.02268   0.02216   0.02165   0.02113   0.02061   0.02009   0.01958
A55b-02   2.85006   2.82774   2.80542   2.78310   2.76078   2.73846   2.71614   2.69382   2.67150   2.64918   2.62686   2.60454   2.58222   2.55990   2.53758   2.51526   2.49294   2.47062   2.44830   2.42598   2.40366   2.38134   2.35902   2.33670   2.31438   2.29206   2.26974   2.24742   2.22510   2.20278   2.18046   2.15814   2.13582   2.11350   2.09118   2.06886   2.04654   2.02422   2.00190   1.97958   1.95726   1.93494
A55b-04   0.51412   0.50979   0.50547   0.50114   0.49682   0.49249   0.48817   0.48384   0.47951   0.47519   0.47086   0.46654   0.46221   0.45789   0.45356   0.44923   0.44491   0.44058   0.43626   0.43193   0.42761   0.42328   0.41895   0.41463   0.41030   0.40598   0.40165   0.39733   0.39300   0.38867   0.38435   0.38002   0.37570   0.37137   0.36705   0.36272   0.35839   0.35407   0.34974   0.34542   0.34109   0.33677
A55b-05   0.50728   0.50198   0.49667   0.49137   0.48607   0.48077   0.47546   0.47016   0.46486   0.45955   0.45425   0.44895   0.44365   0.43834   0.43304   0.42774   0.42243   0.41713   0.41183   0.40653   0.40122   0.39592   0.39062   0.38531   0.38001   0.37471   0.36941   0.36410   0.35880   0.35350   0.34819   0.34289   0.33759   0.33229   0.32698   0.32168   0.31638   0.31107   0.30577   0.30047   0.29517   0.28986
A55b-06   0.05288   0.05213   0.05139   0.05064   0.04990   0.04915   0.04841   0.04766   0.04691   0.04617   0.04542   0.04468   0.04393   0.04319   0.04244   0.04169   0.04095   0.04020   0.03946   0.03871   0.03797   0.03722   0.03647   0.03573   0.03498   0.03424   0.03349   0.03275   0.03200   0.03125   0.03051   0.02976   0.02902   0.02827   0.02753   0.02678   0.02603   0.02529   0.02454   0.02380   0.02305   0.02231
A55b-07   0.71670   0.71114   0.70559   0.70003   0.69447   0.68891   0.68336   0.67780   0.67224   0.66669   0.66113   0.65557   0.65001   0.64446   0.63890   0.63334   0.62779   0.62223   0.61667   0.61111   0.60556   0.60000   0.59444   0.58889   0.58333   0.57777   0.57221   0.56666   0.56110   0.55554   0.54999   0.54443   0.53887   0.53331   0.52776   0.52220   0.51664   0.51109   0.50553   0.49997   0.49441   0.48886
A55b-08   1.28750   1.27063   1.25376   1.23689   1.22001   1.20314   1.18627   1.16940   1.15253   1.13566   1.11879   1.10191   1.08504   1.06817   1.05130   1.03443   1.01756   1.00069   0.98381   0.96694   0.95007   0.93320   0.91633   0.89946   0.88259   0.86571   0.84884   0.83197   0.81510   0.79823   0.78136   0.76449   0.74761   0.73074   0.71387   0.69700   0.68013   0.66326   0.64639   0.62951   0.61264   0.59577
A55b-09   0.14478   0.14153   0.13829   0.13504   0.13180   0.12855   0.12531   0.12206   0.11881   0.11557   0.11232   0.10908   0.10583   0.10259   0.09934   0.09609   0.09285   0.08960   0.08636   0.08311   0.07987   0.07662   0.07337   0.07013   0.06688   0.06364   0.06039   0.05715   0.05390   0.05065   0.04741   0.04416   0.04092   0.03767   0.03443   0.03118   0.02793   0.02469   0.02144   0.01820   0.01495   0.01171
A55b-10   0.26334   0.26247   0.26161   0.26074   0.25988   0.25901   0.25815   0.25728   0.25641   0.25555   0.25468   0.25382   0.25295   0.25209   0.25122   0.25035   0.24949   0.24862   0.24776   0.24689   0.24603   0.24516   0.24429   0.24343   0.24256   0.24170   0.24083   0.23997   0.23910   0.23823   0.23737   0.23650   0.23564   0.23477   0.23391   0.23304   0.23217   0.23131   0.23044   0.22958   0.22871   0.22785
A55b-11   0.24790   0.24483   0.24176   0.23869   0.23562   0.23255   0.22948   0.22641   0.22333   0.22026   0.21719   0.21412   0.21105   0.20798   0.20491   0.20184   0.19877   0.19569   0.19262   0.18955   0.18648   0.18341   0.18034   0.17727   0.17420   0.17113   0.16806   0.16498   0.16191   0.15884   0.15577   0.15270   0.14963   0.14656   0.14349   0.14042   0.13734   0.13427   0.13120   0.12813   0.12506   0.12199
A55b-12   0.18707   0.18665   0.18623   0.18582   0.18540   0.18498   0.18456   0.18414   0.18372   0.18331   0.18289   0.18247   0.18205   0.18163   0.18121   0.18079   0.18038   0.17996   0.17954   0.17912   0.17870   0.17828   0.17787   0.17745   0.17703   0.17661   0.17619   0.17577   0.17536   0.17494   0.17452   0.17410   0.17368   0.17326   0.17284   0.17243   0.17201   0.17159   0.17117   0.17075   0.17033   0.16992
A55b-13  13.41174  13.36020  13.30867  13.25713  13.20559  13.15405  13.10252  13.05098  12.99944  12.94791  12.89637  12.84483  12.79329  12.74176  12.69022  12.63868  12.58715  12.53561  12.48407  12.43253  12.38100  12.32946  12.27792  12.22639  12.17485  12.12331  12.07177  12.02024  11.96870  11.91716  11.86563  11.81409  11.76255  11.71101  11.65948  11.60794  11.55640  11.50487  11.45333  11.40179  11.35025  11.29872
A55b-14   0.15548   0.15313   0.15079   0.14844   0.14609   0.14375   0.14140   0.13906   0.13671   0.13436   0.13202   0.12967   0.12733   0.12498   0.12264   0.12029   0.11794   0.11560   0.11325   0.11091   0.10856   0.10621   0.10387   0.10152   0.09918   0.09683   0.09448   0.09214   0.08979   0.08745   0.08510   0.08275   0.08041   0.07806   0.07572   0.07337   0.07102   0.06868   0.06633   0.06399   0.06164   0.05929
A55b-15   0.13724   0.13381   0.13037   0.12693   0.12349   0.12006   0.11662   0.11318   0.10975   0.10631   0.10287   0.09944   0.09600   0.09256   0.08913   0.08569   0.08225   0.07882   0.07538   0.07194   0.06851   0.06507   0.06163   0.05819   0.05476   0.05132   0.04788   0.04445   0.04101   0.03757   0.03414   0.03070   0.02726   0.02383   0.02039   0.01695   0.01352   0.01008   0.00664   0.00321   0.00000   0.00000
A55b-16   0.88624   0.88124   0.87623   0.87122   0.86621   0.86121   0.85620   0.85119   0.84618   0.84117   0.83617   0.83116   0.82615   0.82114   0.81613   0.81113   0.80612   0.80111   0.79610   0.79109   0.78609   0.78108   0.77607   0.77106   0.76606   0.76105   0.75604   0.75103   0.74602   0.74102   0.73601   0.73100   0.72599   0.72098   0.71598   0.71097   0.70596   0.70095   0.69594   0.69094   0.68593   0.68092
A55b-17   0.21943   0.21756   0.21569   0.21383   0.21196   0.21009   0.20822   0.20636   0.20449   0.20262   0.20075   0.19889   0.19702   0.19515   0.19328   0.19142   0.18955   0.18768   0.18581   0.18395   0.18208   0.18021   0.17834   0.17648   0.17461   0.17274   0.17087   0.16901   0.16714   0.16527   0.16340   0.16154   0.15967   0.15780   0.15593   0.15407   0.15220   0.15033   0.14847   0.14660   0.14473   0.14286
A55b-18   1.61995   1.61057   1.60119   1.59181   1.58243   1.57305   1.56367   1.55429   1.54491   1.53553   1.52616   1.51678   1.50740   1.49802   1.48864   1.47926   1.46988   1.46050   1.45112   1.44174   1.43237   1.42299   1.41361   1.40423   1.39485   1.38547   1.37609   1.36671   1.35733   1.34795   1.33857   1.32920   1.31982   1.31044   1.30106   1.29168   1.28230   1.27292   1.26354   1.25416   1.24478   1.23540
A55b-21   0.19514   0.19417   0.19321   0.19224   0.19128   0.19031   0.18935   0.18838   0.18741   0.18645   0.18548   0.18452   0.18355   0.18259   0.18162   0.18065   0.17969   0.17872   0.17776   0.17679   0.17583   0.17486   0.17389   0.17293   0.17196   0.17100   0.17003   0.16907   0.16810   0.16713   0.16617   0.16520   0.16424   0.16327   0.16231   0.16134   0.16037   0.15941   0.15844   0.15748   0.15651   0.15555
A55b-24   0.11460   0.11383   0.11306   0.11229   0.11151   0.11074   0.10997   0.10920   0.10843   0.10766   0.10689   0.10611   0.10534   0.10457   0.10380   0.10303   0.10226   0.10149   0.10071   0.09994   0.09917   0.09840   0.09763   0.09686   0.09609   0.09531   0.09454   0.09377   0.09300   0.09223   0.09146   0.09069   0.08991   0.08914   0.08837   0.08760   0.08683   0.08606   0.08529   0.08451   0.08374   0.08297
A55b-25   0.12110   0.12071   0.12033   0.11994   0.11956   0.11917   0.11879   0.11840   0.11801   0.11763   0.11724   0.11686   0.11647   0.11609   0.11570   0.11531   0.11493   0.11454   0.11416   0.11377   0.11339   0.11300   0.11261   0.11223   0.11184   0.11146   0.11107   0.11069   0.11030   0.10991   0.10953   0.10914   0.10876   0.10837   0.10799   0.10760   0.10721   0.10683   0.10644   0.10606   0.10567   0.10529
A55b-26   0.03016   0.02991   0.02966   0.02941   0.02917   0.02892   0.02867   0.02842   0.02817   0.02792   0.02767   0.02743   0.02718   0.02693   0.02668   0.02643   0.02618   0.02593   0.02569   0.02544   0.02519   0.02494   0.02469   0.02444   0.02419   0.02395   0.02370   0.02345   0.02320   0.02295   0.02270   0.02245   0.02221   0.02196   0.02171   0.02146   0.02121   0.02096   0.02071   0.02047   0.02022   0.01997
A55b-27   0.34846   0.34770   0.34693   0.34617   0.34541   0.34465   0.34388   0.34312   0.34236   0.34159   0.34083   0.34007   0.33931   0.33854   0.33778   0.33702   0.33625   0.33549   0.33473   0.33397   0.33320   0.33244   0.33168   0.33091   0.33015   0.32939   0.32863   0.32786   0.32710   0.32634   0.32557   0.32481   0.32405   0.32329   0.32252   0.32176   0.32100   0.32023   0.31947   0.31871   0.31795   0.31718
A55b-28   0.15814   0.15733   0.15652   0.15571   0.15491   0.15410   0.15329   0.15248   0.15167   0.15086   0.15005   0.14925   0.14844   0.14763   0.14682   0.14601   0.14520   0.14439   0.14359   0.14278   0.14197   0.14116   0.14035   0.13954   0.13873   0.13793   0.13712   0.13631   0.13550   0.13469   0.13388   0.13307   0.13227   0.13146   0.13065   0.12984   0.12903   0.12822   0.12741   0.12661   0.12580   0.12499
A55b-30   0.40865   0.40552   0.40238   0.39925   0.39611   0.39298   0.38984   0.38671   0.38357   0.38044   0.37730   0.37417   0.37103   0.36790   0.36476   0.36163   0.35849   0.35536   0.35222   0.34909   0.34595   0.34282   0.33968   0.33655   0.33341   0.33028   0.32714   0.32401   0.32087   0.31774   0.31460   0.31146   0.30833   0.30519   0.30206   0.29892   0.29579   0.29265   0.28952   0.28638   0.28325   0.28011
A55b-31   0.05067   0.04934   0.04801   0.04668   0.04534   0.04401   0.04268   0.04135   0.04001   0.03868   0.03735   0.03602   0.03468   0.03335   0.03202   0.03069   0.02935   0.02802   0.02669   0.02536   0.02402   0.02269   0.02136   0.02003   0.01869   0.01736   0.01603   0.01470   0.01336   0.01203   0.01070   0.00937   0.00804   0.00670   0.00537   0.00404   0.00271   0.00137   0.00004   0.00000   0.00000   0.00000
A55b-32   0.04666   0.04574   0.04482   0.04390   0.04297   0.04205   0.04113   0.04021   0.03929   0.03837   0.03745   0.03653   0.03561   0.03469   0.03377   0.03285   0.03193   0.03101   0.03009   0.02917   0.02825   0.02733   0.02641   0.02549   0.02457   0.02365   0.02273   0.02180   0.02088   0.01996   0.01904   0.01812   0.01720   0.01628   0.01536   0.01444   0.01352   0.01260   0.01168   0.01076   0.00984   0.00892
A55b-33   0.04625   0.04527   0.04429   0.04331   0.04233   0.04135   0.04037   0.03939   0.03842   0.03744   0.03646   0.03548   0.03450   0.03352   0.03254   0.03156   0.03058   0.02961   0.02863   0.02765   0.02667   0.02569   0.02471   0.02373   0.02275   0.02177   0.02079   0.01982   0.01884   0.01786   0.01688   0.01590   0.01492   0.01394   0.01296   0.01198   0.01101   0.01003   0.00905   0.00807   0.00709   0.00611
A55b-34   0.03724   0.03720   0.03716   0.03712   0.03708   0.03705   0.03701   0.03697   0.03693   0.03689   0.03686   0.03682   0.03678   0.03674   0.03671   0.03667   0.03663   0.03659   0.03655   0.03652   0.03648   0.03644   0.03640   0.03636   0.03633   0.03629   0.03625   0.03621   0.03618   0.03614   0.03610   0.03606   0.03602   0.03599   0.03595   0.03591   0.03587   0.03584   0.03580   0.03576   0.03572   0.03568
A55b-35   0.04454   0.04421   0.04387   0.04353   0.04319   0.04286   0.04252   0.04218   0.04185   0.04151   0.04117   0.04084   0.04050   0.04016   0.03983   0.03949   0.03915   0.03882   0.03848   0.03814   0.03781   0.03747   0.03713   0.03679   0.03646   0.03612   0.03578   0.03545   0.03511   0.03477   0.03444   0.03410   0.03376   0.03343   0.03309   0.03275   0.03242   0.03208   0.03174   0.03141   0.03107   0.03073
A55b-36   0.03842   0.03775   0.03708   0.03642   0.03575   0.03508   0.03441   0.03374   0.03307   0.03241   0.03174   0.03107   0.03040   0.02973   0.02906   0.02839   0.02773   0.02706   0.02639   0.02572   0.02505   0.02438   0.02372   0.02305   0.02238   0.02171   0.02104   0.02037   0.01971   0.01904   0.01837   0.01770   0.01703   0.01636   0.01569   0.01503   0.01436   0.01369   0.01302   0.01235   0.01168   0.01102
A55b-37   0.02225   0.02213   0.02201   0.02189   0.02177   0.02165   0.02153   0.02141   0.02128   0.02116   0.02104   0.02092   0.02080   0.02068   0.02056   0.02044   0.02032   0.02019   0.02007   0.01995   0.01983   0.01971   0.01959   0.01947   0.01935   0.01923   0.01911   0.01898   0.01886   0.01874   0.01862   0.01850   0.01838   0.01826   0.01814   0.01802   0.01789   0.01777   0.01765   0.01753   0.01741   0.01729
A55b-43   0.09528   0.09469   0.09410   0.09352   0.09293   0.09234   0.09175   0.09116   0.09057   0.08999   0.08940   0.08881   0.08822   0.08763   0.08704   0.08646   0.08587   0.08528   0.08469   0.08410   0.08351   0.08293   0.08234   0.08175   0.08116   0.08057   0.07998   0.07940   0.07881   0.07822   0.07763   0.07704   0.07645   0.07587   0.07528   0.07469   0.07410   0.07351   0.07292   0.07233   0.07175   0.07116
A55b-48   0.04568   0.04462   0.04356   0.04249   0.04143   0.04037   0.03931   0.03825   0.03719   0.03613   0.03507   0.03401   0.03295   0.03189   0.03083   0.02977   0.02871   0.02765   0.02659   0.02553   0.02447   0.02341   0.02234   0.02128   0.02022   0.01916   0.01810   0.01704   0.01598   0.01492   0.01386   0.01280   0.01174   0.01068   0.00962   0.00856   0.00750   0.00644   0.00538   0.00432   0.00326   0.00219
A55c-01   0.22119   0.21957   0.21795   0.21634   0.21472   0.21310   0.21149   0.20987   0.20826   0.20664   0.20502   0.20341   0.20179   0.20017   0.19856   0.19694   0.19533   0.19371   0.19209   0.19048   0.18886   0.18724   0.18563   0.18401   0.18240   0.18078   0.17916   0.17755   0.17593   0.17431   0.17270   0.17108   0.16947   0.16785   0.16623   0.16462   0.16300   0.16138   0.15977   0.15815   0.15653   0.15492
A55c-03   0.39803   0.39016   0.38229   0.37443   0.36656   0.35869   0.35082   0.34296   0.33509   0.32722   0.31935   0.31149   0.30362   0.29575   0.28788   0.28002   0.27215   0.26428   0.25641   0.24855   0.24068   0.23281   0.22494   0.21708   0.20921   0.20134   0.19347   0.18561   0.17774   0.16987   0.16200   0.15414   0.14627   0.13840   0.13053   0.12267   0.11480   0.10693   0.09907   0.09120   0.08333   0.07546
A55c-04   0.39313   0.38456   0.37599   0.36743   0.35886   0.35029   0.34172   0.33316   0.32459   0.31602   0.30745   0.29889   0.29032   0.28175   0.27318   0.26462   0.25605   0.24748   0.23891   0.23035   0.22178   0.21321   0.20464   0.19608   0.18751   0.17894   0.17037   0.16181   0.15324   0.14467   0.13610   0.12754   0.11897   0.11040   0.10183   0.09327   0.08470   0.07613   0.06757   0.05900   0.05043   0.04186
A55c-05   1.55695   1.54536   1.53376   1.52217   1.51058   1.49898   1.48739   1.47580   1.46420   1.45261   1.44102   1.42943   1.41783   1.40624   1.39465   1.38305   1.37146   1.35987   1.34827   1.33668   1.32509   1.31350   1.30190   1.29031   1.27872   1.26712   1.25553   1.24394   1.23234   1.22075   1.20916   1.19757   1.18597   1.17438   1.16279   1.15119   1.13960   1.12801   1.11641   1.10482   1.09323   1.08163
A55c-07   0.32724   0.32140   0.31557   0.30973   0.30389   0.29805   0.29222   0.28638   0.28054   0.27470   0.26887   0.26303   0.25719   0.25136   0.24552   0.23968   0.23384   0.22801   0.22217   0.21633   0.21050   0.20466   0.19882   0.19298   0.18715   0.18131   0.17547   0.16963   0.16380   0.15796   0.15212   0.14629   0.14045   0.13461   0.12877   0.12294   0.11710   0.11126   0.10543   0.09959   0.09375   0.08791
A55c-09   0.24625   0.24187   0.23749   0.23311   0.22873   0.22435   0.21997   0.21559   0.21121   0.20683   0.20246   0.19808   0.19370   0.18932   0.18494   0.18056   0.17618   0.17180   0.16742   0.16304   0.15867   0.15429   0.14991   0.14553   0.14115   0.13677   0.13239   0.12801   0.12363   0.11925   0.11487   0.11050   0.10612   0.10174   0.09736   0.09298   0.08860   0.08422   0.07984   0.07546   0.07108   0.06670
A55c-11   0.75561   0.75043   0.74525   0.74006   0.73488   0.72970   0.72451   0.71933   0.71414   0.70896   0.70378   0.69859   0.69341   0.68823   0.68304   0.67786   0.67267   0.66749   0.66231   0.65712   0.65194   0.64676   0.64157   0.63639   0.63120   0.62602   0.62084   0.61565   0.61047   0.60529   0.60010   0.59492   0.58973   0.58455   0.57937   0.57418   0.56900   0.56382   0.55863   0.55345   0.54827   0.54308
A55c-13   3.17635   3.15324   3.13014   3.10703   3.08392   3.06082   3.03771   3.01460   2.99150   2.96839   2.94528   2.92217   2.89907   2.87596   2.85285   2.82975   2.80664   2.78353   2.76043   2.73732   2.71421   2.69110   2.66800   2.64489   2.62178   2.59868   2.57557   2.55246   2.52936   2.50625   2.48314   2.46003   2.43693   2.41382   2.39071   2.36761   2.34450   2.32139   2.29829   2.27518   2.25207   2.22897
A55c-14   0.62585   0.61803   0.61021   0.60239   0.59457   0.58675   0.57893   0.57111   0.56329   0.55547   0.54764   0.53982   0.53200   0.52418   0.51636   0.50854   0.50072   0.49290   0.48508   0.47726   0.46943   0.46161   0.45379   0.44597   0.43815   0.43033   0.42251   0.41469   0.40687   0.39905   0.39123   0.38340   0.37558   0.36776   0.35994   0.35212   0.34430   0.33648   0.32866   0.32084   0.31302   0.30520
A55c-16   0.49263   0.48506   0.47749   0.46993   0.46236   0.45479   0.44722   0.43966   0.43209   0.42452   0.41695   0.40939   0.40182   0.39425   0.38668   0.37912   0.37155   0.36398   0.35641   0.34885   0.34128   0.33371   0.32614   0.31858   0.31101   0.30344   0.29587   0.28831   0.28074   0.27317   0.26560   0.25804   0.25047   0.24290   0.23533   0.22777   0.22020   0.21263   0.20507   0.19750   0.18993   0.18236
A55c-18   0.04260   0.04260   0.04260   0.04260   0.04260   0.04260   0.04260   0.04260   0.04260   0.04260   0.04260   0.04260   0.04260   0.04260   0.04260   0.04260   0.04260   0.04260   0.04260   0.04260   0.04260   0.04260   0.04260   0.04260   0.04260   0.04260   0.04260   0.04260   0.04260   0.04260   0.04260   0.04260   0.04260   0.04260   0.04260   0.04260   0.04260   0.04260   0.04260   0.04260   0.04260   0.04260
A55c-19   0.18920   0.18872   0.18825   0.18778   0.18731   0.18683   0.18636   0.18589   0.18542   0.18495   0.18447   0.18400   0.18353   0.18306   0.18259   0.18211   0.18164   0.18117   0.18070   0.18023   0.17975   0.17928   0.17881   0.17834   0.17787   0.17739   0.17692   0.17645   0.17598   0.17550   0.17503   0.17456   0.17409   0.17362   0.17314   0.17267   0.17220   0.17173   0.17126   0.17078   0.17031   0.16984
A55c-21   0.04757   0.04714   0.04671   0.04627   0.04584   0.04541   0.04498   0.04454   0.04411   0.04368   0.04325   0.04281   0.04238   0.04195   0.04152   0.04108   0.04065   0.04022   0.03979   0.03935   0.03892   0.03849   0.03806   0.03762   0.03719   0.03676   0.03633   0.03589   0.03546   0.03503   0.03460   0.03416   0.03373   0.03330   0.03287   0.03243   0.03200   0.03157   0.03113   0.03070   0.03027   0.02984
A55c-25   0.11208   0.10988   0.10768   0.10548   0.10327   0.10107   0.09887   0.09667   0.09447   0.09226   0.09006   0.08786   0.08566   0.08345   0.08125   0.07905   0.07685   0.07464   0.07244   0.07024   0.06804   0.06583   0.06363   0.06143   0.05923   0.05703   0.05482   0.05262   0.05042   0.04822   0.04601   0.04381   0.04161   0.03941   0.03720   0.03500   0.03280   0.03060   0.02840   0.02619   0.02399   0.02179
A55c-27   0.22687   0.22106   0.21526   0.20945   0.20365   0.19784   0.19204   0.18623   0.18043   0.17463   0.16882   0.16302   0.15721   0.15141   0.14560   0.13980   0.13399   0.12819   0.12238   0.11658   0.11077   0.10497   0.09917   0.09336   0.08756   0.08175   0.07595   0.07014   0.06434   0.05853   0.05273   0.04692   0.04112   0.03531   0.02951   0.02370   0.01790   0.01210   0.00629   0.00049   0.00000   0.00000
A55c-28   0.22703   0.22125   0.21547   0.20969   0.20390   0.19812   0.19234   0.18656   0.18078   0.17500   0.16922   0.16343   0.15765   0.15187   0.14609   0.14031   0.13453   0.12875   0.12297   0.11718   0.11140   0.10562   0.09984   0.09406   0.08828   0.08250   0.07671   0.07093   0.06515   0.05937   0.05359   0.04781   0.04203   0.03624   0.03046   0.02468   0.01890   0.01312   0.00734   0.00156   0.00000   0.00000
A55d-04   0.36720   0.36081   0.35443   0.34804   0.34165   0.33527   0.32888   0.32250   0.31611   0.30972   0.30334   0.29695   0.29057   0.28418   0.27779   0.27141   0.26502   0.25863   0.25225   0.24586   0.23948   0.23309   0.22670   0.22032   0.21393   0.20755   0.20116   0.19477   0.18839   0.18200   0.17562   0.16923   0.16284   0.15646   0.15007   0.14369   0.13730   0.13091   0.12453   0.11814   0.11176   0.10537
A55d-05   0.56530   0.56018   0.55505   0.54992   0.54479   0.53967   0.53454   0.52941   0.52428   0.51915   0.51403   0.50890   0.50377   0.49864   0.49351   0.48839   0.48326   0.47813   0.47300   0.46787   0.46275   0.45762   0.45249   0.44736   0.44223   0.43711   0.43198   0.42685   0.42172   0.41660   0.41147   0.40634   0.40121   0.39608   0.39096   0.38583   0.38070   0.37557   0.37044   0.36532   0.36019   0.35506
A55d-08   0.06070   0.06070   0.06070   0.06070   0.06070   0.06070   0.06070   0.06070   0.06070   0.06070   0.06070   0.06070   0.06070   0.06070   0.06070   0.06070   0.06070   0.06070   0.06070   0.06070   0.06070   0.06070   0.06070   0.06070   0.06070   0.06070   0.06070   0.06070   0.06070   0.06070   0.06070   0.06070   0.06070   0.06070   0.06070   0.06070   0.06070   0.06070   0.06070   0.06070   0.06070   0.06070
A55f-01   1.12356   1.11701   1.11046   1.10391   1.09736   1.09081   1.08427   1.07772   1.07117   1.06462   1.05807   1.05152   1.04497   1.03842   1.03187   1.02533   1.01878   1.01223   1.00568   0.99913   0.99258   0.98603   0.97948   0.97293   0.96639   0.95984   0.95329   0.94674   0.94019   0.93364   0.92709   0.92054   0.91400   0.90745   0.90090   0.89435   0.88780   0.88125   0.87470   0.86815   0.86160   0.85506
A55f-03   8.80264   8.76150   8.72037   8.67923   8.63809   8.59695   8.55582   8.51468   8.47354   8.43240   8.39127   8.35013   8.30899   8.26786   8.22672   8.18558   8.14444   8.10331   8.06217   8.02103   7.97990   7.93876   7.89762   7.85648   7.81535   7.77421   7.73307   7.69193   7.65080   7.60966   7.56852   7.52739   7.48625   7.44511   7.40397   7.36284   7.32170   7.28056   7.23943   7.19829   7.15715   7.11601
A55f-04   0.54689   0.53913   0.53138   0.52362   0.51586   0.50810   0.50034   0.49259   0.48483   0.47707   0.46931   0.46155   0.45380   0.44604   0.43828   0.43052   0.42276   0.41500   0.40725   0.39949   0.39173   0.38397   0.37621   0.36846   0.36070   0.35294   0.34518   0.33742   0.32967   0.32191   0.31415   0.30639   0.29863   0.29087   0.28312   0.27536   0.26760   0.25984   0.25208   0.24433   0.23657   0.22881
A55f-05   0.09307   0.09083   0.08858   0.08633   0.08409   0.08184   0.07960   0.07735   0.07510   0.07286   0.07061   0.06836   0.06612   0.06387   0.06162   0.05938   0.05713   0.05488   0.05264   0.05039   0.04814   0.04590   0.04365   0.04140   0.03916   0.03691   0.03467   0.03242   0.03017   0.02793   0.02568   0.02343   0.02119   0.01894   0.01669   0.01445   0.01220   0.00995   0.00771   0.00546   0.00321   0.00097
A55f-06   0.09293   0.09066   0.08839   0.08613   0.08386   0.08159   0.07932   0.07706   0.07479   0.07252   0.07025   0.06799   0.06572   0.06345   0.06118   0.05892   0.05665   0.05438   0.05211   0.04985   0.04758   0.04531   0.04304   0.04078   0.03851   0.03624   0.03397   0.03171   0.02944   0.02717   0.02490   0.02264   0.02037   0.01810   0.01583   0.01357   0.01130   0.00903   0.00677   0.00450   0.00223   0.00000
A55f-07   0.51045   0.50543   0.50041   0.49539   0.49037   0.48535   0.48033   0.47531   0.47029   0.46527   0.46024   0.45522   0.45020   0.44518   0.44016   0.43514   0.43012   0.42510   0.42008   0.41506   0.41003   0.40501   0.39999   0.39497   0.38995   0.38493   0.37991   0.37489   0.36987   0.36485   0.35983   0.35480   0.34978   0.34476   0.33974   0.33472   0.32970   0.32468   0.31966   0.31464   0.30962   0.30460
A55f-08   0.63466   0.62739   0.62011   0.61283   0.60556   0.59828   0.59100   0.58373   0.57645   0.56917   0.56190   0.55462   0.54734   0.54007   0.53279   0.52551   0.51823   0.51096   0.50368   0.49640   0.48913   0.48185   0.47457   0.46730   0.46002   0.45274   0.44547   0.43819   0.43091   0.42364   0.41636   0.40908   0.40181   0.39453   0.38725   0.37998   0.37270   0.36542   0.35815   0.35087   0.34359   0.33632
A56d-01   1.10784   1.09298   1.07811   1.06325   1.04838   1.03352   1.01865   1.00379   0.98892   0.97406   0.95919   0.94433   0.92946   0.91460   0.89973   0.88487   0.87000   0.85514   0.84027   0.82541   0.81054   0.79568   0.78081   0.76595   0.75108   0.73622   0.72135   0.70649   0.69162   0.67676   0.66189   0.64703   0.63216   0.61730   0.60243   0.58757   0.57270   0.55783   0.54297   0.52810   0.51324   0.49837
A56d-02   0.16685   0.16346   0.16006   0.15667   0.15328   0.14988   0.14649   0.14310   0.13970   0.13631   0.13292   0.12953   0.12613   0.12274   0.11935   0.11595   0.11256   0.10917   0.10577   0.10238   0.09899   0.09560   0.09220   0.08881   0.08542   0.08202   0.07863   0.07524   0.07184   0.06845   0.06506   0.06167   0.05827   0.05488   0.05149   0.04809   0.04470   0.04131   0.03791   0.03452   0.03113   0.02773
A56d-04   1.10001   1.08957   1.07912   1.06868   1.05824   1.04780   1.03736   1.02691   1.01647   1.00603   0.99559   0.98515   0.97470   0.96426   0.95382   0.94338   0.93294   0.92250   0.91205   0.90161   0.89117   0.88073   0.87029   0.85984   0.84940   0.83896   0.82852   0.81808   0.80763   0.79719   0.78675   0.77631   0.76587   0.75543   0.74498   0.73454   0.72410   0.71366   0.70322   0.69277   0.68233   0.67189
A56d-05   0.77891   0.77153   0.76415   0.75676   0.74938   0.74200   0.73461   0.72723   0.71984   0.71246   0.70508   0.69769   0.69031   0.68293   0.67554   0.66816   0.66077   0.65339   0.64601   0.63862   0.63124   0.62386   0.61647   0.60909   0.60170   0.59432   0.58694   0.57955   0.57217   0.56479   0.55740   0.55002   0.54263   0.53525   0.52787   0.52048   0.51310   0.50572   0.49833   0.49095   0.48357   0.47618
A56d-06   0.16992   0.16768   0.16544   0.16320   0.16097   0.15873   0.15649   0.15425   0.15201   0.14977   0.14753   0.14529   0.14305   0.14081   0.13857   0.13633   0.13409   0.13185   0.12961   0.12737   0.12513   0.12289   0.12065   0.11841   0.11617   0.11393   0.11170   0.10946   0.10722   0.10498   0.10274   0.10050   0.09826   0.09602   0.09378   0.09154   0.08930   0.08706   0.08482   0.08258   0.08034   0.07810
B16-01   0.62303   0.61303   0.60302   0.59301   0.58300   0.57299   0.56298   0.55297   0.54296   0.53295   0.52294   0.51293   0.50292   0.49291   0.48290   0.47290   0.46289   0.45288   0.44287   0.43286   0.42285   0.41284   0.40283   0.39282   0.38281   0.37280   0.36279   0.35278   0.34277   0.33277   0.32276   0.31275   0.30274   0.29273   0.28272   0.27271   0.26270   0.25269   0.24268   0.23267   0.22266   0.21265
B16-02   0.08030   0.07882   0.07735   0.07588   0.07441   0.07293   0.07146   0.06999   0.06852   0.06705   0.06557   0.06410   0.06263   0.06116   0.05969   0.05821   0.05674   0.05527   0.05380   0.05233   0.05085   0.04938   0.04791   0.04644   0.04497   0.04349   0.04202   0.04055   0.03908   0.03760   0.03613   0.03466   0.03319   0.03172   0.03024   0.02877   0.02730   0.02583   0.02436   0.02288   0.02141   0.01994
B16-03   0.27207   0.27066   0.26926   0.26785   0.26645   0.26504   0.26364   0.26223   0.26083   0.25943   0.25802   0.25662   0.25521   0.25381   0.25240   0.25100   0.24959   0.24819   0.24678   0.24538   0.24397   0.24257   0.24117   0.23976   0.23836   0.23695   0.23555   0.23414   0.23274   0.23133   0.22993   0.22852   0.22712   0.22571   0.22431   0.22290   0.22150   0.22010   0.21869   0.21729   0.21588   0.21448
B16-04   0.87306   0.84921   0.82536   0.80151   0.77766   0.75381   0.72997   0.70612   0.68227   0.65842   0.63457   0.61072   0.58687   0.56302   0.53917   0.51533   0.49148   0.46763   0.44378   0.41993   0.39608   0.37223   0.34838   0.32453   0.30069   0.27684   0.25299   0.22914   0.20529   0.18144   0.15759   0.13374   0.10990   0.08605   0.06220   0.03835   0.01450   0.00000   0.00000   0.00000   0.00000   0.00000
B16-05   0.47090   0.46658   0.46225   0.45792   0.45359   0.44927   0.44494   0.44061   0.43628   0.43195   0.42763   0.42330   0.41897   0.41464   0.41031   0.40599   0.40166   0.39733   0.39300   0.38867   0.38435   0.38002   0.37569   0.37136   0.36703   0.36271   0.35838   0.35405   0.34972   0.34540   0.34107   0.33674   0.33241   0.32808   0.32376   0.31943   0.31510   0.31077   0.30644   0.30212   0.29779   0.29346
B16-09   0.08464   0.08379   0.08294   0.08209   0.08124   0.08039   0.07953   0.07868   0.07783   0.07698   0.07613   0.07528   0.07443   0.07358   0.07273   0.07187   0.07102   0.07017   0.06932   0.06847   0.06762   0.06677   0.06592   0.06507   0.06421   0.06336   0.06251   0.06166   0.06081   0.05996   0.05911   0.05826   0.05740   0.05655   0.05570   0.05485   0.05400   0.05315   0.05230   0.05145   0.05060   0.04974
B16-10   0.11740   0.11551   0.11363   0.11174   0.10985   0.10797   0.10608   0.10420   0.10231   0.10042   0.09854   0.09665   0.09477   0.09288   0.09099   0.08911   0.08722   0.08533   0.08345   0.08156   0.07968   0.07779   0.07590   0.07402   0.07213   0.07025   0.06836   0.06647   0.06459   0.06270   0.06082   0.05893   0.05704   0.05516   0.05327   0.05139   0.04950   0.04761   0.04573   0.04384   0.04196   0.04007
B16-12   0.10887   0.10693   0.10498   0.10303   0.10109   0.09914   0.09720   0.09525   0.09330   0.09136   0.08941   0.08746   0.08552   0.08357   0.08162   0.07968   0.07773   0.07578   0.07384   0.07189   0.06994   0.06800   0.06605   0.06410   0.06216   0.06021   0.05827   0.05632   0.05437   0.05243   0.05048   0.04853   0.04659   0.04464   0.04269   0.04075   0.03880   0.03685   0.03491   0.03296   0.03101   0.02907
B17-02   0.43845   0.43493   0.43141   0.42789   0.42437   0.42085   0.41733   0.41381   0.41029   0.40677   0.40324   0.39972   0.39620   0.39268   0.38916   0.38564   0.38212   0.37860   0.37508   0.37156   0.36803   0.36451   0.36099   0.35747   0.35395   0.35043   0.34691   0.34339   0.33987   0.33635   0.33283   0.32930   0.32578   0.32226   0.31874   0.31522   0.31170   0.30818   0.30466   0.30114   0.29762   0.29410
B17-03   0.19371   0.19245   0.19120   0.18994   0.18869   0.18743   0.18617   0.18492   0.18366   0.18241   0.18115   0.17990   0.17864   0.17738   0.17613   0.17487   0.17362   0.17236   0.17110   0.16985   0.16859   0.16734   0.16608   0.16483   0.16357   0.16231   0.16106   0.15980   0.15855   0.15729   0.15603   0.15478   0.15352   0.15227   0.15101   0.14976   0.14850   0.14724   0.14599   0.14473   0.14348   0.14222
B17-04   0.28907   0.28804   0.28701   0.28597   0.28494   0.28391   0.28288   0.28184   0.28081   0.27978   0.27875   0.27771   0.27668   0.27565   0.27462   0.27358   0.27255   0.27152   0.27049   0.26945   0.26842   0.26739   0.26636   0.26532   0.26429   0.26326   0.26223   0.26119   0.26016   0.25913   0.25810   0.25706   0.25603   0.25500   0.25397   0.25293   0.25190   0.25087   0.24983   0.24880   0.24777   0.24674
B17-08   0.58519   0.58503   0.58488   0.58472   0.58456   0.58440   0.58424   0.58409   0.58393   0.58377   0.58361   0.58345   0.58330   0.58314   0.58298   0.58282   0.58266   0.58250   0.58235   0.58219   0.58203   0.58187   0.58171   0.58156   0.58140   0.58124   0.58108   0.58092   0.58077   0.58061   0.58045   0.58029   0.58013   0.57997   0.57982   0.57966   0.57950   0.57934   0.57918   0.57903   0.57887   0.57871
B17-10   0.01317   0.01307   0.01298   0.01289   0.01280   0.01271   0.01262   0.01253   0.01244   0.01235   0.01226   0.01217   0.01208   0.01199   0.01190   0.01180   0.01171   0.01162   0.01153   0.01144   0.01135   0.01126   0.01117   0.01108   0.01099   0.01090   0.01081   0.01072   0.01063   0.01053   0.01044   0.01035   0.01026   0.01017   0.01008   0.00999   0.00990   0.00981   0.00972   0.00963   0.00954   0.00945
B21-05   0.99162   0.98471   0.97780   0.97088   0.96397   0.95706   0.95015   0.94324   0.93633   0.92941   0.92250   0.91559   0.90868   0.90177   0.89486   0.88794   0.88103   0.87412   0.86721   0.86030   0.85339   0.84647   0.83956   0.83265   0.82574   0.81883   0.81192   0.80500   0.79809   0.79118   0.78427   0.77736   0.77045   0.76353   0.75662   0.74971   0.74280   0.73589   0.72898   0.72207   0.71515   0.70824
B21-07   0.08227   0.08107   0.07988   0.07869   0.07750   0.07631   0.07512   0.07393   0.07274   0.07155   0.07036   0.06917   0.06798   0.06679   0.06560   0.06440   0.06321   0.06202   0.06083   0.05964   0.05845   0.05726   0.05607   0.05488   0.05369   0.05250   0.05131   0.05012   0.04893   0.04773   0.04654   0.04535   0.04416   0.04297   0.04178   0.04059   0.03940   0.03821   0.03702   0.03583   0.03464   0.03345
B22-01   3.59331   3.56137   3.52942   3.49748   3.46554   3.43360   3.40166   3.36971   3.33777   3.30583   3.27389   3.24195   3.21000   3.17806   3.14612   3.11418   3.08224   3.05030   3.01835   2.98641   2.95447   2.92253   2.89059   2.85864   2.82670   2.79476   2.76282   2.73088   2.69893   2.66699   2.63505   2.60311   2.57117   2.53923   2.50728   2.47534   2.44340   2.41146   2.37952   2.34757   2.31563   2.28369
B22-04   0.33589   0.32967   0.32345   0.31724   0.31102   0.30480   0.29859   0.29237   0.28616   0.27994   0.27372   0.26751   0.26129   0.25507   0.24886   0.24264   0.23643   0.23021   0.22399   0.21778   0.21156   0.20534   0.19913   0.19291   0.18670   0.18048   0.17426   0.16805   0.16183   0.15561   0.14940   0.14318   0.13697   0.13075   0.12453   0.11832   0.11210   0.10588   0.09967   0.09345   0.08723   0.08102
B23-01   0.09281   0.09053   0.08825   0.08596   0.08368   0.08140   0.07911   0.07683   0.07454   0.07226   0.06998   0.06769   0.06541   0.06313   0.06084   0.05856   0.05627   0.05399   0.05171   0.04942   0.04714   0.04486   0.04257   0.04029   0.03800   0.03572   0.03344   0.03115   0.02887   0.02659   0.02430   0.02202   0.01973   0.01745   0.01517   0.01288   0.01060   0.00832   0.00603   0.00375   0.00147   0.00000
B23-02   0.16297   0.15903   0.15508   0.15113   0.14719   0.14324   0.13930   0.13535   0.13140   0.12746   0.12351   0.11956   0.11562   0.11167   0.10772   0.10378   0.09983   0.09588   0.09194   0.08799   0.08404   0.08010   0.07615   0.07220   0.06826   0.06431   0.06037   0.05642   0.05247   0.04853   0.04458   0.04063   0.03669   0.03274   0.02879   0.02485   0.02090   0.01695   0.01301   0.00906   0.00511   0.00117
B23-03   1.02129   1.01557   1.00985   1.00414   0.99842   0.99270   0.98699   0.98127   0.97556   0.96984   0.96412   0.95841   0.95269   0.94697   0.94126   0.93554   0.92983   0.92411   0.91839   0.91268   0.90696   0.90124   0.89553   0.88981   0.88410   0.87838   0.87266   0.86695   0.86123   0.85551   0.84980   0.84408   0.83837   0.83265   0.82693   0.82122   0.81550   0.80978   0.80407   0.79835   0.79263   0.78692
B23-07   0.61622   0.60631   0.59640   0.58648   0.57657   0.56666   0.55675   0.54684   0.53693   0.52701   0.51710   0.50719   0.49728   0.48737   0.47746   0.46754   0.45763   0.44772   0.43781   0.42790   0.41799   0.40807   0.39816   0.38825   0.37834   0.36843   0.35852   0.34860   0.33869   0.32878   0.31887   0.30896   0.29905   0.28913   0.27922   0.26931   0.25940   0.24949   0.23958   0.22967   0.21975   0.20984
B25-03   0.32438   0.32170   0.31903   0.31636   0.31368   0.31101   0.30833   0.30566   0.30298   0.30031   0.29763   0.29496   0.29229   0.28961   0.28694   0.28426   0.28159   0.27891   0.27624   0.27357   0.27089   0.26822   0.26554   0.26287   0.26019   0.25752   0.25484   0.25217   0.24950   0.24682   0.24415   0.24147   0.23880   0.23612   0.23345   0.23077   0.22810   0.22543   0.22275   0.22008   0.21740   0.21473
B25-04   0.10475   0.10285   0.10094   0.09903   0.09712   0.09522   0.09331   0.09140   0.08950   0.08759   0.08568   0.08378   0.08187   0.07996   0.07806   0.07615   0.07424   0.07234   0.07043   0.06852   0.06662   0.06471   0.06280   0.06090   0.05899   0.05708   0.05518   0.05327   0.05136   0.04945   0.04755   0.04564   0.04373   0.04183   0.03992   0.03801   0.03611   0.03420   0.03229   0.03039   0.02848   0.02657
B25-07   0.17724   0.17559   0.17394   0.17229   0.17064   0.16899   0.16733   0.16568   0.16403   0.16238   0.16073   0.15908   0.15743   0.15578   0.15413   0.15247   0.15082   0.14917   0.14752   0.14587   0.14422   0.14257   0.14092   0.13927   0.13761   0.13596   0.13431   0.13266   0.13101   0.12936   0.12771   0.12606   0.12440   0.12275   0.12110   0.11945   0.11780   0.11615   0.11450   0.11285   0.11120   0.10954
B30-02   0.41272   0.40722   0.40172   0.39622   0.39073   0.38523   0.37973   0.37423   0.36873   0.36324   0.35774   0.35224   0.34674   0.34125   0.33575   0.33025   0.32475   0.31926   0.31376   0.30826   0.30276   0.29727   0.29177   0.28627   0.28077   0.27527   0.26978   0.26428   0.25878   0.25328   0.24779   0.24229   0.23679   0.23129   0.22580   0.22030   0.21480   0.20930   0.20380   0.19831   0.19281   0.18731
B30-04   0.10742   0.10590   0.10438   0.10285   0.10133   0.09980   0.09828   0.09675   0.09522   0.09370   0.09217   0.09065   0.08912   0.08760   0.08607   0.08455   0.08302   0.08150   0.07997   0.07845   0.07692   0.07540   0.07387   0.07235   0.07082   0.06930   0.06778   0.06625   0.06472   0.06320   0.06167   0.06015   0.05862   0.05710   0.05557   0.05405   0.05252   0.05100   0.04947   0.04795   0.04642   0.04490
B30-05   0.33653   0.33040   0.32427   0.31815   0.31203   0.30590   0.29978   0.29365   0.28753   0.28140   0.27527   0.26915   0.26303   0.25690   0.25077   0.24465   0.23853   0.23240   0.22628   0.22015   0.21403   0.20790   0.20177   0.19565   0.18953   0.18340   0.17728   0.17115   0.16503   0.15890   0.15277   0.14665   0.14053   0.13440   0.12828   0.12215   0.11603   0.10990   0.10377   0.09765   0.09152   0.08540
B30-06   5.98596   5.95646   5.92695   5.89744   5.86794   5.83843   5.80893   5.77942   5.74992   5.72041   5.69091   5.66140   5.63189   5.60239   5.57288   5.54338   5.51387   5.48437   5.45486   5.42536   5.39585   5.36634   5.33684   5.30733   5.27783   5.24832   5.21882   5.18931   5.15981   5.13030   5.10079   5.07129   5.04178   5.01228   4.98277   4.95327   4.92376   4.89426   4.86475   4.83524   4.80574   4.77623
B30-13   0.33587   0.32965   0.32344   0.31722   0.31100   0.30478   0.29856   0.29235   0.28613   0.27991   0.27369   0.26747   0.26125   0.25504   0.24882   0.24260   0.23638   0.23016   0.22395   0.21773   0.21151   0.20529   0.19907   0.19285   0.18664   0.18042   0.17420   0.16798   0.16176   0.15555   0.14933   0.14311   0.13689   0.13067   0.12445   0.11824   0.11202   0.10580   0.09958   0.09336   0.08715   0.08093
B30-23   0.03153   0.03148   0.03143   0.03138   0.03132   0.03127   0.03122   0.03117   0.03112   0.03106   0.03101   0.03096   0.03091   0.03085   0.03080   0.03075   0.03070   0.03065   0.03059   0.03054   0.03049   0.03044   0.03038   0.03033   0.03028   0.03023   0.03018   0.03012   0.03007   0.03002   0.02997   0.02991   0.02986   0.02981   0.02976   0.02970   0.02965   0.02960   0.02955   0.02950   0.02944   0.02939
B30-24   0.01843   0.01839   0.01835   0.01831   0.01828   0.01824   0.01820   0.01816   0.01812   0.01808   0.01804   0.01800   0.01797   0.01793   0.01789   0.01785   0.01781   0.01777   0.01773   0.01770   0.01766   0.01762   0.01758   0.01754   0.01750   0.01746   0.01743   0.01739   0.01735   0.01731   0.01727   0.01723   0.01719   0.01715   0.01712   0.01708   0.01704   0.01700   0.01696   0.01692   0.01688   0.01685
B30-25   0.01347   0.01342   0.01337   0.01333   0.01328   0.01323   0.01318   0.01314   0.01309   0.01304   0.01299   0.01295   0.01290   0.01285   0.01281   0.01276   0.01271   0.01266   0.01262   0.01257   0.01252   0.01247   0.01243   0.01238   0.01233   0.01228   0.01224   0.01219   0.01214   0.01209   0.01205   0.01200   0.01195   0.01191   0.01186   0.01181   0.01176   0.01172   0.01167   0.01162   0.01157   0.01153
B30-26   0.48110   0.46965   0.45819   0.44673   0.43527   0.42382   0.41236   0.40090   0.38945   0.37799   0.36653   0.35508   0.34362   0.33216   0.32071   0.30925   0.29779   0.28634   0.27488   0.26342   0.25197   0.24051   0.22905   0.21760   0.20614   0.19468   0.18323   0.17177   0.16031   0.14885   0.13740   0.12594   0.11448   0.10303   0.09157   0.08011   0.06866   0.05720   0.04574   0.03429   0.02283   0.01137
B30-27   0.51998   0.51408   0.50818   0.50228   0.49638   0.49047   0.48457   0.47867   0.47277   0.46686   0.46096   0.45506   0.44916   0.44325   0.43735   0.43145   0.42555   0.41965   0.41374   0.40784   0.40194   0.39604   0.39013   0.38423   0.37833   0.37243   0.36652   0.36062   0.35472   0.34882   0.34292   0.33701   0.33111   0.32521   0.31931   0.31340   0.30750   0.30160   0.29570   0.28980   0.28389   0.27799
B30-28   1.06013   1.04658   1.03303   1.01948   1.00593   0.99237   0.97882   0.96527   0.95172   0.93816   0.92461   0.91106   0.89751   0.88395   0.87040   0.85685   0.84330   0.82975   0.81619   0.80264   0.78909   0.77554   0.76198   0.74843   0.73488   0.72133   0.70778   0.69422   0.68067   0.66712   0.65357   0.64001   0.62646   0.61291   0.59936   0.58580   0.57225   0.55870   0.54515   0.53160   0.51804   0.50449
B31-01   0.07490   0.07490   0.07490   0.07490   0.07490   0.07490   0.07490   0.07490   0.07490   0.07490   0.07490   0.07490   0.07490   0.07490   0.07490   0.07490   0.07490   0.07490   0.07490   0.07490   0.07490   0.07490   0.07490   0.07490   0.07490   0.07490   0.07490   0.07490   0.07490   0.07490   0.07490   0.07490   0.07490   0.07490   0.07490   0.07490   0.07490   0.07490   0.07490   0.07490   0.07490   0.07490
B31-02   1.76235   1.75071   1.73907   1.72744   1.71580   1.70416   1.69253   1.68089   1.66925   1.65762   1.64598   1.63435   1.62271   1.61107   1.59944   1.58780   1.57616   1.56453   1.55289   1.54125   1.52962   1.51798   1.50635   1.49471   1.48307   1.47144   1.45980   1.44816   1.43653   1.42489   1.41325   1.40162   1.38998   1.37835   1.36671   1.35507   1.34344   1.33180   1.32016   1.30853   1.29689   1.28525
B31-03   0.14831   0.14708   0.14585   0.14463   0.14340   0.14217   0.14095   0.13972   0.13849   0.13726   0.13604   0.13481   0.13358   0.13235   0.13113   0.12990   0.12867   0.12745   0.12622   0.12499   0.12376   0.12254   0.12131   0.12008   0.11885   0.11763   0.11640   0.11517   0.11395   0.11272   0.11149   0.11026   0.10904   0.10781   0.10658   0.10535   0.10413   0.10290   0.10167   0.10045   0.09922   0.09799
B31-04   9.28407   9.24956   9.21506   9.18055   9.14605   9.11155   9.07704   9.04254   9.00803   8.97353   8.93902   8.90452   8.87001   8.83551   8.80100   8.76650   8.73200   8.69749   8.66299   8.62848   8.59398   8.55947   8.52497   8.49046   8.45596   8.42145   8.38695   8.35245   8.31794   8.28344   8.24893   8.21443   8.17992   8.14542   8.11091   8.07641   8.04190   8.00740   7.97290   7.93839   7.90389   7.86938
B31-06   0.13132   0.12955   0.12779   0.12602   0.12425   0.12248   0.12071   0.11895   0.11718   0.11541   0.11364   0.11187   0.11010   0.10834   0.10657   0.10480   0.10303   0.10126   0.09950   0.09773   0.09596   0.09419   0.09242   0.09065   0.08889   0.08712   0.08535   0.08358   0.08181   0.08005   0.07828   0.07651   0.07474   0.07297   0.07120   0.06944   0.06767   0.06590   0.06413   0.06236   0.06060   0.05883
B31-07   0.07378   0.07209   0.07040   0.06871   0.06703   0.06534   0.06365   0.06196   0.06027   0.05858   0.05689   0.05520   0.05352   0.05183   0.05014   0.04845   0.04676   0.04507   0.04338   0.04170   0.04001   0.03832   0.03663   0.03494   0.03325   0.03156   0.02987   0.02819   0.02650   0.02481   0.02312   0.02143   0.01974   0.01805   0.01637   0.01468   0.01299   0.01130   0.00961   0.00792   0.00623   0.00455
B31-08   0.38707   0.38396   0.38086   0.37775   0.37465   0.37155   0.36844   0.36534   0.36223   0.35913   0.35602   0.35292   0.34981   0.34671   0.34360   0.34050   0.33740   0.33429   0.33119   0.32808   0.32498   0.32187   0.31877   0.31566   0.31256   0.30945   0.30635   0.30325   0.30014   0.29704   0.29393   0.29083   0.28772   0.28462   0.28151   0.27841   0.27530   0.27220   0.26910   0.26599   0.26289   0.25978
B31-09   0.28911   0.28407   0.27903   0.27399   0.26895   0.26391   0.25887   0.25383   0.24879   0.24375   0.23870   0.23366   0.22862   0.22358   0.21854   0.21350   0.20846   0.20342   0.19838   0.19334   0.18830   0.18325   0.17821   0.17317   0.16813   0.16309   0.15805   0.15301   0.14797   0.14293   0.13789   0.13285   0.12780   0.12276   0.11772   0.11268   0.10764   0.10260   0.09756   0.09252   0.08748   0.08244
B31-10   0.04198   0.04128   0.04058   0.03988   0.03918   0.03847   0.03777   0.03707   0.03637   0.03566   0.03496   0.03426   0.03356   0.03285   0.03215   0.03145   0.03075   0.03005   0.02934   0.02864   0.02794   0.02724   0.02653   0.02583   0.02513   0.02443   0.02373   0.02302   0.02232   0.02162   0.02092   0.02021   0.01951   0.01881   0.01811   0.01740   0.01670   0.01600   0.01530   0.01460   0.01389   0.01319
B31-12   0.83871   0.83344   0.82817   0.82290   0.81763   0.81235   0.80708   0.80181   0.79654   0.79127   0.78600   0.78073   0.77546   0.77019   0.76492   0.75965   0.75438   0.74911   0.74384   0.73857   0.73330   0.72803   0.72276   0.71749   0.71222   0.70695   0.70168   0.69640   0.69113   0.68586   0.68059   0.67532   0.67005   0.66478   0.65951   0.65424   0.64897   0.64370   0.63843   0.63316   0.62789   0.62262
B31-13   0.01741   0.01723   0.01704   0.01686   0.01668   0.01649   0.01631   0.01612   0.01594   0.01575   0.01557   0.01539   0.01520   0.01502   0.01483   0.01465   0.01447   0.01428   0.01410   0.01391   0.01373   0.01355   0.01336   0.01318   0.01299   0.01281   0.01263   0.01244   0.01226   0.01207   0.01189   0.01170   0.01152   0.01134   0.01115   0.01097   0.01078   0.01060   0.01042   0.01023   0.01005   0.00986
B31-14   0.50728   0.50038   0.49348   0.48658   0.47967   0.47277   0.46587   0.45897   0.45207   0.44516   0.43826   0.43136   0.42446   0.41755   0.41065   0.40375   0.39685   0.38995   0.38304   0.37614   0.36924   0.36234   0.35543   0.34853   0.34163   0.33473   0.32783   0.32092   0.31402   0.30712   0.30022   0.29331   0.28641   0.27951   0.27261   0.26570   0.25880   0.25190   0.24500   0.23810   0.23119   0.22429
B31-15   0.01795   0.01785   0.01774   0.01763   0.01753   0.01742   0.01731   0.01720   0.01710   0.01699   0.01688   0.01678   0.01667   0.01656   0.01646   0.01635   0.01624   0.01614   0.01603   0.01592   0.01582   0.01571   0.01560   0.01550   0.01539   0.01528   0.01518   0.01507   0.01496   0.01485   0.01475   0.01464   0.01453   0.01443   0.01432   0.01421   0.01411   0.01400   0.01389   0.01379   0.01368   0.01357
B31-16   0.56677   0.56051   0.55425   0.54799   0.54173   0.53546   0.52920   0.52294   0.51668   0.51042   0.50416   0.49790   0.49163   0.48537   0.47911   0.47285   0.46659   0.46033   0.45407   0.44780   0.44154   0.43528   0.42902   0.42276   0.41650   0.41024   0.40398   0.39771   0.39145   0.38519   0.37893   0.37267   0.36641   0.36015   0.35388   0.34762   0.34136   0.33510   0.32884   0.32258   0.31632   0.31005
B31-20   0.02210   0.02210   0.02210   0.02210   0.02210   0.02210   0.02210   0.02210   0.02210   0.02210   0.02210   0.02210   0.02210   0.02210   0.02210   0.02210   0.02210   0.02210   0.02210   0.02210   0.02210   0.02210   0.02210   0.02210   0.02210   0.02210   0.02210   0.02210   0.02210   0.02210   0.02210   0.02210   0.02210   0.02210   0.02210   0.02210   0.02210   0.02210   0.02210   0.02210   0.02210   0.02210
B31-21   0.04560   0.04489   0.04418   0.04346   0.04275   0.04204   0.04132   0.04061   0.03990   0.03918   0.03847   0.03775   0.03704   0.03633   0.03561   0.03490   0.03419   0.03347   0.03276   0.03205   0.03133   0.03062   0.02990   0.02919   0.02848   0.02776   0.02705   0.02634   0.02562   0.02491   0.02420   0.02348   0.02277   0.02205   0.02134   0.02063   0.01991   0.01920   0.01849   0.01777   0.01706   0.01635
B31-22   0.06255   0.06149   0.06043   0.05936   0.05830   0.05724   0.05617   0.05511   0.05405   0.05298   0.05192   0.05085   0.04979   0.04873   0.04766   0.04660   0.04554   0.04447   0.04341   0.04235   0.04128   0.04022   0.03915   0.03809   0.03703   0.03596   0.03490   0.03384   0.03277   0.03171   0.03065   0.02958   0.02852   0.02745   0.02639   0.02533   0.02426   0.02320   0.02214   0.02107   0.02001   0.01895
B31-23   0.03565   0.03530   0.03495   0.03460   0.03425   0.03390   0.03355   0.03320   0.03285   0.03250   0.03215   0.03180   0.03145   0.03110   0.03075   0.03040   0.03005   0.02970   0.02935   0.02900   0.02865   0.02830   0.02795   0.02760   0.02725   0.02690   0.02655   0.02620   0.02585   0.02550   0.02515   0.02480   0.02445   0.02410   0.02375   0.02340   0.02305   0.02270   0.02235   0.02200   0.02165   0.02130
B31-25   0.12710   0.12710   0.12710   0.12710   0.12710   0.12710   0.12710   0.12710   0.12710   0.12710   0.12710   0.12710   0.12710   0.12710   0.12710   0.12710   0.12710   0.12710   0.12710   0.12710   0.12710   0.12710   0.12710   0.12710   0.12710   0.12710   0.12710   0.12710   0.12710   0.12710   0.12710   0.12710   0.12710   0.12710   0.12710   0.12710   0.12710   0.12710   0.12710   0.12710   0.12710   0.12710
B31-26   0.09415   0.09260   0.09105   0.08950   0.08795   0.08640   0.08485   0.08330   0.08175   0.08020   0.07865   0.07710   0.07555   0.07400   0.07245   0.07090   0.06935   0.06780   0.06625   0.06470   0.06315   0.06160   0.06005   0.05850   0.05695   0.05540   0.05385   0.05230   0.05075   0.04920   0.04765   0.04610   0.04455   0.04300   0.04145   0.03990   0.03835   0.03680   0.03525   0.03370   0.03215   0.03060
B31-27   0.02931   0.02903   0.02874   0.02846   0.02818   0.02789   0.02761   0.02732   0.02704   0.02675   0.02647   0.02619   0.02590   0.02562   0.02533   0.02505   0.02477   0.02448   0.02420   0.02391   0.02363   0.02335   0.02306   0.02278   0.02249   0.02221   0.02193   0.02164   0.02136   0.02107   0.02079   0.02050   0.02022   0.01994   0.01965   0.01937   0.01908   0.01880   0.01852   0.01823   0.01795   0.01766
B31-28   0.03085   0.03079   0.03073   0.03066   0.03060   0.03054   0.03047   0.03041   0.03035   0.03028   0.03022   0.03015   0.03009   0.03003   0.02996   0.02990   0.02984   0.02977   0.02971   0.02965   0.02958   0.02952   0.02945   0.02939   0.02933   0.02926   0.02920   0.02914   0.02907   0.02901   0.02895   0.02888   0.02882   0.02875   0.02869   0.02863   0.02856   0.02850   0.02844   0.02837   0.02831   0.02825
B32-02   0.57565   0.57181   0.56797   0.56414   0.56030   0.55646   0.55263   0.54879   0.54495   0.54112   0.53728   0.53345   0.52961   0.52577   0.52194   0.51810   0.51426   0.51043   0.50659   0.50275   0.49892   0.49508   0.49125   0.48741   0.48357   0.47974   0.47590   0.47206   0.46823   0.46439   0.46055   0.45672   0.45288   0.44905   0.44521   0.44137   0.43754   0.43370   0.42986   0.42603   0.42219   0.41835
B32-03   0.31868   0.31484   0.31099   0.30715   0.30330   0.29945   0.29561   0.29176   0.28792   0.28407   0.28023   0.27638   0.27254   0.26869   0.26485   0.26100   0.25715   0.25331   0.24946   0.24562   0.24177   0.23793   0.23408   0.23024   0.22639   0.22255   0.21870   0.21485   0.21101   0.20716   0.20332   0.19947   0.19563   0.19178   0.18794   0.18409   0.18025   0.17640   0.17255   0.16871   0.16486   0.16102
B32-04   0.25782   0.25411   0.25040   0.24669   0.24298   0.23926   0.23555   0.23184   0.22813   0.22442   0.22071   0.21700   0.21328   0.20957   0.20586   0.20215   0.19844   0.19473   0.19102   0.18730   0.18359   0.17988   0.17617   0.17246   0.16875   0.16504   0.16133   0.15761   0.15390   0.15019   0.14648   0.14277   0.13906   0.13535   0.13163   0.12792   0.12421   0.12050   0.11679   0.11308   0.10937   0.10565
B32-05   0.33726   0.33347   0.32968   0.32589   0.32210   0.31831   0.31452   0.31073   0.30694   0.30315   0.29935   0.29556   0.29177   0.28798   0.28419   0.28040   0.27661   0.27282   0.26903   0.26524   0.26145   0.25765   0.25386   0.25007   0.24628   0.24249   0.23870   0.23491   0.23112   0.22733   0.22354   0.21975   0.21595   0.21216   0.20837   0.20458   0.20079   0.19700   0.19321   0.18942   0.18563   0.18184
B32-06   0.48471   0.48137   0.47803   0.47469   0.47135   0.46801   0.46467   0.46133   0.45799   0.45465   0.45130   0.44796   0.44462   0.44128   0.43794   0.43460   0.43126   0.42792   0.42458   0.42124   0.41790   0.41455   0.41121   0.40787   0.40453   0.40119   0.39785   0.39451   0.39117   0.38783   0.38449   0.38115   0.37780   0.37446   0.37112   0.36778   0.36444   0.36110   0.35776   0.35442   0.35108   0.34774
B32-07   0.69820   0.69231   0.68642   0.68054   0.67465   0.66876   0.66288   0.65699   0.65110   0.64522   0.63933   0.63345   0.62756   0.62167   0.61579   0.60990   0.60401   0.59813   0.59224   0.58635   0.58047   0.57458   0.56870   0.56281   0.55692   0.55104   0.54515   0.53926   0.53338   0.52749   0.52160   0.51572   0.50983   0.50395   0.49806   0.49217   0.48629   0.48040   0.47451   0.46863   0.46274   0.45685
B32-08   0.10788   0.10588   0.10388   0.10188   0.09987   0.09787   0.09587   0.09387   0.09187   0.08986   0.08786   0.08586   0.08386   0.08185   0.07985   0.07785   0.07585   0.07385   0.07184   0.06984   0.06784   0.06584   0.06383   0.06183   0.05983   0.05783   0.05583   0.05382   0.05182   0.04982   0.04782   0.04581   0.04381   0.04181   0.03981   0.03780   0.03580   0.03380   0.03180   0.02980   0.02779   0.02579
B32-10   0.34737   0.34395   0.34054   0.33712   0.33370   0.33028   0.32686   0.32345   0.32003   0.31661   0.31319   0.30977   0.30635   0.30294   0.29952   0.29610   0.29268   0.28926   0.28585   0.28243   0.27901   0.27559   0.27217   0.26875   0.26534   0.26192   0.25850   0.25508   0.25166   0.24825   0.24483   0.24141   0.23799   0.23457   0.23115   0.22774   0.22432   0.22090   0.21748   0.21406   0.21065   0.20723
B32-12   0.02102   0.02081   0.02060   0.02039   0.02017   0.01996   0.01975   0.01954   0.01933   0.01912   0.01891   0.01870   0.01848   0.01827   0.01806   0.01785   0.01764   0.01743   0.01722   0.01700   0.01679   0.01658   0.01637   0.01616   0.01595   0.01574   0.01553   0.01531   0.01510   0.01489   0.01468   0.01447   0.01426   0.01405   0.01383   0.01362   0.01341   0.01320   0.01299   0.01278   0.01257   0.01235
B32-14   0.15167   0.14861   0.14555   0.14249   0.13943   0.13636   0.13330   0.13024   0.12718   0.12412   0.12106   0.11800   0.11493   0.11187   0.10881   0.10575   0.10269   0.09963   0.09657   0.09350   0.09044   0.08738   0.08432   0.08126   0.07820   0.07514   0.07208   0.06901   0.06595   0.06289   0.05983   0.05677   0.05371   0.05065   0.04758   0.04452   0.04146   0.03840   0.03534   0.03228   0.02922   0.02615
B32-17   0.03988   0.03950   0.03913   0.03875   0.03838   0.03800   0.03763   0.03725   0.03688   0.03650   0.03613   0.03575   0.03538   0.03500   0.03463   0.03425   0.03388   0.03350   0.03313   0.03275   0.03238   0.03200   0.03163   0.03125   0.03088   0.03050   0.03012   0.02975   0.02937   0.02900   0.02862   0.02825   0.02788   0.02750   0.02713   0.02675   0.02637   0.02600   0.02562   0.02525   0.02487   0.02450
B33-02   1.07933   1.07344   1.06754   1.06165   1.05575   1.04985   1.04396   1.03806   1.03217   1.02627   1.02038   1.01448   1.00859   1.00269   0.99680   0.99090   0.98500   0.97911   0.97321   0.96732   0.96142   0.95553   0.94963   0.94374   0.93784   0.93195   0.92605   0.92015   0.91426   0.90836   0.90247   0.89657   0.89068   0.88478   0.87889   0.87299   0.86710   0.86120   0.85530   0.84941   0.84351   0.83762
B33-03   0.37708   0.37184   0.36659   0.36135   0.35610   0.35085   0.34561   0.34036   0.33512   0.32987   0.32463   0.31938   0.31414   0.30889   0.30365   0.29840   0.29315   0.28791   0.28266   0.27742   0.27217   0.26693   0.26168   0.25644   0.25119   0.24595   0.24070   0.23545   0.23021   0.22496   0.21972   0.21447   0.20923   0.20398   0.19874   0.19349   0.18825   0.18300   0.17775   0.17251   0.16726   0.16202
B33-04   0.34703   0.34464   0.34224   0.33985   0.33745   0.33505   0.33266   0.33026   0.32787   0.32547   0.32308   0.32068   0.31829   0.31589   0.31350   0.31110   0.30870   0.30631   0.30391   0.30152   0.29912   0.29673   0.29433   0.29194   0.28954   0.28715   0.28475   0.28235   0.27996   0.27756   0.27517   0.27277   0.27038   0.26798   0.26559   0.26319   0.26080   0.25840   0.25600   0.25361   0.25121   0.24882
B33-05   0.08165   0.08090   0.08015   0.07940   0.07865   0.07790   0.07715   0.07640   0.07565   0.07490   0.07415   0.07340   0.07265   0.07190   0.07115   0.07040   0.06965   0.06890   0.06815   0.06740   0.06665   0.06590   0.06515   0.06440   0.06365   0.06290   0.06215   0.06140   0.06065   0.05990   0.05915   0.05840   0.05765   0.05690   0.05615   0.05540   0.05465   0.05390   0.05315   0.05240   0.05165   0.05090
B33-06   0.10683   0.10468   0.10253   0.10038   0.09822   0.09607   0.09392   0.09177   0.08962   0.08746   0.08531   0.08316   0.08101   0.07885   0.07670   0.07455   0.07240   0.07025   0.06809   0.06594   0.06379   0.06164   0.05948   0.05733   0.05518   0.05303   0.05087   0.04872   0.04657   0.04442   0.04227   0.04011   0.03796   0.03581   0.03366   0.03150   0.02935   0.02720   0.02505   0.02290   0.02074   0.01859
B33-07   0.15741   0.15534   0.15327   0.15120   0.14913   0.14705   0.14498   0.14291   0.14084   0.13877   0.13670   0.13463   0.13256   0.13049   0.12842   0.12635   0.12428   0.12221   0.12014   0.11807   0.11600   0.11393   0.11186   0.10979   0.10772   0.10565   0.10358   0.10150   0.09943   0.09736   0.09529   0.09322   0.09115   0.08908   0.08701   0.08494   0.08287   0.08080   0.07873   0.07666   0.07459   0.07252
B33-08   0.10121   0.09987   0.09853   0.09719   0.09585   0.09451   0.09317   0.09183   0.09049   0.08915   0.08780   0.08646   0.08512   0.08378   0.08244   0.08110   0.07976   0.07842   0.07708   0.07574   0.07440   0.07305   0.07171   0.07037   0.06903   0.06769   0.06635   0.06501   0.06367   0.06233   0.06099   0.05965   0.05830   0.05696   0.05562   0.05428   0.05294   0.05160   0.05026   0.04892   0.04758   0.04624
B33-10   0.16725   0.16489   0.16253   0.16016   0.15780   0.15544   0.15307   0.15071   0.14835   0.14598   0.14362   0.14125   0.13889   0.13653   0.13416   0.13180   0.12944   0.12707   0.12471   0.12235   0.11998   0.11762   0.11525   0.11289   0.11053   0.10816   0.10580   0.10344   0.10107   0.09871   0.09635   0.09398   0.09162   0.08925   0.08689   0.08453   0.08216   0.07980   0.07744   0.07507   0.07271   0.07035
B33-11   0.09730   0.09540   0.09350   0.09160   0.08970   0.08780   0.08590   0.08400   0.08210   0.08020   0.07830   0.07640   0.07450   0.07260   0.07070   0.06880   0.06690   0.06500   0.06310   0.06120   0.05930   0.05740   0.05550   0.05360   0.05170   0.04980   0.04790   0.04600   0.04410   0.04220   0.04030   0.03840   0.03650   0.03460   0.03270   0.03080   0.02890   0.02700   0.02510   0.02320   0.02130   0.01940
B34-01   0.06088   0.05958   0.05828   0.05698   0.05568   0.05437   0.05307   0.05177   0.05047   0.04916   0.04786   0.04656   0.04526   0.04395   0.04265   0.04135   0.04005   0.03875   0.03744   0.03614   0.03484   0.03354   0.03223   0.03093   0.02963   0.02833   0.02703   0.02572   0.02442   0.02312   0.02182   0.02051   0.01921   0.01791   0.01661   0.01530   0.01400   0.01270   0.01140   0.01010   0.00879   0.00749
B34-02   4.63847   4.60932   4.58017   4.55102   4.52188   4.49273   4.46358   4.43443   4.40528   4.37614   4.34699   4.31784   4.28869   4.25955   4.23040   4.20125   4.17210   4.14295   4.11381   4.08466   4.05551   4.02636   3.99722   3.96807   3.93892   3.90977   3.88063   3.85148   3.82233   3.79318   3.76403   3.73489   3.70574   3.67659   3.64744   3.61830   3.58915   3.56000   3.53085   3.50170   3.47256   3.44341
B34-03   1.89474   1.88907   1.88341   1.87774   1.87207   1.86641   1.86074   1.85508   1.84941   1.84375   1.83808   1.83241   1.82675   1.82108   1.81542   1.80975   1.80408   1.79842   1.79275   1.78709   1.78142   1.77575   1.77009   1.76442   1.75876   1.75309   1.74743   1.74176   1.73609   1.73043   1.72476   1.71910   1.71343   1.70776   1.70210   1.69643   1.69077   1.68510   1.67943   1.67377   1.66810   1.66244
B34-04   0.04849   0.04747   0.04646   0.04544   0.04442   0.04341   0.04239   0.04138   0.04036   0.03935   0.03833   0.03731   0.03630   0.03528   0.03427   0.03325   0.03223   0.03122   0.03020   0.02919   0.02817   0.02715   0.02614   0.02512   0.02411   0.02309   0.02207   0.02106   0.02004   0.01903   0.01801   0.01700   0.01598   0.01496   0.01395   0.01293   0.01192   0.01090   0.00988   0.00887   0.00785   0.00684
B34-05   0.05886   0.05798   0.05710   0.05623   0.05535   0.05447   0.05360   0.05272   0.05184   0.05096   0.05009   0.04921   0.04833   0.04745   0.04658   0.04570   0.04482   0.04395   0.04307   0.04219   0.04131   0.04044   0.03956   0.03868   0.03780   0.03693   0.03605   0.03517   0.03430   0.03342   0.03254   0.03166   0.03079   0.02991   0.02903   0.02815   0.02728   0.02640   0.02552   0.02465   0.02377   0.02289
B34-07   0.04699   0.04656   0.04613   0.04570   0.04528   0.04485   0.04442   0.04399   0.04356   0.04313   0.04270   0.04227   0.04184   0.04141   0.04098   0.04055   0.04012   0.03969   0.03926   0.03883   0.03840   0.03797   0.03754   0.03711   0.03668   0.03625   0.03583   0.03540   0.03497   0.03454   0.03411   0.03368   0.03325   0.03282   0.03239   0.03196   0.03153   0.03110   0.03067   0.03024   0.02981   0.02938
B34-08   0.35845   0.35331   0.34817   0.34304   0.33790   0.33276   0.32763   0.32249   0.31735   0.31222   0.30708   0.30195   0.29681   0.29167   0.28654   0.28140   0.27626   0.27113   0.26599   0.26085   0.25572   0.25058   0.24545   0.24031   0.23517   0.23004   0.22490   0.21976   0.21463   0.20949   0.20435   0.19922   0.19408   0.18895   0.18381   0.17867   0.17354   0.16840   0.16326   0.15813   0.15299   0.14785
B34-09   0.06500   0.06500   0.06500   0.06500   0.06500   0.06500   0.06500   0.06500   0.06500   0.06500   0.06500   0.06500   0.06500   0.06500   0.06500   0.06500   0.06500   0.06500   0.06500   0.06500   0.06500   0.06500   0.06500   0.06500   0.06500   0.06500   0.06500   0.06500   0.06500   0.06500   0.06500   0.06500   0.06500   0.06500   0.06500   0.06500   0.06500   0.06500   0.06500   0.06500   0.06500   0.06500
B35-01   0.61424   0.61047   0.60671   0.60294   0.59918   0.59541   0.59164   0.58788   0.58411   0.58035   0.57658   0.57281   0.56905   0.56528   0.56152   0.55775   0.55398   0.55022   0.54645   0.54269   0.53892   0.53515   0.53139   0.52762   0.52386   0.52009   0.51632   0.51256   0.50879   0.50503   0.50126   0.49750   0.49373   0.48996   0.48620   0.48243   0.47867   0.47490   0.47113   0.46737   0.46360   0.45984
B35-02   0.26960   0.26605   0.26251   0.25897   0.25543   0.25188   0.24834   0.24480   0.24125   0.23771   0.23417   0.23062   0.22708   0.22354   0.21999   0.21645   0.21291   0.20936   0.20582   0.20228   0.19873   0.19519   0.19165   0.18810   0.18456   0.18102   0.17747   0.17393   0.17039   0.16685   0.16330   0.15976   0.15622   0.15267   0.14913   0.14559   0.14204   0.13850   0.13496   0.13141   0.12787   0.12433
B35-03   0.06008   0.05875   0.05741   0.05608   0.05475   0.05342   0.05209   0.05075   0.04942   0.04809   0.04676   0.04543   0.04410   0.04276   0.04143   0.04010   0.03877   0.03744   0.03610   0.03477   0.03344   0.03211   0.03078   0.02945   0.02811   0.02678   0.02545   0.02412   0.02279   0.02145   0.02012   0.01879   0.01746   0.01613   0.01480   0.01346   0.01213   0.01080   0.00947   0.00814   0.00680   0.00547
B35-05   0.43761   0.43397   0.43033   0.42669   0.42305   0.41941   0.41577   0.41213   0.40849   0.40485   0.40120   0.39756   0.39392   0.39028   0.38664   0.38300   0.37936   0.37572   0.37208   0.36844   0.36480   0.36115   0.35751   0.35387   0.35023   0.34659   0.34295   0.33931   0.33567   0.33203   0.32839   0.32475   0.32110   0.31746   0.31382   0.31018   0.30654   0.30290   0.29926   0.29562   0.29198   0.28834
B35-06   0.07372   0.07300   0.07227   0.07155   0.07082   0.07010   0.06937   0.06865   0.06792   0.06720   0.06647   0.06575   0.06502   0.06430   0.06357   0.06285   0.06213   0.06140   0.06067   0.05995   0.05923   0.05850   0.05777   0.05705   0.05633   0.05560   0.05487   0.05415   0.05343   0.05270   0.05197   0.05125   0.05053   0.04980   0.04907   0.04835   0.04763   0.04690   0.04617   0.04545   0.04473   0.04400
B35-07   0.12234   0.12062   0.11890   0.11717   0.11545   0.11373   0.11200   0.11028   0.10856   0.10684   0.10511   0.10339   0.10167   0.09995   0.09822   0.09650   0.09478   0.09305   0.09133   0.08961   0.08789   0.08616   0.08444   0.08272   0.08100   0.07927   0.07755   0.07583   0.07410   0.07238   0.07066   0.06894   0.06721   0.06549   0.06377   0.06205   0.06032   0.05860   0.05688   0.05515   0.05343   0.05171
B35-09   0.02045   0.02025   0.02004   0.01983   0.01963   0.01942   0.01921   0.01900   0.01880   0.01859   0.01838   0.01818   0.01797   0.01776   0.01756   0.01735   0.01714   0.01694   0.01673   0.01652   0.01632   0.01611   0.01590   0.01570   0.01549   0.01528   0.01508   0.01487   0.01466   0.01445   0.01425   0.01404   0.01383   0.01363   0.01342   0.01321   0.01301   0.01280   0.01259   0.01239   0.01218   0.01197
B35-10   0.04833   0.04729   0.04625   0.04521   0.04417   0.04314   0.04210   0.04106   0.04002   0.03898   0.03794   0.03690   0.03587   0.03483   0.03379   0.03275   0.03171   0.03067   0.02963   0.02860   0.02756   0.02652   0.02548   0.02444   0.02340   0.02236   0.02133   0.02029   0.01925   0.01821   0.01717   0.01613   0.01509   0.01405   0.01302   0.01198   0.01094   0.00990   0.00886   0.00782   0.00678   0.00575
B35-15   0.06341   0.06274   0.06207   0.06140   0.06072   0.06005   0.05938   0.05871   0.05804   0.05737   0.05670   0.05603   0.05536   0.05469   0.05402   0.05335   0.05268   0.05201   0.05134   0.05067   0.05000   0.04933   0.04866   0.04799   0.04732   0.04665   0.04598   0.04530   0.04463   0.04396   0.04329   0.04262   0.04195   0.04128   0.04061   0.03994   0.03927   0.03860   0.03793   0.03726   0.03659   0.03592
B36-01  20.90335  20.79919  20.69503  20.59086  20.48670  20.38254  20.27837  20.17421  20.07005  19.96588  19.86172  19.75755  19.65339  19.54923  19.44506  19.34090  19.23674  19.13257  19.02841  18.92425  18.82008  18.71592  18.61175  18.50759  18.40343  18.29926  18.19510  18.09094  17.98677  17.88261  17.77845  17.67428  17.57012  17.46595  17.36179  17.25763  17.15346  17.04930  16.94514  16.84097  16.73681  16.63265
B36-02   0.27111   0.26778   0.26445   0.26113   0.25780   0.25447   0.25115   0.24782   0.24449   0.24116   0.23784   0.23451   0.23118   0.22785   0.22453   0.22120   0.21787   0.21455   0.21122   0.20789   0.20456   0.20124   0.19791   0.19458   0.19125   0.18793   0.18460   0.18127   0.17795   0.17462   0.17129   0.16796   0.16464   0.16131   0.15798   0.15465   0.15133   0.14800   0.14467   0.14135   0.13802   0.13469
B36-04   0.11937   0.11722   0.11507   0.11292   0.11078   0.10863   0.10648   0.10433   0.10218   0.10004   0.09789   0.09574   0.09359   0.09145   0.08930   0.08715   0.08500   0.08285   0.08071   0.07856   0.07641   0.07426   0.07212   0.06997   0.06782   0.06567   0.06352   0.06138   0.05923   0.05708   0.05493   0.05279   0.05064   0.04849   0.04634   0.04420   0.04205   0.03990   0.03775   0.03560   0.03346   0.03131
B36-05   0.16523   0.16258   0.15993   0.15728   0.15463   0.15197   0.14932   0.14667   0.14402   0.14136   0.13871   0.13606   0.13341   0.13075   0.12810   0.12545   0.12280   0.12015   0.11749   0.11484   0.11219   0.10954   0.10688   0.10423   0.10158   0.09893   0.09627   0.09362   0.09097   0.08832   0.08567   0.08301   0.08036   0.07771   0.07506   0.07240   0.06975   0.06710   0.06445   0.06180   0.05914   0.05649
B36-07   0.28628   0.28084   0.27539   0.26995   0.26450   0.25905   0.25361   0.24816   0.24272   0.23727   0.23183   0.22638   0.22094   0.21549   0.21005   0.20460   0.19915   0.19371   0.18826   0.18282   0.17737   0.17193   0.16648   0.16104   0.15559   0.15015   0.14470   0.13925   0.13381   0.12836   0.12292   0.11747   0.11203   0.10658   0.10114   0.09569   0.09025   0.08480   0.07935   0.07391   0.06846   0.06302
B36-08   0.06291   0.06234   0.06177   0.06120   0.06062   0.06005   0.05948   0.05891   0.05834   0.05777   0.05720   0.05663   0.05606   0.05549   0.05492   0.05435   0.05378   0.05321   0.05264   0.05207   0.05150   0.05093   0.05036   0.04979   0.04922   0.04865   0.04808   0.04750   0.04693   0.04636   0.04579   0.04522   0.04465   0.04408   0.04351   0.04294   0.04237   0.04180   0.04123   0.04066   0.04009   0.03952
B36-09   0.04072   0.04011   0.03950   0.03889   0.03828   0.03766   0.03705   0.03644   0.03583   0.03522   0.03461   0.03400   0.03338   0.03277   0.03216   0.03155   0.03094   0.03033   0.02972   0.02910   0.02849   0.02788   0.02727   0.02666   0.02605   0.02544   0.02483   0.02421   0.02360   0.02299   0.02238   0.02177   0.02116   0.02055   0.01993   0.01932   0.01871   0.01810   0.01749   0.01688   0.01627   0.01565
B36-11   0.50792   0.50315   0.49839   0.49362   0.48885   0.48408   0.47931   0.47455   0.46978   0.46501   0.46024   0.45547   0.45070   0.44594   0.44117   0.43640   0.43163   0.42686   0.42210   0.41733   0.41256   0.40779   0.40302   0.39825   0.39349   0.38872   0.38395   0.37918   0.37441   0.36965   0.36488   0.36011   0.35534   0.35057   0.34580   0.34104   0.33627   0.33150   0.32673   0.32196   0.31720   0.31243
B36-12   0.29815   0.29709   0.29603   0.29496   0.29390   0.29284   0.29177   0.29071   0.28965   0.28858   0.28752   0.28645   0.28539   0.28433   0.28326   0.28220   0.28114   0.28007   0.27901   0.27795   0.27688   0.27582   0.27475   0.27369   0.27263   0.27156   0.27050   0.26944   0.26837   0.26731   0.26625   0.26518   0.26412   0.26305   0.26199   0.26093   0.25986   0.25880   0.25774   0.25667   0.25561   0.25455
B36-13   0.02403   0.02397   0.02392   0.02387   0.02381   0.02376   0.02370   0.02365   0.02360   0.02354   0.02349   0.02344   0.02338   0.02333   0.02328   0.02322   0.02317   0.02312   0.02306   0.02301   0.02296   0.02290   0.02285   0.02280   0.02274   0.02269   0.02263   0.02258   0.02253   0.02247   0.02242   0.02237   0.02231   0.02226   0.02221   0.02215   0.02210   0.02205   0.02199   0.02194   0.02189   0.02183
B36-15   0.44259   0.43912   0.43565   0.43217   0.42870   0.42523   0.42175   0.41828   0.41481   0.41134   0.40786   0.40439   0.40092   0.39745   0.39397   0.39050   0.38703   0.38355   0.38008   0.37661   0.37314   0.36966   0.36619   0.36272   0.35925   0.35577   0.35230   0.34883   0.34535   0.34188   0.33841   0.33494   0.33146   0.32799   0.32452   0.32105   0.31757   0.31410   0.31063   0.30715   0.30368   0.30021
B36-16   0.02271   0.02247   0.02223   0.02199   0.02175   0.02151   0.02127   0.02103   0.02079   0.02055   0.02030   0.02006   0.01982   0.01958   0.01934   0.01910   0.01886   0.01862   0.01838   0.01814   0.01790   0.01765   0.01741   0.01717   0.01693   0.01669   0.01645   0.01621   0.01597   0.01573   0.01549   0.01525   0.01500   0.01476   0.01452   0.01428   0.01404   0.01380   0.01356   0.01332   0.01308   0.01284
B36-17   2.29291   2.27967   2.26643   2.25319   2.23995   2.22671   2.21347   2.20023   2.18699   2.17375   2.16050   2.14726   2.13402   2.12078   2.10754   2.09430   2.08106   2.06782   2.05458   2.04134   2.02810   2.01485   2.00161   1.98837   1.97513   1.96189   1.94865   1.93541   1.92217   1.90893   1.89569   1.88245   1.86920   1.85596   1.84272   1.82948   1.81624   1.80300   1.78976   1.77652   1.76328   1.75004
B36-18   1.04621   1.04004   1.03387   1.02770   1.02153   1.01535   1.00918   1.00301   0.99684   0.99067   0.98450   0.97833   0.97216   0.96599   0.95982   0.95365   0.94748   0.94131   0.93514   0.92897   0.92280   0.91663   0.91046   0.90429   0.89812   0.89195   0.88577   0.87960   0.87343   0.86726   0.86109   0.85492   0.84875   0.84258   0.83641   0.83024   0.82407   0.81790   0.81173   0.80556   0.79939   0.79322
B36-19   0.02290   0.02269   0.02248   0.02226   0.02205   0.02184   0.02162   0.02141   0.02120   0.02098   0.02077   0.02055   0.02034   0.02013   0.01991   0.01970   0.01949   0.01927   0.01906   0.01885   0.01863   0.01842   0.01820   0.01799   0.01778   0.01756   0.01735   0.01714   0.01692   0.01671   0.01650   0.01628   0.01607   0.01585   0.01564   0.01543   0.01521   0.01500   0.01479   0.01457   0.01436   0.01415
B36-20   0.09449   0.09362   0.09275   0.09187   0.09100   0.09013   0.08925   0.08838   0.08751   0.08664   0.08576   0.08489   0.08402   0.08315   0.08227   0.08140   0.08053   0.07965   0.07878   0.07791   0.07704   0.07616   0.07529   0.07442   0.07355   0.07267   0.07180   0.07093   0.07005   0.06918   0.06831   0.06744   0.06656   0.06569   0.06482   0.06395   0.06307   0.06220   0.06133   0.06045   0.05958   0.05871
B36-21   8.03718   7.99865   7.96011   7.92158   7.88305   7.84452   7.80599   7.76745   7.72892   7.69039   7.65186   7.61333   7.57480   7.53626   7.49773   7.45920   7.42067   7.38214   7.34360   7.30507   7.26654   7.22801   7.18948   7.15095   7.11241   7.07388   7.03535   6.99682   6.95829   6.91975   6.88122   6.84269   6.80416   6.76563   6.72710   6.68856   6.65003   6.61150   6.57297   6.53444   6.49590   6.45737
B36-22   0.11422   0.11312   0.11202   0.11092   0.10982   0.10873   0.10763   0.10653   0.10543   0.10434   0.10324   0.10214   0.10104   0.09995   0.09885   0.09775   0.09665   0.09555   0.09446   0.09336   0.09226   0.09116   0.09007   0.08897   0.08787   0.08677   0.08568   0.08458   0.08348   0.08238   0.08128   0.08019   0.07909   0.07799   0.07689   0.07580   0.07470   0.07360   0.07250   0.07140   0.07031   0.06921
B36-23   0.41609   0.41267   0.40926   0.40584   0.40243   0.39901   0.39559   0.39218   0.38876   0.38535   0.38193   0.37851   0.37510   0.37168   0.36827   0.36485   0.36143   0.35802   0.35460   0.35119   0.34777   0.34435   0.34094   0.33752   0.33411   0.33069   0.32727   0.32386   0.32044   0.31703   0.31361   0.31020   0.30678   0.30336   0.29995   0.29653   0.29312   0.28970   0.28628   0.28287   0.27945   0.27604
B36-24   0.51738   0.51264   0.50789   0.50315   0.49840   0.49365   0.48891   0.48416   0.47942   0.47467   0.46993   0.46518   0.46044   0.45569   0.45095   0.44620   0.44145   0.43671   0.43196   0.42722   0.42247   0.41773   0.41298   0.40824   0.40349   0.39875   0.39400   0.38925   0.38451   0.37976   0.37502   0.37027   0.36553   0.36078   0.35604   0.35129   0.34655   0.34180   0.33705   0.33231   0.32756   0.32282
B36-25   0.48295   0.47925   0.47556   0.47187   0.46818   0.46448   0.46079   0.45710   0.45340   0.44971   0.44602   0.44232   0.43863   0.43494   0.43124   0.42755   0.42386   0.42016   0.41647   0.41278   0.40908   0.40539   0.40170   0.39800   0.39431   0.39062   0.38693   0.38323   0.37954   0.37585   0.37215   0.36846   0.36477   0.36107   0.35738   0.35369   0.34999   0.34630   0.34261   0.33891   0.33522   0.33153
B36-26  85.32448  85.14004  84.95559  84.77115  84.58670  84.40225  84.21781  84.03336  83.84892  83.66447  83.48003  83.29558  83.11114  82.92669  82.74225  82.55780  82.37335  82.18891  82.00446  81.82002  81.63557  81.45113  81.26668  81.08224  80.89779  80.71335  80.52890  80.34445  80.16001  79.97556  79.79112  79.60667  79.42223  79.23778  79.05334  78.86889  78.68445  78.50000  78.31555  78.13111  77.94666  77.76222
B36-28   0.42925   0.42405   0.41886   0.41367   0.40848   0.40328   0.39809   0.39290   0.38770   0.38251   0.37732   0.37212   0.36693   0.36174   0.35654   0.35135   0.34616   0.34096   0.33577   0.33058   0.32538   0.32019   0.31500   0.30980   0.30461   0.29942   0.29423   0.28903   0.28384   0.27865   0.27345   0.26826   0.26307   0.25787   0.25268   0.24749   0.24229   0.23710   0.23191   0.22671   0.22152   0.21633
B36-30   0.03465   0.03460   0.03455   0.03450   0.03445   0.03440   0.03435   0.03430   0.03425   0.03420   0.03415   0.03410   0.03405   0.03400   0.03395   0.03390   0.03385   0.03380   0.03375   0.03370   0.03365   0.03360   0.03355   0.03350   0.03345   0.03340   0.03335   0.03330   0.03325   0.03320   0.03315   0.03310   0.03305   0.03300   0.03295   0.03290   0.03285   0.03280   0.03275   0.03270   0.03265   0.03260
B36-31   0.74315   0.73431   0.72547   0.71664   0.70780   0.69896   0.69013   0.68129   0.67245   0.66362   0.65478   0.64595   0.63711   0.62827   0.61944   0.61060   0.60176   0.59293   0.58409   0.57525   0.56642   0.55758   0.54875   0.53991   0.53107   0.52224   0.51340   0.50456   0.49573   0.48689   0.47805   0.46922   0.46038   0.45155   0.44271   0.43387   0.42504   0.41620   0.40736   0.39853   0.38969   0.38085
B36-32   0.61726   0.61374   0.61022   0.60670   0.60318   0.59965   0.59613   0.59261   0.58909   0.58557   0.58205   0.57853   0.57501   0.57149   0.56797   0.56445   0.56093   0.55741   0.55389   0.55037   0.54685   0.54333   0.53981   0.53629   0.53277   0.52925   0.52573   0.52220   0.51868   0.51516   0.51164   0.50812   0.50460   0.50108   0.49756   0.49404   0.49052   0.48700   0.48348   0.47996   0.47644   0.47292
B36-33   0.69551   0.68693   0.67834   0.66976   0.66118   0.65259   0.64401   0.63542   0.62684   0.61825   0.60967   0.60109   0.59250   0.58392   0.57533   0.56675   0.55817   0.54958   0.54100   0.53241   0.52383   0.51525   0.50666   0.49808   0.48949   0.48091   0.47232   0.46374   0.45516   0.44657   0.43799   0.42940   0.42082   0.41224   0.40365   0.39507   0.38648   0.37790   0.36932   0.36073   0.35215   0.34356
B36-35   0.07794   0.07782   0.07770   0.07757   0.07745   0.07733   0.07720   0.07708   0.07696   0.07684   0.07671   0.07659   0.07647   0.07635   0.07622   0.07610   0.07598   0.07585   0.07573   0.07561   0.07549   0.07536   0.07524   0.07512   0.07500   0.07487   0.07475   0.07463   0.07450   0.07438   0.07426   0.07414   0.07401   0.07389   0.07377   0.07365   0.07352   0.07340   0.07328   0.07315   0.07303   0.07291
B36-37   0.02082   0.02075   0.02069   0.02062   0.02055   0.02048   0.02041   0.02035   0.02028   0.02021   0.02014   0.02007   0.02000   0.01994   0.01987   0.01980   0.01973   0.01966   0.01960   0.01953   0.01946   0.01939   0.01932   0.01925   0.01919   0.01912   0.01905   0.01898   0.01891   0.01885   0.01878   0.01871   0.01864   0.01857   0.01850   0.01844   0.01837   0.01830   0.01823   0.01816   0.01810   0.01803
B36-46   0.15700   0.15700   0.15700   0.15700   0.15700   0.15700   0.15700   0.15700   0.15700   0.15700   0.15700   0.15700   0.15700   0.15700   0.15700   0.15700   0.15700   0.15700   0.15700   0.15700   0.15700   0.15700   0.15700   0.15700   0.15700   0.15700   0.15700   0.15700   0.15700   0.15700   0.15700   0.15700   0.15700   0.15700   0.15700   0.15700   0.15700   0.15700   0.15700   0.15700   0.15700   0.15700
B36-47   0.01900   0.01877   0.01854   0.01831   0.01808   0.01785   0.01762   0.01739   0.01717   0.01694   0.01671   0.01648   0.01625   0.01602   0.01579   0.01556   0.01533   0.01511   0.01488   0.01465   0.01442   0.01419   0.01396   0.01373   0.01350   0.01327   0.01304   0.01282   0.01259   0.01236   0.01213   0.01190   0.01167   0.01144   0.01121   0.01098   0.01076   0.01053   0.01030   0.01007   0.00984   0.00961
B36-51   0.31691   0.31084   0.30477   0.29870   0.29263   0.28655   0.28048   0.27441   0.26834   0.26227   0.25620   0.25013   0.24406   0.23799   0.23192   0.22585   0.21978   0.21371   0.20764   0.20157   0.19550   0.18943   0.18336   0.17729   0.17122   0.16515   0.15907   0.15300   0.14693   0.14086   0.13479   0.12872   0.12265   0.11658   0.11051   0.10444   0.09837   0.09230   0.08623   0.08016   0.07409   0.06802
B36-52   0.05932   0.05931   0.05930   0.05929   0.05928   0.05926   0.05925   0.05924   0.05923   0.05922   0.05921   0.05920   0.05918   0.05917   0.05916   0.05915   0.05914   0.05913   0.05912   0.05910   0.05909   0.05908   0.05907   0.05906   0.05905   0.05904   0.05903   0.05901   0.05900   0.05899   0.05898   0.05897   0.05896   0.05895   0.05893   0.05892   0.05891   0.05890   0.05889   0.05888   0.05887   0.05885
B36-53   0.01716   0.01703   0.01689   0.01676   0.01663   0.01649   0.01636   0.01622   0.01609   0.01595   0.01582   0.01569   0.01555   0.01542   0.01528   0.01515   0.01502   0.01488   0.01475   0.01461   0.01448   0.01435   0.01421   0.01408   0.01394   0.01381   0.01368   0.01354   0.01341   0.01327   0.01314   0.01300   0.01287   0.01274   0.01260   0.01247   0.01233   0.01220   0.01207   0.01193   0.01180   0.01166
B36-56   0.62133   0.61599   0.61065   0.60531   0.59997   0.59464   0.58930   0.58396   0.57862   0.57328   0.56794   0.56260   0.55727   0.55193   0.54659   0.54125   0.53591   0.53057   0.52523   0.51990   0.51456   0.50922   0.50388   0.49854   0.49320   0.48786   0.48252   0.47719   0.47185   0.46651   0.46117   0.45583   0.45049   0.44515   0.43982   0.43448   0.42914   0.42380   0.41846   0.41312   0.40778   0.40245
B36-57   0.02306   0.02278   0.02250   0.02223   0.02195   0.02167   0.02140   0.02112   0.02084   0.02056   0.02029   0.02001   0.01973   0.01945   0.01918   0.01890   0.01862   0.01835   0.01807   0.01779   0.01751   0.01724   0.01696   0.01668   0.01640   0.01613   0.01585   0.01557   0.01530   0.01502   0.01474   0.01446   0.01419   0.01391   0.01363   0.01335   0.01308   0.01280   0.01252   0.01225   0.01197   0.01169
B36-58   0.06455   0.06385   0.06316   0.06247   0.06178   0.06108   0.06039   0.05970   0.05900   0.05831   0.05762   0.05692   0.05623   0.05554   0.05484   0.05415   0.05346   0.05276   0.05207   0.05138   0.05068   0.04999   0.04930   0.04860   0.04791   0.04722   0.04652   0.04583   0.04514   0.04445   0.04375   0.04306   0.04237   0.04167   0.04098   0.04029   0.03959   0.03890   0.03821   0.03751   0.03682   0.03613
B36-59   1.01755   1.00729   0.99703   0.98676   0.97650   0.96624   0.95597   0.94571   0.93545   0.92518   0.91492   0.90465   0.89439   0.88413   0.87386   0.86360   0.85334   0.84307   0.83281   0.82255   0.81228   0.80202   0.79175   0.78149   0.77123   0.76096   0.75070   0.74044   0.73017   0.71991   0.70965   0.69938   0.68912   0.67885   0.66859   0.65833   0.64806   0.63780   0.62754   0.61727   0.60701   0.59675
B36-62   0.24379   0.24103   0.23827   0.23551   0.23275   0.22999   0.22723   0.22447   0.22171   0.21895   0.21620   0.21344   0.21068   0.20792   0.20516   0.20240   0.19964   0.19688   0.19412   0.19136   0.18860   0.18585   0.18309   0.18033   0.17757   0.17481   0.17205   0.16929   0.16653   0.16377   0.16101   0.15825   0.15550   0.15274   0.14998   0.14722   0.14446   0.14170   0.13894   0.13618   0.13342   0.13066
B40-01   0.17142   0.16761   0.16380   0.15999   0.15618   0.15236   0.14855   0.14474   0.14093   0.13712   0.13331   0.12950   0.12568   0.12187   0.11806   0.11425   0.11044   0.10663   0.10282   0.09900   0.09519   0.09138   0.08757   0.08376   0.07995   0.07614   0.07233   0.06851   0.06470   0.06089   0.05708   0.05327   0.04946   0.04565   0.04183   0.03802   0.03421   0.03040   0.02659   0.02278   0.01897   0.01515
B40-03   0.19752   0.19502   0.19252   0.19002   0.18753   0.18503   0.18253   0.18003   0.17753   0.17504   0.17254   0.17004   0.16754   0.16505   0.16255   0.16005   0.15755   0.15505   0.15256   0.15006   0.14756   0.14506   0.14257   0.14007   0.13757   0.13507   0.13258   0.13008   0.12758   0.12508   0.12258   0.12009   0.11759   0.11509   0.11259   0.11010   0.10760   0.10510   0.10260   0.10010   0.09761   0.09511
B40-04   0.06652   0.06611   0.06570   0.06529   0.06488   0.06446   0.06405   0.06364   0.06323   0.06282   0.06241   0.06200   0.06158   0.06117   0.06076   0.06035   0.05994   0.05953   0.05912   0.05870   0.05829   0.05788   0.05747   0.05706   0.05665   0.05624   0.05583   0.05541   0.05500   0.05459   0.05418   0.05377   0.05336   0.05295   0.05253   0.05212   0.05171   0.05130   0.05089   0.05048   0.05007   0.04965
B40-05   0.24033   0.23708   0.23383   0.23058   0.22733   0.22407   0.22082   0.21757   0.21432   0.21106   0.20781   0.20456   0.20131   0.19805   0.19480   0.19155   0.18830   0.18505   0.18179   0.17854   0.17529   0.17204   0.16878   0.16553   0.16228   0.15903   0.15578   0.15252   0.14927   0.14602   0.14277   0.13951   0.13626   0.13301   0.12976   0.12650   0.12325   0.12000   0.11675   0.11350   0.11024   0.10699
B40-06   2.34674   2.33583   2.32492   2.31401   2.30310   2.29219   2.28128   2.27037   2.25946   2.24855   2.23765   2.22674   2.21583   2.20492   2.19401   2.18310   2.17219   2.16128   2.15037   2.13946   2.12855   2.11765   2.10674   2.09583   2.08492   2.07401   2.06310   2.05219   2.04128   2.03037   2.01946   2.00855   1.99765   1.98674   1.97583   1.96492   1.95401   1.94310   1.93219   1.92128   1.91037   1.89946
B40-07  32.18992  32.12411  32.05830  31.99249  31.92667  31.86086  31.79505  31.72924  31.66343  31.59762  31.53181  31.46600  31.40018  31.33437  31.26856  31.20275  31.13694  31.07113  31.00532  30.93950  30.87369  30.80788  30.74207  30.67626  30.61045  30.54464  30.47883  30.41301  30.34720  30.28139  30.21558  30.14977  30.08396  30.01815  29.95233  29.88652  29.82071  29.75490  29.68909  29.62328  29.55747  29.49165
B40-09   1.48137   1.47041   1.45945   1.44849   1.43752   1.42656   1.41560   1.40464   1.39368   1.38272   1.37176   1.36080   1.34983   1.33887   1.32791   1.31695   1.30599   1.29503   1.28407   1.27310   1.26214   1.25118   1.24022   1.22926   1.21830   1.20734   1.19638   1.18541   1.17445   1.16349   1.15253   1.14157   1.13061   1.11965   1.10868   1.09772   1.08676   1.07580   1.06484   1.05388   1.04292   1.03195
B40-11   0.01992   0.01972   0.01952   0.01932   0.01913   0.01893   0.01873   0.01853   0.01833   0.01814   0.01794   0.01774   0.01754   0.01735   0.01715   0.01695   0.01675   0.01655   0.01636   0.01616   0.01596   0.01576   0.01557   0.01537   0.01517   0.01497   0.01478   0.01458   0.01438   0.01418   0.01398   0.01379   0.01359   0.01339   0.01319   0.01300   0.01280   0.01260   0.01240   0.01220   0.01201   0.01181
B40-12   0.01992   0.01972   0.01952   0.01932   0.01913   0.01893   0.01873   0.01853   0.01833   0.01814   0.01794   0.01774   0.01754   0.01735   0.01715   0.01695   0.01675   0.01655   0.01636   0.01616   0.01596   0.01576   0.01557   0.01537   0.01517   0.01497   0.01478   0.01458   0.01438   0.01418   0.01398   0.01379   0.01359   0.01339   0.01319   0.01300   0.01280   0.01260   0.01240   0.01220   0.01201   0.01181
B40-13   0.31858   0.31275   0.30691   0.30108   0.29525   0.28942   0.28359   0.27775   0.27192   0.26609   0.26026   0.25443   0.24860   0.24276   0.23693   0.23110   0.22527   0.21944   0.21360   0.20777   0.20194   0.19611   0.19028   0.18445   0.17861   0.17278   0.16695   0.16112   0.15529   0.14945   0.14362   0.13779   0.13196   0.12613   0.12030   0.11446   0.10863   0.10280   0.09697   0.09114   0.08530   0.07947
B40-17   0.03799   0.03797   0.03796   0.03794   0.03793   0.03791   0.03789   0.03788   0.03786   0.03785   0.03783   0.03781   0.03780   0.03778   0.03777   0.03775   0.03773   0.03772   0.03770   0.03769   0.03767   0.03765   0.03764   0.03762   0.03761   0.03759   0.03758   0.03756   0.03754   0.03753   0.03751   0.03750   0.03748   0.03746   0.03745   0.03743   0.03742   0.03740   0.03738   0.03737   0.03735   0.03734
B40-19   0.07184   0.07067   0.06951   0.06834   0.06717   0.06601   0.06484   0.06368   0.06251   0.06135   0.06018   0.05901   0.05785   0.05668   0.05552   0.05435   0.05318   0.05202   0.05085   0.04969   0.04852   0.04735   0.04619   0.04502   0.04386   0.04269   0.04152   0.04036   0.03919   0.03803   0.03686   0.03570   0.03453   0.03336   0.03220   0.03103   0.02987   0.02870   0.02753   0.02637   0.02520   0.02404
B40-20   0.07042   0.06905   0.06769   0.06632   0.06495   0.06358   0.06221   0.06085   0.05948   0.05811   0.05674   0.05537   0.05400   0.05264   0.05127   0.04990   0.04853   0.04716   0.04580   0.04443   0.04306   0.04169   0.04032   0.03895   0.03759   0.03622   0.03485   0.03348   0.03211   0.03075   0.02938   0.02801   0.02664   0.02527   0.02390   0.02254   0.02117   0.01980   0.01843   0.01706   0.01570   0.01433
B40-21   0.07041   0.06904   0.06767   0.06630   0.06492   0.06355   0.06218   0.06081   0.05944   0.05807   0.05670   0.05533   0.05396   0.05259   0.05122   0.04985   0.04848   0.04711   0.04574   0.04437   0.04300   0.04163   0.04026   0.03889   0.03752   0.03615   0.03478   0.03340   0.03203   0.03066   0.02929   0.02792   0.02655   0.02518   0.02381   0.02244   0.02107   0.01970   0.01833   0.01696   0.01559   0.01422
B40-22   0.07204   0.07011   0.06817   0.06623   0.06429   0.06236   0.06042   0.05848   0.05655   0.05461   0.05267   0.05074   0.04880   0.04686   0.04493   0.04299   0.04105   0.03912   0.03718   0.03524   0.03331   0.03137   0.02943   0.02749   0.02556   0.02362   0.02168   0.01975   0.01781   0.01587   0.01394   0.01200   0.01006   0.00813   0.00619   0.00425   0.00232   0.00038   0.00000   0.00000   0.00000   0.00000
B41-02   0.10796   0.10713   0.10629   0.10546   0.10463   0.10379   0.10296   0.10212   0.10129   0.10045   0.09962   0.09879   0.09795   0.09712   0.09628   0.09545   0.09462   0.09378   0.09295   0.09211   0.09128   0.09045   0.08961   0.08878   0.08794   0.08711   0.08628   0.08544   0.08461   0.08377   0.08294   0.08210   0.08127   0.08044   0.07960   0.07877   0.07793   0.07710   0.07627   0.07543   0.07460   0.07376
B41-04   0.13891   0.13678   0.13465   0.13253   0.13040   0.12827   0.12615   0.12402   0.12189   0.11976   0.11764   0.11551   0.11338   0.11125   0.10913   0.10700   0.10487   0.10275   0.10062   0.09849   0.09636   0.09424   0.09211   0.08998   0.08785   0.08573   0.08360   0.08147   0.07935   0.07722   0.07509   0.07296   0.07084   0.06871   0.06658   0.06445   0.06233   0.06020   0.05807   0.05595   0.05382   0.05169
B41-05   1.20850   1.20285   1.19719   1.19153   1.18588   1.18022   1.17456   1.16890   1.16325   1.15759   1.15193   1.14628   1.14062   1.13496   1.12931   1.12365   1.11799   1.11234   1.10668   1.10102   1.09537   1.08971   1.08405   1.07840   1.07274   1.06708   1.06143   1.05577   1.05011   1.04445   1.03880   1.03314   1.02748   1.02183   1.01617   1.01051   1.00486   0.99920   0.99354   0.98789   0.98223   0.97657
B41-07   2.73226   2.71758   2.70290   2.68823   2.67355   2.65887   2.64420   2.62952   2.61484   2.60016   2.58549   2.57081   2.55613   2.54145   2.52678   2.51210   2.49742   2.48275   2.46807   2.45339   2.43871   2.42404   2.40936   2.39468   2.38000   2.36533   2.35065   2.33597   2.32130   2.30662   2.29194   2.27726   2.26259   2.24791   2.23323   2.21855   2.20388   2.18920   2.17452   2.15985   2.14517   2.13049
B41-08   0.10549   0.10306   0.10063   0.09820   0.09577   0.09335   0.09092   0.08849   0.08606   0.08363   0.08120   0.07877   0.07634   0.07391   0.07148   0.06905   0.06662   0.06419   0.06176   0.05933   0.05690   0.05447   0.05204   0.04961   0.04718   0.04475   0.04233   0.03990   0.03747   0.03504   0.03261   0.03018   0.02775   0.02532   0.02289   0.02046   0.01803   0.01560   0.01317   0.01074   0.00831   0.00588
B41-09   0.07545   0.07400   0.07255   0.07110   0.06965   0.06820   0.06675   0.06530   0.06385   0.06240   0.06095   0.05950   0.05805   0.05660   0.05515   0.05370   0.05225   0.05080   0.04935   0.04790   0.04645   0.04500   0.04355   0.04210   0.04065   0.03920   0.03775   0.03630   0.03485   0.03340   0.03195   0.03050   0.02905   0.02760   0.02615   0.02470   0.02325   0.02180   0.02035   0.01890   0.01745   0.01600
B43-01   0.02898   0.02848   0.02798   0.02748   0.02697   0.02647   0.02597   0.02547   0.02497   0.02446   0.02396   0.02346   0.02296   0.02245   0.02195   0.02145   0.02095   0.02044   0.01994   0.01944   0.01894   0.01843   0.01793   0.01743   0.01693   0.01643   0.01592   0.01542   0.01492   0.01442   0.01391   0.01341   0.01291   0.01241   0.01190   0.01140   0.01090   0.01040   0.00990   0.00939   0.00889   0.00839
B43-02   0.78321   0.77527   0.76732   0.75938   0.75144   0.74350   0.73556   0.72761   0.71967   0.71173   0.70379   0.69585   0.68790   0.67996   0.67202   0.66408   0.65614   0.64820   0.64025   0.63231   0.62437   0.61643   0.60849   0.60054   0.59260   0.58466   0.57672   0.56878   0.56083   0.55289   0.54495   0.53701   0.52907   0.52113   0.51318   0.50524   0.49730   0.48936   0.48142   0.47347   0.46553   0.45759
B43-03  16.98167  16.91664  16.85161  16.78657  16.72154  16.65651  16.59148  16.52644  16.46141  16.39638  16.33135  16.26631  16.20128  16.13625  16.07122  16.00618  15.94115  15.87612  15.81109  15.74605  15.68102  15.61599  15.55096  15.48592  15.42089  15.35586  15.29083  15.22579  15.16076  15.09573  15.03070  14.96566  14.90063  14.83560  14.77057  14.70553  14.64050  14.57547  14.51043  14.44540  14.38037  14.31534
B43-05   0.08097   0.07976   0.07856   0.07735   0.07615   0.07494   0.07374   0.07253   0.07133   0.07013   0.06892   0.06772   0.06651   0.06531   0.06410   0.06290   0.06169   0.06049   0.05928   0.05808   0.05687   0.05567   0.05447   0.05326   0.05206   0.05085   0.04965   0.04844   0.04724   0.04603   0.04483   0.04362   0.04242   0.04121   0.04001   0.03880   0.03760   0.03640   0.03519   0.03399   0.03278   0.03158
B43-06   0.05339   0.05297   0.05255   0.05214   0.05172   0.05130   0.05089   0.05047   0.05006   0.04964   0.04922   0.04881   0.04839   0.04797   0.04756   0.04714   0.04673   0.04631   0.04589   0.04548   0.04506   0.04464   0.04423   0.04381   0.04340   0.04298   0.04256   0.04215   0.04173   0.04131   0.04090   0.04048   0.04007   0.03965   0.03923   0.03882   0.03840   0.03798   0.03757   0.03715   0.03673   0.03632
B43-07   0.39228   0.38590   0.37953   0.37316   0.36678   0.36041   0.35403   0.34766   0.34128   0.33491   0.32853   0.32216   0.31579   0.30941   0.30304   0.29666   0.29029   0.28391   0.27754   0.27117   0.26479   0.25842   0.25204   0.24567   0.23929   0.23292   0.22654   0.22017   0.21380   0.20742   0.20105   0.19467   0.18830   0.18192   0.17555   0.16917   0.16280   0.15643   0.15005   0.14368   0.13730   0.13093
B43-08   0.09225   0.09114   0.09004   0.08893   0.08782   0.08672   0.08561   0.08450   0.08340   0.08229   0.08118   0.08007   0.07897   0.07786   0.07675   0.07565   0.07454   0.07343   0.07233   0.07122   0.07011   0.06900   0.06790   0.06679   0.06568   0.06458   0.06347   0.06236   0.06126   0.06015   0.05904   0.05793   0.05683   0.05572   0.05461   0.05351   0.05240   0.05129   0.05019   0.04908   0.04797   0.04687
B43-09   0.09222   0.09111   0.09000   0.08888   0.08777   0.08666   0.08555   0.08444   0.08333   0.08221   0.08110   0.07999   0.07888   0.07777   0.07666   0.07554   0.07443   0.07332   0.07221   0.07110   0.06999   0.06887   0.06776   0.06665   0.06554   0.06443   0.06332   0.06220   0.06109   0.05998   0.05887   0.05776   0.05665   0.05553   0.05442   0.05331   0.05220   0.05109   0.04998   0.04887   0.04775   0.04664
B43-11   0.20150   0.19779   0.19407   0.19036   0.18665   0.18293   0.17922   0.17550   0.17179   0.16808   0.16436   0.16065   0.15693   0.15322   0.14951   0.14579   0.14208   0.13837   0.13465   0.13094   0.12722   0.12351   0.11980   0.11608   0.11237   0.10865   0.10494   0.10123   0.09751   0.09380   0.09008   0.08637   0.08266   0.07894   0.07523   0.07151   0.06780   0.06409   0.06037   0.05666   0.05294   0.04923
B43-12   1.07021   1.06703   1.06385   1.06066   1.05748   1.05430   1.05111   1.04793   1.04474   1.04156   1.03838   1.03519   1.03201   1.02883   1.02564   1.02246   1.01927   1.01609   1.01291   1.00972   1.00654   1.00336   1.00017   0.99699   0.99380   0.99062   0.98744   0.98425   0.98107   0.97789   0.97470   0.97152   0.96833   0.96515   0.96197   0.95878   0.95560   0.95242   0.94923   0.94605   0.94287   0.93968
B44-03   0.53815   0.53341   0.52867   0.52394   0.51920   0.51446   0.50973   0.50499   0.50025   0.49552   0.49078   0.48605   0.48131   0.47657   0.47184   0.46710   0.46236   0.45763   0.45289   0.44815   0.44342   0.43868   0.43395   0.42921   0.42447   0.41974   0.41500   0.41026   0.40553   0.40079   0.39605   0.39132   0.38658   0.38185   0.37711   0.37237   0.36764   0.36290   0.35816   0.35343   0.34869   0.34395
B44-10   0.07492   0.07365   0.07239   0.07112   0.06985   0.06858   0.06731   0.06605   0.06478   0.06351   0.06224   0.06097   0.05970   0.05844   0.05717   0.05590   0.05463   0.05336   0.05210   0.05083   0.04956   0.04829   0.04702   0.04575   0.04449   0.04322   0.04195   0.04068   0.03941   0.03815   0.03688   0.03561   0.03434   0.03307   0.03180   0.03054   0.02927   0.02800   0.02673   0.02546   0.02420   0.02293
B44-11   0.27683   0.27405   0.27126   0.26848   0.26570   0.26292   0.26014   0.25735   0.25457   0.25179   0.24901   0.24623   0.24345   0.24066   0.23788   0.23510   0.23232   0.22954   0.22675   0.22397   0.22119   0.21841   0.21563   0.21285   0.21006   0.20728   0.20450   0.20172   0.19894   0.19615   0.19337   0.19059   0.18781   0.18503   0.18225   0.17946   0.17668   0.17390   0.17112   0.16834   0.16555   0.16277
B44-12   0.03931   0.03877   0.03823   0.03769   0.03715   0.03661   0.03607   0.03553   0.03499   0.03445   0.03390   0.03336   0.03282   0.03228   0.03174   0.03120   0.03066   0.03012   0.02958   0.02904   0.02850   0.02795   0.02741   0.02687   0.02633   0.02579   0.02525   0.02471   0.02417   0.02363   0.02309   0.02255   0.02200   0.02146   0.02092   0.02038   0.01984   0.01930   0.01876   0.01822   0.01768   0.01714
B44-16   0.24732   0.24416   0.24101   0.23785   0.23470   0.23155   0.22839   0.22524   0.22208   0.21893   0.21577   0.21262   0.20946   0.20631   0.20315   0.20000   0.19685   0.19369   0.19054   0.18738   0.18423   0.18107   0.17792   0.17476   0.17161   0.16845   0.16530   0.16215   0.15899   0.15584   0.15268   0.14953   0.14637   0.14322   0.14006   0.13691   0.13375   0.13060   0.12745   0.12429   0.12114   0.11798
B44-17   0.94444   0.93713   0.92982   0.92251   0.91520   0.90789   0.90058   0.89327   0.88596   0.87865   0.87135   0.86404   0.85673   0.84942   0.84211   0.83480   0.82749   0.82018   0.81287   0.80556   0.79825   0.79095   0.78364   0.77633   0.76902   0.76171   0.75440   0.74709   0.73978   0.73247   0.72516   0.71785   0.71055   0.70324   0.69593   0.68862   0.68131   0.67400   0.66669   0.65938   0.65207   0.64476
B44-19   0.54910   0.54049   0.53188   0.52326   0.51465   0.50604   0.49742   0.48881   0.48020   0.47158   0.46297   0.45435   0.44574   0.43713   0.42851   0.41990   0.41129   0.40267   0.39406   0.38545   0.37683   0.36822   0.35960   0.35099   0.34238   0.33376   0.32515   0.31654   0.30792   0.29931   0.29070   0.28208   0.27347   0.26485   0.25624   0.24763   0.23901   0.23040   0.22179   0.21317   0.20456   0.19595
B44-20   0.30145   0.29685   0.29224   0.28763   0.28302   0.27842   0.27381   0.26920   0.26460   0.25999   0.25538   0.25078   0.24617   0.24156   0.23696   0.23235   0.22774   0.22314   0.21853   0.21392   0.20932   0.20471   0.20010   0.19550   0.19089   0.18628   0.18168   0.17707   0.17246   0.16785   0.16325   0.15864   0.15403   0.14943   0.14482   0.14021   0.13561   0.13100   0.12639   0.12179   0.11718   0.11257
B44-22   0.13199   0.12923   0.12647   0.12371   0.12095   0.11819   0.11543   0.11267   0.10991   0.10715   0.10440   0.10164   0.09888   0.09612   0.09336   0.09060   0.08784   0.08508   0.08232   0.07956   0.07680   0.07405   0.07129   0.06853   0.06577   0.06301   0.06025   0.05749   0.05473   0.05197   0.04921   0.04645   0.04370   0.04094   0.03818   0.03542   0.03266   0.02990   0.02714   0.02438   0.02162   0.01886
B44-23   0.11417   0.11200   0.10982   0.10765   0.10547   0.10330   0.10112   0.09895   0.09677   0.09460   0.09242   0.09025   0.08807   0.08590   0.08372   0.08155   0.07937   0.07720   0.07502   0.07285   0.07067   0.06850   0.06632   0.06415   0.06197   0.05980   0.05762   0.05545   0.05327   0.05110   0.04892   0.04675   0.04457   0.04240   0.04022   0.03805   0.03587   0.03370   0.03153   0.02935   0.02718   0.02500
B44-24   0.44846   0.43744   0.42642   0.41540   0.40437   0.39335   0.38233   0.37131   0.36029   0.34927   0.33825   0.32723   0.31621   0.30519   0.29417   0.28315   0.27213   0.26111   0.25009   0.23907   0.22805   0.21703   0.20601   0.19499   0.18397   0.17295   0.16192   0.15090   0.13988   0.12886   0.11784   0.10682   0.09580   0.08478   0.07376   0.06274   0.05172   0.04070   0.02968   0.01866   0.00764   0.00000
B44-28   0.26647   0.26302   0.25957   0.25612   0.25267   0.24923   0.24578   0.24233   0.23888   0.23544   0.23199   0.22854   0.22509   0.22165   0.21820   0.21475   0.21130   0.20785   0.20441   0.20096   0.19751   0.19406   0.19062   0.18717   0.18372   0.18027   0.17683   0.17338   0.16993   0.16648   0.16303   0.15959   0.15614   0.15269   0.14924   0.14580   0.14235   0.13890   0.13545   0.13200   0.12856   0.12511
B44-29   0.14794   0.14657   0.14521   0.14384   0.14248   0.14111   0.13974   0.13838   0.13701   0.13565   0.13428   0.13291   0.13155   0.13018   0.12882   0.12745   0.12608   0.12472   0.12335   0.12199   0.12062   0.11925   0.11789   0.11652   0.11516   0.11379   0.11243   0.11106   0.10969   0.10833   0.10696   0.10560   0.10423   0.10286   0.10150   0.10013   0.09877   0.09740   0.09603   0.09467   0.09330   0.09194
B44-31   0.13133   0.12848   0.12563   0.12278   0.11993   0.11707   0.11422   0.11137   0.10852   0.10566   0.10281   0.09996   0.09711   0.09425   0.09140   0.08855   0.08570   0.08285   0.07999   0.07714   0.07429   0.07144   0.06858   0.06573   0.06288   0.06003   0.05718   0.05432   0.05147   0.04862   0.04577   0.04291   0.04006   0.03721   0.03436   0.03150   0.02865   0.02580   0.02295   0.02010   0.01724   0.01439
B45-02   0.13122   0.12835   0.12549   0.12262   0.11975   0.11688   0.11401   0.11115   0.10828   0.10541   0.10254   0.09967   0.09680   0.09394   0.09107   0.08820   0.08533   0.08246   0.07960   0.07673   0.07386   0.07099   0.06812   0.06525   0.06239   0.05952   0.05665   0.05378   0.05091   0.04805   0.04518   0.04231   0.03944   0.03657   0.03370   0.03084   0.02797   0.02510   0.02223   0.01936   0.01650   0.01363
B45-03   0.02176   0.02157   0.02138   0.02119   0.02100   0.02081   0.02062   0.02043   0.02024   0.02005   0.01985   0.01966   0.01947   0.01928   0.01909   0.01890   0.01871   0.01852   0.01833   0.01814   0.01795   0.01775   0.01756   0.01737   0.01718   0.01699   0.01680   0.01661   0.01642   0.01623   0.01604   0.01585   0.01565   0.01546   0.01527   0.01508   0.01489   0.01470   0.01451   0.01432   0.01413   0.01394
B45-04   6.13202   6.09052   6.04902   6.00752   5.96603   5.92453   5.88303   5.84153   5.80003   5.75854   5.71704   5.67554   5.63404   5.59255   5.55105   5.50955   5.46805   5.42655   5.38506   5.34356   5.30206   5.26056   5.21907   5.17757   5.13607   5.09457   5.05307   5.01158   4.97008   4.92858   4.88708   4.84559   4.80409   4.76259   4.72109   4.67960   4.63810   4.59660   4.55510   4.51360   4.47211   4.43061
B45-05   0.05380   0.05275   0.05169   0.05063   0.04957   0.04852   0.04746   0.04640   0.04535   0.04429   0.04323   0.04218   0.04112   0.04006   0.03901   0.03795   0.03689   0.03584   0.03478   0.03372   0.03267   0.03161   0.03055   0.02950   0.02844   0.02738   0.02633   0.02527   0.02421   0.02315   0.02210   0.02104   0.01998   0.01893   0.01787   0.01681   0.01576   0.01470   0.01364   0.01259   0.01153   0.01047
B45-06   0.36415   0.35885   0.35354   0.34823   0.34293   0.33762   0.33231   0.32700   0.32170   0.31639   0.31108   0.30578   0.30047   0.29516   0.28986   0.28455   0.27924   0.27394   0.26863   0.26332   0.25802   0.25271   0.24740   0.24210   0.23679   0.23148   0.22618   0.22087   0.21556   0.21025   0.20495   0.19964   0.19433   0.18903   0.18372   0.17841   0.17311   0.16780   0.16249   0.15719   0.15188   0.14657
B45-07   0.36220   0.35661   0.35102   0.34544   0.33985   0.33426   0.32868   0.32309   0.31750   0.31192   0.30633   0.30075   0.29516   0.28957   0.28399   0.27840   0.27281   0.26723   0.26164   0.25605   0.25047   0.24488   0.23930   0.23371   0.22812   0.22254   0.21695   0.21136   0.20578   0.20019   0.19460   0.18902   0.18343   0.17785   0.17226   0.16667   0.16109   0.15550   0.14991   0.14433   0.13874   0.13315
B45-08   0.19776   0.19297   0.18818   0.18339   0.17860   0.17381   0.16902   0.16423   0.15944   0.15465   0.14985   0.14506   0.14027   0.13548   0.13069   0.12590   0.12111   0.11632   0.11153   0.10674   0.10195   0.09715   0.09236   0.08757   0.08278   0.07799   0.07320   0.06841   0.06362   0.05883   0.05404   0.04925   0.04445   0.03966   0.03487   0.03008   0.02529   0.02050   0.01571   0.01092   0.00613   0.00134
B45-09   0.69133   0.68215   0.67296   0.66378   0.65460   0.64542   0.63624   0.62705   0.61787   0.60869   0.59951   0.59033   0.58115   0.57196   0.56278   0.55360   0.54442   0.53524   0.52605   0.51687   0.50769   0.49851   0.48933   0.48015   0.47096   0.46178   0.45260   0.44342   0.43424   0.42505   0.41587   0.40669   0.39751   0.38833   0.37915   0.36996   0.36078   0.35160   0.34242   0.33324   0.32405   0.31487
B45-10   0.19403   0.19005   0.18606   0.18208   0.17810   0.17412   0.17014   0.16615   0.16217   0.15819   0.15421   0.15023   0.14625   0.14226   0.13828   0.13430   0.13032   0.12634   0.12235   0.11837   0.11439   0.11041   0.10643   0.10245   0.09846   0.09448   0.09050   0.08652   0.08254   0.07855   0.07457   0.07059   0.06661   0.06263   0.05865   0.05466   0.05068   0.04670   0.04272   0.03874   0.03475   0.03077
B45-11   0.02121   0.02094   0.02067   0.02040   0.02013   0.01985   0.01958   0.01931   0.01904   0.01877   0.01850   0.01823   0.01796   0.01769   0.01742   0.01715   0.01688   0.01661   0.01634   0.01607   0.01580   0.01553   0.01526   0.01499   0.01472   0.01445   0.01418   0.01390   0.01363   0.01336   0.01309   0.01282   0.01255   0.01228   0.01201   0.01174   0.01147   0.01120   0.01093   0.01066   0.01039   0.01012
B45-12   0.05621   0.05513   0.05404   0.05296   0.05187   0.05079   0.04971   0.04862   0.04754   0.04645   0.04537   0.04429   0.04320   0.04212   0.04103   0.03995   0.03887   0.03778   0.03670   0.03561   0.03453   0.03345   0.03236   0.03128   0.03019   0.02911   0.02802   0.02694   0.02586   0.02477   0.02369   0.02260   0.02152   0.02044   0.01935   0.01827   0.01718   0.01610   0.01502   0.01393   0.01285   0.01176
B45-15   0.06253   0.06235   0.06216   0.06198   0.06180   0.06162   0.06144   0.06125   0.06107   0.06089   0.06071   0.06053   0.06035   0.06016   0.05998   0.05980   0.05962   0.05944   0.05925   0.05907   0.05889   0.05871   0.05853   0.05835   0.05816   0.05798   0.05780   0.05762   0.05744   0.05725   0.05707   0.05689   0.05671   0.05653   0.05635   0.05616   0.05598   0.05580   0.05562   0.05544   0.05525   0.05507
B45-20   0.11072   0.10931   0.10790   0.10649   0.10508   0.10366   0.10225   0.10084   0.09943   0.09802   0.09661   0.09520   0.09378   0.09237   0.09096   0.08955   0.08814   0.08673   0.08532   0.08390   0.08249   0.08108   0.07967   0.07826   0.07685   0.07544   0.07403   0.07261   0.07120   0.06979   0.06838   0.06697   0.06556   0.06415   0.06273   0.06132   0.05991   0.05850   0.05709   0.05568   0.05427   0.05285
B45-25   0.09562   0.09436   0.09311   0.09185   0.09060   0.08935   0.08809   0.08684   0.08558   0.08433   0.08307   0.08182   0.08056   0.07931   0.07805   0.07680   0.07555   0.07429   0.07304   0.07178   0.07053   0.06927   0.06802   0.06676   0.06551   0.06425   0.06300   0.06175   0.06049   0.05924   0.05798   0.05673   0.05547   0.05422   0.05296   0.05171   0.05045   0.04920   0.04795   0.04669   0.04544   0.04418
B45-31   0.03513   0.03470   0.03428   0.03385   0.03343   0.03300   0.03258   0.03215   0.03173   0.03130   0.03088   0.03045   0.03003   0.02960   0.02918   0.02875   0.02833   0.02790   0.02747   0.02705   0.02663   0.02620   0.02577   0.02535   0.02493   0.02450   0.02407   0.02365   0.02323   0.02280   0.02237   0.02195   0.02153   0.02110   0.02067   0.02025   0.01983   0.01940   0.01897   0.01855   0.01813   0.01770
B45-32   0.03516   0.03474   0.03432   0.03390   0.03348   0.03305   0.03263   0.03221   0.03179   0.03137   0.03095   0.03053   0.03011   0.02969   0.02927   0.02885   0.02843   0.02801   0.02759   0.02717   0.02675   0.02633   0.02591   0.02549   0.02507   0.02465   0.02423   0.02380   0.02338   0.02296   0.02254   0.02212   0.02170   0.02128   0.02086   0.02044   0.02002   0.01960   0.01918   0.01876   0.01834   0.01792
B45-33   0.10803   0.10659   0.10515   0.10371   0.10228   0.10084   0.09940   0.09796   0.09652   0.09508   0.09364   0.09220   0.09077   0.08933   0.08789   0.08645   0.08501   0.08357   0.08213   0.08070   0.07926   0.07782   0.07638   0.07494   0.07350   0.07206   0.07062   0.06919   0.06775   0.06631   0.06487   0.06343   0.06199   0.06055   0.05912   0.05768   0.05624   0.05480   0.05336   0.05192   0.05048   0.04905
B45-34   0.33484   0.32616   0.31748   0.30880   0.30013   0.29145   0.28277   0.27409   0.26541   0.25673   0.24805   0.23937   0.23069   0.22201   0.21333   0.20465   0.19597   0.18729   0.17861   0.16993   0.16125   0.15257   0.14389   0.13521   0.12653   0.11785   0.10918   0.10050   0.09182   0.08314   0.07446   0.06578   0.05710   0.04842   0.03974   0.03106   0.02238   0.01370   0.00502   0.00000   0.00000   0.00000
B45-35   0.20763   0.20425   0.20086   0.19748   0.19410   0.19072   0.18734   0.18395   0.18057   0.17719   0.17381   0.17043   0.16705   0.16366   0.16028   0.15690   0.15352   0.15014   0.14675   0.14337   0.13999   0.13661   0.13323   0.12985   0.12646   0.12308   0.11970   0.11632   0.11294   0.10955   0.10617   0.10279   0.09941   0.09603   0.09265   0.08926   0.08588   0.08250   0.07912   0.07574   0.07235   0.06897
B46-02   0.34200   0.33665   0.33131   0.32597   0.32063   0.31528   0.30994   0.30460   0.29925   0.29391   0.28857   0.28322   0.27788   0.27254   0.26719   0.26185   0.25651   0.25116   0.24582   0.24048   0.23513   0.22979   0.22445   0.21910   0.21376   0.20842   0.20308   0.19773   0.19239   0.18705   0.18170   0.17636   0.17102   0.16567   0.16033   0.15499   0.14964   0.14430   0.13896   0.13361   0.12827   0.12293
B46-05   0.19450   0.19059   0.18668   0.18276   0.17885   0.17494   0.17102   0.16711   0.16320   0.15928   0.15537   0.15145   0.14754   0.14363   0.13971   0.13580   0.13189   0.12797   0.12406   0.12015   0.11623   0.11232   0.10840   0.10449   0.10058   0.09666   0.09275   0.08884   0.08492   0.08101   0.07710   0.07318   0.06927   0.06535   0.06144   0.05753   0.05361   0.04970   0.04579   0.04187   0.03796   0.03405
B46-06   0.31917   0.31146   0.30376   0.29605   0.28835   0.28065   0.27294   0.26524   0.25753   0.24983   0.24212   0.23442   0.22671   0.21901   0.21130   0.20360   0.19590   0.18819   0.18049   0.17278   0.16508   0.15737   0.14967   0.14196   0.13426   0.12655   0.11885   0.11115   0.10344   0.09574   0.08803   0.08033   0.07262   0.06492   0.05721   0.04951   0.04180   0.03410   0.02640   0.01869   0.01099   0.00328
B46-07   0.52917   0.51842   0.50767   0.49692   0.48618   0.47543   0.46468   0.45393   0.44318   0.43244   0.42169   0.41094   0.40019   0.38945   0.37870   0.36795   0.35720   0.34645   0.33571   0.32496   0.31421   0.30346   0.29272   0.28197   0.27122   0.26047   0.24973   0.23898   0.22823   0.21748   0.20673   0.19599   0.18524   0.17449   0.16374   0.15300   0.14225   0.13150   0.12075   0.11000   0.09926   0.08851
B46-10   0.13562   0.13312   0.13062   0.12813   0.12563   0.12313   0.12063   0.11814   0.11564   0.11314   0.11064   0.10815   0.10565   0.10315   0.10065   0.09816   0.09566   0.09316   0.09066   0.08817   0.08567   0.08317   0.08067   0.07818   0.07568   0.07318   0.07068   0.06819   0.06569   0.06319   0.06069   0.05820   0.05570   0.05320   0.05071   0.04821   0.04571   0.04321   0.04072   0.03822   0.03572   0.03322
B46-11   0.15446   0.15268   0.15090   0.14913   0.14735   0.14557   0.14380   0.14202   0.14024   0.13846   0.13669   0.13491   0.13313   0.13135   0.12958   0.12780   0.12602   0.12425   0.12247   0.12069   0.11891   0.11714   0.11536   0.11358   0.11180   0.11003   0.10825   0.10647   0.10470   0.10292   0.10114   0.09936   0.09759   0.09581   0.09403   0.09225   0.09048   0.08870   0.08692   0.08515   0.08337   0.08159
B46-13   0.24954   0.24563   0.24172   0.23781   0.23390   0.22999   0.22608   0.22217   0.21826   0.21435   0.21045   0.20654   0.20263   0.19872   0.19481   0.19090   0.18699   0.18308   0.17917   0.17526   0.17135   0.16745   0.16354   0.15963   0.15572   0.15181   0.14790   0.14399   0.14008   0.13617   0.13226   0.12835   0.12445   0.12054   0.11663   0.11272   0.10881   0.10490   0.10099   0.09708   0.09317   0.08926
B46-14   0.23937   0.23401   0.22865   0.22329   0.21792   0.21256   0.20720   0.20184   0.19648   0.19112   0.18576   0.18040   0.17503   0.16967   0.16431   0.15895   0.15359   0.14823   0.14287   0.13750   0.13214   0.12678   0.12142   0.11606   0.11070   0.10534   0.09997   0.09461   0.08925   0.08389   0.07853   0.07317   0.06781   0.06245   0.05708   0.05172   0.04636   0.04100   0.03564   0.03028   0.02492   0.01955
B46-16   0.03423   0.03358   0.03293   0.03228   0.03163   0.03097   0.03032   0.02967   0.02902   0.02836   0.02771   0.02706   0.02641   0.02575   0.02510   0.02445   0.02380   0.02315   0.02249   0.02184   0.02119   0.02054   0.01988   0.01923   0.01858   0.01793   0.01727   0.01662   0.01597   0.01532   0.01467   0.01401   0.01336   0.01271   0.01206   0.01140   0.01075   0.01010   0.00945   0.00880   0.00814   0.00749
B46-17   0.41233   0.40445   0.39656   0.38868   0.38080   0.37292   0.36504   0.35715   0.34927   0.34139   0.33351   0.32563   0.31775   0.30986   0.30198   0.29410   0.28622   0.27834   0.27045   0.26257   0.25469   0.24681   0.23893   0.23105   0.22316   0.21528   0.20740   0.19952   0.19164   0.18375   0.17587   0.16799   0.16011   0.15223   0.14435   0.13646   0.12858   0.12070   0.11282   0.10494   0.09705   0.08917
B46-18   0.09123   0.08882   0.08641   0.08400   0.08159   0.07918   0.07677   0.07436   0.07195   0.06954   0.06713   0.06472   0.06231   0.05989   0.05748   0.05507   0.05266   0.05025   0.04784   0.04543   0.04302   0.04061   0.03820   0.03579   0.03338   0.03097   0.02856   0.02615   0.02374   0.02133   0.01892   0.01651   0.01410   0.01169   0.00928   0.00687   0.00446   0.00205   0.00000   0.00000   0.00000   0.00000
B46-20   0.11832   0.11781   0.11730   0.11679   0.11627   0.11576   0.11525   0.11474   0.11423   0.11372   0.11321   0.11270   0.11218   0.11167   0.11116   0.11065   0.11014   0.10963   0.10912   0.10860   0.10809   0.10758   0.10707   0.10656   0.10605   0.10554   0.10503   0.10451   0.10400   0.10349   0.10298   0.10247   0.10196   0.10145   0.10093   0.10042   0.09991   0.09940   0.09889   0.09838   0.09787   0.09735
B46-22   0.50257   0.49275   0.48294   0.47312   0.46330   0.45348   0.44366   0.43385   0.42403   0.41421   0.40439   0.39457   0.38475   0.37494   0.36512   0.35530   0.34548   0.33566   0.32585   0.31603   0.30621   0.29639   0.28657   0.27675   0.26694   0.25712   0.24730   0.23748   0.22766   0.21785   0.20803   0.19821   0.18839   0.17857   0.16875   0.15894   0.14912   0.13930   0.12948   0.11966   0.10985   0.10003
B46-24   0.40114   0.39166   0.38218   0.37270   0.36323   0.35375   0.34427   0.33479   0.32531   0.31583   0.30635   0.29687   0.28739   0.27791   0.26843   0.25895   0.24947   0.23999   0.23051   0.22103   0.21155   0.20207   0.19259   0.18311   0.17363   0.16415   0.15468   0.14520   0.13572   0.12624   0.11676   0.10728   0.09780   0.08832   0.07884   0.06936   0.05988   0.05040   0.04092   0.03144   0.02196   0.01248
B46-25   0.36895   0.36515   0.36134   0.35753   0.35373   0.34992   0.34611   0.34230   0.33850   0.33469   0.33088   0.32708   0.32327   0.31946   0.31566   0.31185   0.30804   0.30424   0.30043   0.29662   0.29282   0.28901   0.28520   0.28140   0.27759   0.27378   0.26998   0.26617   0.26236   0.25855   0.25475   0.25094   0.24713   0.24333   0.23952   0.23571   0.23191   0.22810   0.22429   0.22049   0.21668   0.21287
B46-30   0.50042   0.49672   0.49302   0.48932   0.48562   0.48193   0.47823   0.47453   0.47083   0.46714   0.46344   0.45974   0.45604   0.45235   0.44865   0.44495   0.44125   0.43755   0.43386   0.43016   0.42646   0.42276   0.41907   0.41537   0.41167   0.40797   0.40428   0.40058   0.39688   0.39318   0.38948   0.38579   0.38209   0.37839   0.37469   0.37100   0.36730   0.36360   0.35990   0.35620   0.35251   0.34881
B46-31   0.02038   0.02025   0.02011   0.01998   0.01985   0.01972   0.01959   0.01945   0.01932   0.01919   0.01906   0.01893   0.01880   0.01866   0.01853   0.01840   0.01827   0.01814   0.01800   0.01787   0.01774   0.01761   0.01748   0.01735   0.01721   0.01708   0.01695   0.01682   0.01669   0.01655   0.01642   0.01629   0.01616   0.01603   0.01590   0.01576   0.01563   0.01550   0.01537   0.01524   0.01510   0.01497
B46-36   0.05717   0.05605   0.05494   0.05382   0.05270   0.05158   0.05046   0.04935   0.04823   0.04711   0.04599   0.04487   0.04375   0.04264   0.04152   0.04040   0.03928   0.03816   0.03705   0.03593   0.03481   0.03369   0.03257   0.03145   0.03034   0.02922   0.02810   0.02698   0.02586   0.02475   0.02363   0.02251   0.02139   0.02027   0.01915   0.01804   0.01692   0.01580   0.01468   0.01356   0.01245   0.01133
B46-37   0.03282   0.03251   0.03220   0.03189   0.03158   0.03126   0.03095   0.03064   0.03033   0.03002   0.02971   0.02940   0.02908   0.02877   0.02846   0.02815   0.02784   0.02753   0.02722   0.02690   0.02659   0.02628   0.02597   0.02566   0.02535   0.02504   0.02473   0.02441   0.02410   0.02379   0.02348   0.02317   0.02286   0.02255   0.02223   0.02192   0.02161   0.02130   0.02099   0.02068   0.02037   0.02005
B46-44   0.09654   0.09542   0.09430   0.09317   0.09205   0.09093   0.08980   0.08868   0.08756   0.08644   0.08531   0.08419   0.08307   0.08195   0.08082   0.07970   0.07858   0.07745   0.07633   0.07521   0.07409   0.07296   0.07184   0.07072   0.06960   0.06847   0.06735   0.06623   0.06510   0.06398   0.06286   0.06174   0.06061   0.05949   0.05837   0.05725   0.05612   0.05500   0.05388   0.05275   0.05163   0.05051
B46-45   0.40461   0.39563   0.38664   0.37766   0.36868   0.35969   0.35071   0.34172   0.33274   0.32375   0.31477   0.30579   0.29680   0.28782   0.27883   0.26985   0.26087   0.25188   0.24290   0.23391   0.22493   0.21595   0.20696   0.19798   0.18899   0.18001   0.17103   0.16204   0.15306   0.14407   0.13509   0.12610   0.11712   0.10814   0.09915   0.09017   0.08118   0.07220   0.06322   0.05423   0.04525   0.03626
B46-46   0.02878   0.02834   0.02789   0.02745   0.02700   0.02655   0.02611   0.02566   0.02522   0.02477   0.02433   0.02388   0.02344   0.02299   0.02255   0.02210   0.02165   0.02121   0.02076   0.02032   0.01987   0.01943   0.01898   0.01854   0.01809   0.01765   0.01720   0.01675   0.01631   0.01586   0.01542   0.01497   0.01453   0.01408   0.01364   0.01319   0.01275   0.01230   0.01185   0.01141   0.01096   0.01052
B46-47   0.12340   0.12340   0.12340   0.12340   0.12340   0.12340   0.12340   0.12340   0.12340   0.12340   0.12340   0.12340   0.12340   0.12340   0.12340   0.12340   0.12340   0.12340   0.12340   0.12340   0.12340   0.12340   0.12340   0.12340   0.12340   0.12340   0.12340   0.12340   0.12340   0.12340   0.12340   0.12340   0.12340   0.12340   0.12340   0.12340   0.12340   0.12340   0.12340   0.12340   0.12340   0.12340
B46-48   0.17628   0.17190   0.16753   0.16315   0.15878   0.15440   0.15003   0.14565   0.14128   0.13690   0.13253   0.12815   0.12378   0.11940   0.11503   0.11065   0.10628   0.10190   0.09753   0.09315   0.08878   0.08440   0.08002   0.07565   0.07128   0.06690   0.06252   0.05815   0.05378   0.04940   0.04503   0.04065   0.03628   0.03190   0.02753   0.02315   0.01878   0.01440   0.01002   0.00565   0.00127   0.00000
B47-01   0.84278   0.83568   0.82858   0.82148   0.81437   0.80727   0.80017   0.79307   0.78597   0.77886   0.77176   0.76466   0.75756   0.75045   0.74335   0.73625   0.72915   0.72205   0.71494   0.70784   0.70074   0.69364   0.68653   0.67943   0.67233   0.66523   0.65812   0.65102   0.64392   0.63682   0.62972   0.62261   0.61551   0.60841   0.60131   0.59420   0.58710   0.58000   0.57290   0.56580   0.55869   0.55159
B47-02   0.18165   0.17805   0.17444   0.17083   0.16723   0.16362   0.16001   0.15640   0.15280   0.14919   0.14558   0.14198   0.13837   0.13476   0.13116   0.12755   0.12394   0.12034   0.11673   0.11312   0.10952   0.10591   0.10230   0.09870   0.09509   0.09148   0.08788   0.08427   0.08066   0.07705   0.07345   0.06984   0.06623   0.06263   0.05902   0.05541   0.05181   0.04820   0.04459   0.04099   0.03738   0.03377
B47-03   0.09344   0.09143   0.08942   0.08741   0.08540   0.08339   0.08138   0.07937   0.07736   0.07535   0.07335   0.07134   0.06933   0.06732   0.06531   0.06330   0.06129   0.05928   0.05727   0.05526   0.05325   0.05125   0.04924   0.04723   0.04522   0.04321   0.04120   0.03919   0.03718   0.03517   0.03316   0.03115   0.02915   0.02714   0.02513   0.02312   0.02111   0.01910   0.01709   0.01508   0.01307   0.01106
B47-04   1.94298   1.93269   1.92240   1.91211   1.90183   1.89154   1.88125   1.87096   1.86067   1.85038   1.84009   1.82980   1.81952   1.80923   1.79894   1.78865   1.77836   1.76807   1.75778   1.74750   1.73721   1.72692   1.71663   1.70634   1.69605   1.68576   1.67548   1.66519   1.65490   1.64461   1.63432   1.62403   1.61374   1.60345   1.59317   1.58288   1.57259   1.56230   1.55201   1.54172   1.53143   1.52115
B47-05   0.31467   0.31061   0.30655   0.30249   0.29843   0.29436   0.29030   0.28624   0.28218   0.27812   0.27406   0.27000   0.26593   0.26187   0.25781   0.25375   0.24969   0.24563   0.24157   0.23750   0.23344   0.22938   0.22532   0.22126   0.21720   0.21314   0.20908   0.20501   0.20095   0.19689   0.19283   0.18877   0.18471   0.18065   0.17658   0.17252   0.16846   0.16440   0.16034   0.15628   0.15222   0.14815
B47-09   0.09855   0.09620   0.09385   0.09150   0.08915   0.08680   0.08445   0.08210   0.07975   0.07740   0.07505   0.07270   0.07035   0.06800   0.06565   0.06330   0.06095   0.05860   0.05625   0.05390   0.05155   0.04920   0.04685   0.04450   0.04215   0.03980   0.03745   0.03510   0.03275   0.03040   0.02805   0.02570   0.02335   0.02100   0.01865   0.01630   0.01395   0.01160   0.00925   0.00690   0.00455   0.00220
B50-02   0.97069   0.95606   0.94143   0.92680   0.91217   0.89755   0.88292   0.86829   0.85366   0.83903   0.82440   0.80977   0.79514   0.78051   0.76588   0.75125   0.73662   0.72199   0.70736   0.69273   0.67810   0.66347   0.64884   0.63421   0.61958   0.60495   0.59032   0.57570   0.56107   0.54644   0.53181   0.51718   0.50255   0.48792   0.47329   0.45866   0.44403   0.42940   0.41477   0.40014   0.38551   0.37088
B51-02   0.97383   0.95965   0.94546   0.93128   0.91710   0.90292   0.88874   0.87455   0.86037   0.84619   0.83201   0.81783   0.80365   0.78946   0.77528   0.76110   0.74692   0.73274   0.71855   0.70437   0.69019   0.67601   0.66183   0.64765   0.63346   0.61928   0.60510   0.59092   0.57674   0.56255   0.54837   0.53419   0.52001   0.50583   0.49165   0.47746   0.46328   0.44910   0.43492   0.42074   0.40655   0.39237
B51-04   0.51510   0.50770   0.50030   0.49290   0.48550   0.47810   0.47070   0.46330   0.45590   0.44850   0.44110   0.43370   0.42630   0.41890   0.41150   0.40410   0.39670   0.38930   0.38190   0.37450   0.36710   0.35970   0.35230   0.34490   0.33750   0.33010   0.32270   0.31530   0.30790   0.30050   0.29310   0.28570   0.27830   0.27090   0.26350   0.25610   0.24870   0.24130   0.23390   0.22650   0.21910   0.21170
B51-05   1.27267   1.26511   1.25755   1.24999   1.24242   1.23486   1.22730   1.21974   1.21218   1.20462   1.19706   1.18950   1.18193   1.17437   1.16681   1.15925   1.15169   1.14413   1.13657   1.12900   1.12144   1.11388   1.10632   1.09876   1.09120   1.08364   1.07607   1.06851   1.06095   1.05339   1.04583   1.03827   1.03071   1.02315   1.01558   1.00802   1.00046   0.99290   0.98534   0.97778   0.97022   0.96265
B51-08   0.11699   0.11602   0.11505   0.11407   0.11310   0.11213   0.11115   0.11018   0.10921   0.10824   0.10726   0.10629   0.10532   0.10435   0.10337   0.10240   0.10143   0.10045   0.09948   0.09851   0.09754   0.09656   0.09559   0.09462   0.09365   0.09267   0.09170   0.09073   0.08975   0.08878   0.08781   0.08684   0.08586   0.08489   0.08392   0.08295   0.08197   0.08100   0.08003   0.07905   0.07808   0.07711
B51-09   0.69876   0.69617   0.69358   0.69099   0.68840   0.68581   0.68322   0.68063   0.67804   0.67545   0.67285   0.67026   0.66767   0.66508   0.66249   0.65990   0.65731   0.65472   0.65213   0.64954   0.64695   0.64435   0.64176   0.63917   0.63658   0.63399   0.63140   0.62881   0.62622   0.62363   0.62104   0.61845   0.61585   0.61326   0.61067   0.60808   0.60549   0.60290   0.60031   0.59772   0.59513   0.59254
B51-10   0.20733   0.20214   0.19694   0.19175   0.18655   0.18135   0.17616   0.17096   0.16577   0.16057   0.15538   0.15018   0.14499   0.13979   0.13460   0.12940   0.12420   0.11901   0.11381   0.10862   0.10342   0.09823   0.09303   0.08784   0.08264   0.07745   0.07225   0.06705   0.06186   0.05666   0.05147   0.04627   0.04108   0.03588   0.03069   0.02549   0.02030   0.01510   0.00990   0.00471   0.00000   0.00000
B51-11   0.36570   0.36025   0.35481   0.34937   0.34393   0.33848   0.33304   0.32760   0.32215   0.31671   0.31127   0.30582   0.30038   0.29494   0.28949   0.28405   0.27861   0.27316   0.26772   0.26228   0.25683   0.25139   0.24595   0.24050   0.23506   0.22962   0.22418   0.21873   0.21329   0.20785   0.20240   0.19696   0.19152   0.18607   0.18063   0.17519   0.16974   0.16430   0.15886   0.15341   0.14797   0.14253
B51-12   0.53022   0.52445   0.51869   0.51292   0.50715   0.50138   0.49561   0.48985   0.48408   0.47831   0.47254   0.46677   0.46100   0.45524   0.44947   0.44370   0.43793   0.43216   0.42640   0.42063   0.41486   0.40909   0.40332   0.39755   0.39179   0.38602   0.38025   0.37448   0.36871   0.36295   0.35718   0.35141   0.34564   0.33987   0.33410   0.32834   0.32257   0.31680   0.31103   0.30526   0.29950   0.29373
B51-13   2.06280   2.04954   2.03629   2.02303   2.00977   1.99651   1.98326   1.97000   1.95674   1.94349   1.93023   1.91697   1.90371   1.89046   1.87720   1.86394   1.85069   1.83743   1.82417   1.81091   1.79766   1.78440   1.77114   1.75789   1.74463   1.73137   1.71811   1.70486   1.69160   1.67834   1.66509   1.65183   1.63857   1.62531   1.61206   1.59880   1.58554   1.57229   1.55903   1.54577   1.53251   1.51926
B51-14   0.52983   0.52597   0.52210   0.51823   0.51437   0.51050   0.50663   0.50277   0.49890   0.49503   0.49117   0.48730   0.48343   0.47957   0.47570   0.47183   0.46797   0.46410   0.46023   0.45637   0.45250   0.44863   0.44477   0.44090   0.43703   0.43317   0.42930   0.42543   0.42157   0.41770   0.41383   0.40997   0.40610   0.40223   0.39837   0.39450   0.39063   0.38677   0.38290   0.37903   0.37517   0.37130
B51-16   0.52417   0.51806   0.51196   0.50585   0.49975   0.49365   0.48754   0.48144   0.47533   0.46923   0.46312   0.45702   0.45091   0.44481   0.43870   0.43260   0.42650   0.42039   0.41429   0.40818   0.40208   0.39597   0.38987   0.38376   0.37766   0.37155   0.36545   0.35935   0.35324   0.34714   0.34103   0.33493   0.32882   0.32272   0.31661   0.31051   0.30440   0.29830   0.29220   0.28609   0.27999   0.27388
B51-17   0.07001   0.06974   0.06947   0.06920   0.06893   0.06865   0.06838   0.06811   0.06784   0.06757   0.06730   0.06703   0.06676   0.06649   0.06622   0.06595   0.06568   0.06541   0.06514   0.06487   0.06460   0.06433   0.06406   0.06379   0.06352   0.06325   0.06298   0.06270   0.06243   0.06216   0.06189   0.06162   0.06135   0.06108   0.06081   0.06054   0.06027   0.06000   0.05973   0.05946   0.05919   0.05892
B52-01   0.46605   0.45307   0.44009   0.42711   0.41414   0.40116   0.38818   0.37520   0.36222   0.34924   0.33626   0.32329   0.31031   0.29733   0.28435   0.27137   0.25839   0.24541   0.23244   0.21946   0.20648   0.19350   0.18052   0.16754   0.15456   0.14159   0.12861   0.11563   0.10265   0.08967   0.07669   0.06371   0.05074   0.03776   0.02478   0.01180   0.00000   0.00000   0.00000   0.00000   0.00000   0.00000
B52-02   0.18777   0.18629   0.18481   0.18334   0.18186   0.18039   0.17891   0.17743   0.17596   0.17448   0.17300   0.17153   0.17005   0.16858   0.16710   0.16562   0.16415   0.16267   0.16120   0.15972   0.15824   0.15677   0.15529   0.15381   0.15234   0.15086   0.14939   0.14791   0.14643   0.14496   0.14348   0.14200   0.14053   0.13905   0.13758   0.13610   0.13462   0.13315   0.13167   0.13020   0.12872   0.12724
B52-04   0.34265   0.33874   0.33484   0.33093   0.32702   0.32311   0.31921   0.31530   0.31139   0.30749   0.30358   0.29967   0.29576   0.29186   0.28795   0.28404   0.28014   0.27623   0.27232   0.26841   0.26451   0.26060   0.25669   0.25279   0.24888   0.24497   0.24106   0.23716   0.23325   0.22934   0.22544   0.22153   0.21762   0.21371   0.20981   0.20590   0.20199   0.19809   0.19418   0.19027   0.18636   0.18246
B52-05   0.38997   0.38023   0.37050   0.36077   0.35103   0.34130   0.33157   0.32183   0.31210   0.30237   0.29263   0.28290   0.27317   0.26343   0.25370   0.24397   0.23423   0.22450   0.21477   0.20503   0.19530   0.18557   0.17583   0.16610   0.15637   0.14663   0.13690   0.12717   0.11743   0.10770   0.09797   0.08823   0.07850   0.06877   0.05903   0.04930   0.03957   0.02983   0.02010   0.01037   0.00063   0.00000
B52-06   1.14182   1.12993   1.11805   1.10617   1.09428   1.08240   1.07052   1.05863   1.04675   1.03487   1.02298   1.01110   0.99922   0.98733   0.97545   0.96357   0.95168   0.93980   0.92792   0.91603   0.90415   0.89227   0.88038   0.86850   0.85662   0.84473   0.83285   0.82097   0.80908   0.79720   0.78532   0.77343   0.76155   0.74967   0.73778   0.72590   0.71402   0.70213   0.69025   0.67837   0.66648   0.65460
B52-08   0.19010   0.18709   0.18407   0.18106   0.17804   0.17503   0.17201   0.16900   0.16599   0.16297   0.15996   0.15694   0.15393   0.15091   0.14790   0.14489   0.14187   0.13886   0.13584   0.13283   0.12981   0.12680   0.12379   0.12077   0.11776   0.11474   0.11173   0.10871   0.10570   0.10269   0.09967   0.09666   0.09364   0.09063   0.08761   0.08460   0.08159   0.07857   0.07556   0.07254   0.06953   0.06651
B52-09   0.15110   0.14751   0.14393   0.14034   0.13676   0.13317   0.12959   0.12600   0.12241   0.11883   0.11524   0.11166   0.10807   0.10449   0.10090   0.09731   0.09373   0.09014   0.08656   0.08297   0.07939   0.07580   0.07221   0.06863   0.06504   0.06146   0.05787   0.05429   0.05070   0.04711   0.04353   0.03994   0.03636   0.03277   0.02919   0.02560   0.02201   0.01843   0.01484   0.01126   0.00767   0.00409
B52-11   0.36547   0.35545   0.34543   0.33541   0.32539   0.31537   0.30535   0.29533   0.28531   0.27530   0.26528   0.25526   0.24524   0.23522   0.22520   0.21518   0.20516   0.19514   0.18512   0.17510   0.16509   0.15507   0.14505   0.13503   0.12501   0.11499   0.10497   0.09495   0.08493   0.07491   0.06490   0.05488   0.04486   0.03484   0.02482   0.01480   0.00478   0.00000   0.00000   0.00000   0.00000   0.00000
B52-12   0.22927   0.22720   0.22514   0.22308   0.22102   0.21896   0.21690   0.21483   0.21277   0.21071   0.20865   0.20659   0.20452   0.20246   0.20040   0.19834   0.19628   0.19421   0.19215   0.19009   0.18803   0.18597   0.18390   0.18184   0.17978   0.17772   0.17566   0.17360   0.17153   0.16947   0.16741   0.16535   0.16329   0.16122   0.15916   0.15710   0.15504   0.15298   0.15091   0.14885   0.14679   0.14473
B52-13   0.36663   0.36384   0.36104   0.35825   0.35545   0.35266   0.34986   0.34707   0.34427   0.34148   0.33868   0.33589   0.33309   0.33030   0.32750   0.32470   0.32191   0.31911   0.31632   0.31352   0.31073   0.30793   0.30514   0.30234   0.29955   0.29675   0.29396   0.29116   0.28837   0.28557   0.28278   0.27998   0.27719   0.27439   0.27160   0.26880   0.26600   0.26321   0.26041   0.25762   0.25482   0.25203
B52-14   0.34727   0.33866   0.33006   0.32145   0.31285   0.30424   0.29564   0.28703   0.27843   0.26982   0.26122   0.25261   0.24401   0.23540   0.22680   0.21820   0.20959   0.20099   0.19238   0.18378   0.17517   0.16657   0.15796   0.14936   0.14075   0.13215   0.12354   0.11494   0.10633   0.09773   0.08912   0.08052   0.07191   0.06331   0.05470   0.04610   0.03750   0.02889   0.02029   0.01168   0.00308   0.00000
B52-17   0.34942   0.34112   0.33282   0.32452   0.31623   0.30793   0.29963   0.29133   0.28304   0.27474   0.26644   0.25814   0.24985   0.24155   0.23325   0.22495   0.21665   0.20836   0.20006   0.19176   0.18346   0.17517   0.16687   0.15857   0.15027   0.14198   0.13368   0.12538   0.11708   0.10879   0.10049   0.09219   0.08389   0.07560   0.06730   0.05900   0.05070   0.04240   0.03411   0.02581   0.01751   0.00921
B52-20   0.34857   0.34015   0.33173   0.32331   0.31489   0.30647   0.29805   0.28963   0.28121   0.27280   0.26438   0.25596   0.24754   0.23912   0.23070   0.22228   0.21386   0.20544   0.19702   0.18860   0.18019   0.17177   0.16335   0.15493   0.14651   0.13809   0.12967   0.12125   0.11283   0.10441   0.09600   0.08758   0.07916   0.07074   0.06232   0.05390   0.04548   0.03706   0.02864   0.02022   0.01180   0.00339
B52-22   1.73318   1.72337   1.71355   1.70373   1.69392   1.68410   1.67428   1.66447   1.65465   1.64483   1.63502   1.62520   1.61538   1.60557   1.59575   1.58593   1.57612   1.56630   1.55648   1.54667   1.53685   1.52703   1.51722   1.50740   1.49758   1.48777   1.47795   1.46813   1.45832   1.44850   1.43868   1.42887   1.41905   1.40923   1.39942   1.38960   1.37978   1.36997   1.36015   1.35033   1.34052   1.33070
B52-24   5.41988   5.41192   5.40396   5.39600   5.38805   5.38009   5.37213   5.36417   5.35621   5.34825   5.34029   5.33233   5.32437   5.31641   5.30845   5.30049   5.29253   5.28457   5.27661   5.26865   5.26069   5.25273   5.24477   5.23681   5.22885   5.22090   5.21294   5.20498   5.19702   5.18906   5.18110   5.17314   5.16518   5.15722   5.14926   5.14130   5.13334   5.12538   5.11742   5.10946   5.10150   5.09354
B52-25   0.04605   0.04557   0.04509   0.04461   0.04414   0.04366   0.04318   0.04270   0.04222   0.04174   0.04126   0.04079   0.04031   0.03983   0.03935   0.03887   0.03839   0.03791   0.03744   0.03696   0.03648   0.03600   0.03552   0.03504   0.03456   0.03409   0.03361   0.03313   0.03265   0.03217   0.03169   0.03121   0.03074   0.03026   0.02978   0.02930   0.02882   0.02834   0.02786   0.02739   0.02691   0.02643
B52-26   0.28330   0.28279   0.28227   0.28176   0.28124   0.28073   0.28021   0.27970   0.27919   0.27867   0.27816   0.27764   0.27713   0.27661   0.27610   0.27559   0.27507   0.27456   0.27404   0.27353   0.27301   0.27250   0.27199   0.27147   0.27096   0.27044   0.26993   0.26941   0.26890   0.26839   0.26787   0.26736   0.26684   0.26633   0.26581   0.26530   0.26479   0.26427   0.26376   0.26324   0.26273   0.26221
B52-27   0.23135   0.22904   0.22674   0.22443   0.22212   0.21981   0.21751   0.21520   0.21289   0.21059   0.20828   0.20597   0.20366   0.20136   0.19905   0.19674   0.19444   0.19213   0.18982   0.18751   0.18521   0.18290   0.18059   0.17829   0.17598   0.17367   0.17136   0.16906   0.16675   0.16444   0.16214   0.15983   0.15752   0.15521   0.15291   0.15060   0.14829   0.14599   0.14368   0.14137   0.13906   0.13676
B52-28   0.05398   0.05312   0.05226   0.05140   0.05055   0.04969   0.04883   0.04797   0.04711   0.04625   0.04539   0.04453   0.04367   0.04281   0.04195   0.04109   0.04023   0.03937   0.03851   0.03765   0.03679   0.03593   0.03507   0.03421   0.03335   0.03250   0.03164   0.03078   0.02992   0.02906   0.02820   0.02734   0.02648   0.02562   0.02476   0.02390   0.02304   0.02218   0.02132   0.02046   0.01960   0.01874
B52-29   9.83827   9.81686   9.79546   9.77405   9.75265   9.73124   9.70984   9.68843   9.66703   9.64562   9.62422   9.60281   9.58141   9.56000   9.53860   9.51720   9.49579   9.47439   9.45298   9.43158   9.41017   9.38877   9.36736   9.34596   9.32455   9.30315   9.28174   9.26034   9.23893   9.21753   9.19612   9.17472   9.15331   9.13191   9.11050   9.08910   9.06770   9.04629   9.02489   9.00348   8.98208   8.96067
B52-31   0.03272   0.03212   0.03152   0.03092   0.03033   0.02973   0.02913   0.02853   0.02794   0.02734   0.02674   0.02614   0.02555   0.02495   0.02435   0.02375   0.02315   0.02256   0.02196   0.02136   0.02076   0.02017   0.01957   0.01897   0.01837   0.01778   0.01718   0.01658   0.01598   0.01539   0.01479   0.01419   0.01359   0.01300   0.01240   0.01180   0.01120   0.01060   0.01001   0.00941   0.00881   0.00821
B52-32   2.35677   2.35166   2.34656   2.34145   2.33635   2.33124   2.32614   2.32103   2.31593   2.31082   2.30572   2.30061   2.29551   2.29040   2.28530   2.28020   2.27509   2.26999   2.26488   2.25978   2.25467   2.24957   2.24446   2.23936   2.23425   2.22915   2.22404   2.21894   2.21383   2.20873   2.20362   2.19852   2.19341   2.18831   2.18320   2.17810   2.17300   2.16789   2.16279   2.15768   2.15258   2.14747
B52-33   0.53830   0.52886   0.51941   0.50997   0.50053   0.49109   0.48164   0.47220   0.46276   0.45331   0.44387   0.43443   0.42499   0.41554   0.40610   0.39666   0.38721   0.37777   0.36833   0.35889   0.34944   0.34000   0.33056   0.32111   0.31167   0.30223   0.29279   0.28334   0.27390   0.26446   0.25501   0.24557   0.23613   0.22669   0.21724   0.20780   0.19836   0.18891   0.17947   0.17003   0.16059   0.15114
B52-36   0.07415   0.07243   0.07071   0.06899   0.06726   0.06554   0.06382   0.06210   0.06038   0.05866   0.05694   0.05521   0.05349   0.05177   0.05005   0.04833   0.04661   0.04489   0.04316   0.04144   0.03972   0.03800   0.03628   0.03456   0.03284   0.03111   0.02939   0.02767   0.02595   0.02423   0.02251   0.02079   0.01906   0.01734   0.01562   0.01390   0.01218   0.01046   0.00874   0.00701   0.00529   0.00357
B52-64   0.73062   0.72633   0.72205   0.71777   0.71348   0.70920   0.70492   0.70063   0.69635   0.69207   0.68778   0.68350   0.67922   0.67493   0.67065   0.66637   0.66208   0.65780   0.65352   0.64923   0.64495   0.64067   0.63638   0.63210   0.62782   0.62353   0.61925   0.61497   0.61068   0.60640   0.60212   0.59783   0.59355   0.58927   0.58498   0.58070   0.57642   0.57213   0.56785   0.56357   0.55928   0.55500
B52-65   0.17030   0.17030   0.17030   0.17030   0.17030   0.17030   0.17030   0.17030   0.17030   0.17030   0.17030   0.17030   0.17030   0.17030   0.17030   0.17030   0.17030   0.17030   0.17030   0.17030   0.17030   0.17030   0.17030   0.17030   0.17030   0.17030   0.17030   0.17030   0.17030   0.17030   0.17030   0.17030   0.17030   0.17030   0.17030   0.17030   0.17030   0.17030   0.17030   0.17030   0.17030   0.17030
B52-73   0.38645   0.37621   0.36598   0.35574   0.34551   0.33527   0.32504   0.31480   0.30456   0.29433   0.28409   0.27386   0.26362   0.25339   0.24315   0.23291   0.22268   0.21244   0.20221   0.19197   0.18174   0.17150   0.16126   0.15103   0.14079   0.13056   0.12032   0.11009   0.09985   0.08961   0.07938   0.06914   0.05891   0.04867   0.03844   0.02820   0.01796   0.00773   0.00000   0.00000   0.00000   0.00000
B53-04  16.15530  16.08883  16.02236  15.95589  15.88941  15.82294  15.75647  15.69000  15.62353  15.55706  15.49059  15.42411  15.35764  15.29117  15.22470  15.15823  15.09176  15.02529  14.95881  14.89234  14.82587  14.75940  14.69293  14.62646  14.55999  14.49351  14.42704  14.36057  14.29410  14.22763  14.16116  14.09469  14.02821  13.96174  13.89527  13.82880  13.76233  13.69586  13.62939  13.56291  13.49644  13.42997
B53-05   0.05003   0.04897   0.04790   0.04683   0.04577   0.04470   0.04363   0.04257   0.04150   0.04043   0.03937   0.03830   0.03723   0.03617   0.03510   0.03403   0.03297   0.03190   0.03083   0.02977   0.02870   0.02763   0.02657   0.02550   0.02443   0.02337   0.02230   0.02123   0.02017   0.01910   0.01803   0.01697   0.01590   0.01483   0.01377   0.01270   0.01163   0.01057   0.00950   0.00843   0.00737   0.00630
B53-06   0.26733   0.26267   0.25800   0.25333   0.24867   0.24400   0.23933   0.23467   0.23000   0.22533   0.22067   0.21600   0.21133   0.20667   0.20200   0.19733   0.19267   0.18800   0.18333   0.17867   0.17400   0.16933   0.16467   0.16000   0.15533   0.15067   0.14600   0.14133   0.13667   0.13200   0.12733   0.12267   0.11800   0.11333   0.10867   0.10400   0.09933   0.09467   0.09000   0.08533   0.08067   0.07600
B53-07   1.92548   1.91787   1.91025   1.90263   1.89502   1.88740   1.87978   1.87217   1.86455   1.85693   1.84932   1.84170   1.83408   1.82647   1.81885   1.81123   1.80362   1.79600   1.78838   1.78077   1.77315   1.76553   1.75792   1.75030   1.74268   1.73507   1.72745   1.71983   1.71222   1.70460   1.69698   1.68937   1.68175   1.67413   1.66652   1.65890   1.65128   1.64367   1.63605   1.62843   1.62082   1.61320
B53-08   1.32088   1.31904   1.31719   1.31535   1.31350   1.31166   1.30981   1.30797   1.30612   1.30428   1.30243   1.30059   1.29874   1.29690   1.29505   1.29320   1.29136   1.28951   1.28767   1.28582   1.28398   1.28213   1.28029   1.27844   1.27660   1.27475   1.27291   1.27106   1.26922   1.26737   1.26553   1.26368   1.26184   1.25999   1.25815   1.25630   1.25445   1.25261   1.25076   1.24892   1.24707   1.24523
B53-10   0.19175   0.18941   0.18707   0.18474   0.18240   0.18006   0.17773   0.17539   0.17305   0.17072   0.16838   0.16605   0.16371   0.16137   0.15904   0.15670   0.15436   0.15203   0.14969   0.14735   0.14502   0.14268   0.14035   0.13801   0.13567   0.13334   0.13100   0.12866   0.12633   0.12399   0.12165   0.11932   0.11698   0.11465   0.11231   0.10997   0.10764   0.10530   0.10296   0.10063   0.09829   0.09595
B53-11   2.16627   2.15412   2.14197   2.12982   2.11768   2.10553   2.09338   2.08123   2.06908   2.05694   2.04479   2.03264   2.02049   2.00835   1.99620   1.98405   1.97190   1.95975   1.94761   1.93546   1.92331   1.91116   1.89902   1.88687   1.87472   1.86257   1.85043   1.83828   1.82613   1.81398   1.80183   1.78969   1.77754   1.76539   1.75324   1.74110   1.72895   1.71680   1.70465   1.69250   1.68036   1.66821
B53-12   0.24347   0.23726   0.23106   0.22485   0.21865   0.21245   0.20624   0.20004   0.19383   0.18763   0.18142   0.17522   0.16901   0.16281   0.15660   0.15040   0.14420   0.13799   0.13179   0.12558   0.11938   0.11317   0.10697   0.10076   0.09456   0.08835   0.08215   0.07595   0.06974   0.06354   0.05733   0.05113   0.04492   0.03872   0.03251   0.02631   0.02010   0.01390   0.00770   0.00149   0.00000   0.00000
B53-14   0.42362   0.42110   0.41859   0.41608   0.41357   0.41106   0.40855   0.40603   0.40352   0.40101   0.39850   0.39599   0.39347   0.39096   0.38845   0.38594   0.38343   0.38091   0.37840   0.37589   0.37338   0.37087   0.36835   0.36584   0.36333   0.36082   0.35831   0.35580   0.35328   0.35077   0.34826   0.34575   0.34324   0.34072   0.33821   0.33570   0.33319   0.33068   0.32816   0.32565   0.32314   0.32063
B53-20   0.42355   0.42103   0.41851   0.41599   0.41346   0.41094   0.40842   0.40590   0.40338   0.40086   0.39834   0.39581   0.39329   0.39077   0.38825   0.38573   0.38321   0.38069   0.37816   0.37564   0.37312   0.37060   0.36808   0.36556   0.36304   0.36051   0.35799   0.35547   0.35295   0.35043   0.34791   0.34539   0.34286   0.34034   0.33782   0.33530   0.33278   0.33026   0.32774   0.32521   0.32269   0.32017
B53-23   0.09203   0.09081   0.08959   0.08836   0.08714   0.08591   0.08469   0.08347   0.08224   0.08102   0.07980   0.07857   0.07735   0.07612   0.07490   0.07368   0.07245   0.07123   0.07000   0.06878   0.06756   0.06633   0.06511   0.06389   0.06266   0.06144   0.06021   0.05899   0.05777   0.05654   0.05532   0.05410   0.05287   0.05165   0.05042   0.04920   0.04798   0.04675   0.04553   0.04430   0.04308   0.04186
B53-25   0.05063   0.04965   0.04866   0.04768   0.04670   0.04572   0.04474   0.04375   0.04277   0.04179   0.04081   0.03983   0.03885   0.03786   0.03688   0.03590   0.03492   0.03394   0.03295   0.03197   0.03099   0.03001   0.02903   0.02805   0.02706   0.02608   0.02510   0.02412   0.02314   0.02215   0.02117   0.02019   0.01921   0.01823   0.01725   0.01626   0.01528   0.01430   0.01332   0.01234   0.01135   0.01037
B53-26   0.26113   0.25558   0.25003   0.24448   0.23892   0.23337   0.22782   0.22227   0.21671   0.21116   0.20561   0.20006   0.19450   0.18895   0.18340   0.17785   0.17230   0.16674   0.16119   0.15564   0.15009   0.14453   0.13898   0.13343   0.12788   0.12232   0.11677   0.11122   0.10567   0.10011   0.09456   0.08901   0.08346   0.07790   0.07235   0.06680   0.06125   0.05570   0.05014   0.04459   0.03904   0.03349
B53-28   0.19505   0.19319   0.19133   0.18946   0.18760   0.18574   0.18387   0.18201   0.18015   0.17828   0.17642   0.17455   0.17269   0.17083   0.16896   0.16710   0.16524   0.16337   0.16151   0.15965   0.15778   0.15592   0.15405   0.15219   0.15033   0.14846   0.14660   0.14474   0.14287   0.14101   0.13915   0.13728   0.13542   0.13355   0.13169   0.12983   0.12796   0.12610   0.12424   0.12237   0.12051   0.11865
B53-29   0.26673   0.26198   0.25723   0.25248   0.24772   0.24297   0.23822   0.23347   0.22871   0.22396   0.21921   0.21446   0.20970   0.20495   0.20020   0.19545   0.19070   0.18594   0.18119   0.17644   0.17169   0.16693   0.16218   0.15743   0.15268   0.14792   0.14317   0.13842   0.13367   0.12891   0.12416   0.11941   0.11466   0.10990   0.10515   0.10040   0.09565   0.09090   0.08614   0.08139   0.07664   0.07189
B54-01   0.13486   0.13297   0.13108   0.12919   0.12730   0.12541   0.12352   0.12163   0.11974   0.11785   0.11595   0.11406   0.11217   0.11028   0.10839   0.10650   0.10461   0.10272   0.10083   0.09894   0.09705   0.09515   0.09326   0.09137   0.08948   0.08759   0.08570   0.08381   0.08192   0.08003   0.07814   0.07625   0.07435   0.07246   0.07057   0.06868   0.06679   0.06490   0.06301   0.06112   0.05923   0.05734
B54-03   8.12672   8.10116   8.07561   8.05005   8.02450   7.99894   7.97339   7.94783   7.92228   7.89672   7.87117   7.84561   7.82006   7.79450   7.76895   7.74340   7.71784   7.69229   7.66673   7.64118   7.61562   7.59007   7.56451   7.53896   7.51340   7.48785   7.46229   7.43674   7.41118   7.38563   7.36007   7.33452   7.30896   7.28341   7.25785   7.23230   7.20675   7.18119   7.15564   7.13008   7.10453   7.07897
B54-05   0.05028   0.04925   0.04821   0.04718   0.04615   0.04512   0.04409   0.04305   0.04202   0.04099   0.03996   0.03893   0.03790   0.03686   0.03583   0.03480   0.03377   0.03274   0.03170   0.03067   0.02964   0.02861   0.02758   0.02655   0.02551   0.02448   0.02345   0.02242   0.02139   0.02035   0.01932   0.01829   0.01726   0.01623   0.01520   0.01416   0.01313   0.01210   0.01107   0.01004   0.00900   0.00797
B55-02   0.14175   0.14084   0.13994   0.13903   0.13812   0.13721   0.13631   0.13540   0.13449   0.13359   0.13268   0.13177   0.13086   0.12996   0.12905   0.12814   0.12724   0.12633   0.12542   0.12451   0.12361   0.12270   0.12179   0.12089   0.11998   0.11907   0.11816   0.11726   0.11635   0.11544   0.11454   0.11363   0.11272   0.11181   0.11091   0.11000   0.10909   0.10819   0.10728   0.10637   0.10546   0.10456
B55-04   3.36590   3.35496   3.34401   3.33307   3.32213   3.31119   3.30024   3.28930   3.27836   3.26741   3.25647   3.24553   3.23459   3.22364   3.21270   3.20176   3.19081   3.17987   3.16893   3.15799   3.14704   3.13610   3.12516   3.11421   3.10327   3.09233   3.08139   3.07044   3.05950   3.04856   3.03761   3.02667   3.01573   3.00479   2.99384   2.98290   2.97196   2.96101   2.95007   2.93913   2.92819   2.91724
B55-05   0.17743   0.17537   0.17330   0.17123   0.16917   0.16710   0.16503   0.16297   0.16090   0.15883   0.15677   0.15470   0.15263   0.15057   0.14850   0.14643   0.14437   0.14230   0.14023   0.13817   0.13610   0.13403   0.13197   0.12990   0.12783   0.12577   0.12370   0.12163   0.11957   0.11750   0.11543   0.11337   0.11130   0.10923   0.10717   0.10510   0.10303   0.10097   0.09890   0.09683   0.09477   0.09270
B55-07   2.11698   2.10815   2.09932   2.09049   2.08166   2.07283   2.06400   2.05517   2.04634   2.03750   2.02867   2.01984   2.01101   2.00218   1.99335   1.98452   1.97569   1.96686   1.95803   1.94920   1.94036   1.93153   1.92270   1.91387   1.90504   1.89621   1.88738   1.87855   1.86972   1.86089   1.85205   1.84322   1.83439   1.82556   1.81673   1.80790   1.79907   1.79024   1.78141   1.77258   1.76375   1.75491
B55-08   1.38185   1.37586   1.36986   1.36387   1.35788   1.35189   1.34589   1.33990   1.33391   1.32791   1.32192   1.31593   1.30994   1.30394   1.29795   1.29196   1.28596   1.27997   1.27398   1.26799   1.26199   1.25600   1.25001   1.24401   1.23802   1.23203   1.22604   1.22004   1.21405   1.20806   1.20206   1.19607   1.19008   1.18409   1.17809   1.17210   1.16611   1.16011   1.15412   1.14813   1.14214   1.13614
B55-09   1.18965   1.18166   1.17366   1.16567   1.15768   1.14969   1.14169   1.13370   1.12571   1.11771   1.10972   1.10173   1.09374   1.08574   1.07775   1.06976   1.06176   1.05377   1.04578   1.03779   1.02979   1.02180   1.01381   1.00581   0.99782   0.98983   0.98184   0.97384   0.96585   0.95786   0.94986   0.94187   0.93388   0.92589   0.91789   0.90990   0.90191   0.89391   0.88592   0.87793   0.86994   0.86194
B55-11   0.06398   0.06365   0.06332   0.06299   0.06266   0.06233   0.06200   0.06167   0.06134   0.06100   0.06067   0.06034   0.06001   0.05968   0.05935   0.05902   0.05869   0.05836   0.05803   0.05770   0.05736   0.05703   0.05670   0.05637   0.05604   0.05571   0.05538   0.05505   0.05472   0.05439   0.05405   0.05372   0.05339   0.05306   0.05273   0.05240   0.05207   0.05174   0.05141   0.05108   0.05075   0.05041
B55-12   1.40480   1.40209   1.39937   1.39666   1.39394   1.39123   1.38851   1.38580   1.38309   1.38037   1.37766   1.37494   1.37223   1.36951   1.36680   1.36409   1.36137   1.35866   1.35594   1.35323   1.35051   1.34780   1.34509   1.34237   1.33966   1.33694   1.33423   1.33151   1.32880   1.32609   1.32337   1.32066   1.31794   1.31523   1.31251   1.30980   1.30709   1.30437   1.30166   1.29894   1.29623   1.29351
B55-13   0.09377   0.09279   0.09181   0.09084   0.08986   0.08889   0.08791   0.08693   0.08596   0.08498   0.08400   0.08303   0.08205   0.08108   0.08010   0.07912   0.07815   0.07717   0.07620   0.07522   0.07424   0.07327   0.07229   0.07131   0.07034   0.06936   0.06839   0.06741   0.06643   0.06546   0.06448   0.06350   0.06253   0.06155   0.06058   0.05960   0.05862   0.05765   0.05667   0.05570   0.05472   0.05374
B55-14   0.72223   0.71451   0.70679   0.69906   0.69134   0.68361   0.67589   0.66817   0.66044   0.65272   0.64500   0.63727   0.62955   0.62182   0.61410   0.60638   0.59865   0.59093   0.58320   0.57548   0.56776   0.56003   0.55231   0.54459   0.53686   0.52914   0.52141   0.51369   0.50597   0.49824   0.49052   0.48280   0.47507   0.46735   0.45962   0.45190   0.44418   0.43645   0.42873   0.42100   0.41328   0.40556
B55-15   0.09438   0.09411   0.09384   0.09356   0.09329   0.09301   0.09274   0.09247   0.09219   0.09192   0.09165   0.09137   0.09110   0.09082   0.09055   0.09028   0.09000   0.08973   0.08945   0.08918   0.08891   0.08863   0.08836   0.08809   0.08781   0.08754   0.08726   0.08699   0.08672   0.08644   0.08617   0.08590   0.08562   0.08535   0.08507   0.08480   0.08453   0.08425   0.08398   0.08370   0.08343   0.08316
B55-16   1.13313   1.12465   1.11617   1.10769   1.09921   1.09073   1.08225   1.07377   1.06529   1.05680   1.04832   1.03984   1.03136   1.02288   1.01440   1.00592   0.99744   0.98896   0.98048   0.97200   0.96351   0.95503   0.94655   0.93807   0.92959   0.92111   0.91263   0.90415   0.89567   0.88719   0.87870   0.87022   0.86174   0.85326   0.84478   0.83630   0.82782   0.81934   0.81086   0.80238   0.79390   0.78541
B55-17   0.14860   0.14860   0.14860   0.14860   0.14860   0.14860   0.14860   0.14860   0.14860   0.14860   0.14860   0.14860   0.14860   0.14860   0.14860   0.14860   0.14860   0.14860   0.14860   0.14860   0.14860   0.14860   0.14860   0.14860   0.14860   0.14860   0.14860   0.14860   0.14860   0.14860   0.14860   0.14860   0.14860   0.14860   0.14860   0.14860   0.14860   0.14860   0.14860   0.14860   0.14860   0.14860
B55-18   4.94213   4.88887   4.83560   4.78233   4.72907   4.67580   4.62253   4.56927   4.51600   4.46273   4.40947   4.35620   4.30293   4.24967   4.19640   4.14313   4.08987   4.03660   3.98333   3.93007   3.87680   3.82353   3.77027   3.71700   3.66373   3.61047   3.55720   3.50393   3.45067   3.39740   3.34413   3.29087   3.23760   3.18433   3.13107   3.07780   3.02453   2.97127   2.91800   2.86473   2.81147   2.75820
B55-19   0.92300   0.92300   0.92300   0.92300   0.92300   0.92300   0.92300   0.92300   0.92300   0.92300   0.92300   0.92300   0.92300   0.92300   0.92300   0.92300   0.92300   0.92300   0.92300   0.92300   0.92300   0.92300   0.92300   0.92300   0.92300   0.92300   0.92300   0.92300   0.92300   0.92300   0.92300   0.92300   0.92300   0.92300   0.92300   0.92300   0.92300   0.92300   0.92300   0.92300   0.92300   0.92300
B55-24   0.12442   0.12299   0.12156   0.12014   0.11871   0.11729   0.11586   0.11443   0.11301   0.11158   0.11015   0.10873   0.10730   0.10588   0.10445   0.10302   0.10160   0.10017   0.09875   0.09732   0.09589   0.09447   0.09304   0.09161   0.09019   0.08876   0.08734   0.08591   0.08448   0.08306   0.08163   0.08020   0.07878   0.07735   0.07593   0.07450   0.07307   0.07165   0.07022   0.06880   0.06737   0.06594
B55-25   0.03266   0.03206   0.03145   0.03085   0.03024   0.02964   0.02903   0.02842   0.02782   0.02721   0.02661   0.02600   0.02540   0.02479   0.02419   0.02358   0.02298   0.02237   0.02176   0.02116   0.02055   0.01995   0.01934   0.01874   0.01813   0.01753   0.01692   0.01632   0.01571   0.01511   0.01450   0.01389   0.01329   0.01268   0.01208   0.01147   0.01087   0.01026   0.00966   0.00905   0.00845   0.00784
B55-28   0.05142   0.05055   0.04968   0.04881   0.04794   0.04707   0.04620   0.04533   0.04446   0.04360   0.04273   0.04186   0.04099   0.04012   0.03925   0.03838   0.03751   0.03664   0.03577   0.03490   0.03404   0.03317   0.03230   0.03143   0.03056   0.02969   0.02882   0.02795   0.02708   0.02621   0.02535   0.02448   0.02361   0.02274   0.02187   0.02100   0.02013   0.01926   0.01839   0.01752   0.01665   0.01579
B55-29   0.08718   0.08714   0.08709   0.08705   0.08700   0.08696   0.08691   0.08687   0.08682   0.08678   0.08673   0.08669   0.08664   0.08660   0.08655   0.08650   0.08646   0.08641   0.08637   0.08632   0.08628   0.08623   0.08619   0.08614   0.08610   0.08605   0.08601   0.08596   0.08592   0.08587   0.08583   0.08578   0.08574   0.08569   0.08565   0.08560   0.08555   0.08551   0.08546   0.08542   0.08537   0.08533
B55-34   0.05013   0.04908   0.04803   0.04698   0.04592   0.04487   0.04382   0.04277   0.04171   0.04066   0.03961   0.03856   0.03750   0.03645   0.03540   0.03435   0.03330   0.03224   0.03119   0.03014   0.02909   0.02803   0.02698   0.02593   0.02488   0.02382   0.02277   0.02172   0.02067   0.01961   0.01856   0.01751   0.01646   0.01540   0.01435   0.01330   0.01225   0.01120   0.01014   0.00909   0.00804   0.00699
B55-36   2.08348   2.06764   2.05179   2.03595   2.02010   2.00426   1.98841   1.97257   1.95672   1.94088   1.92503   1.90919   1.89334   1.87750   1.86165   1.84580   1.82996   1.81411   1.79827   1.78242   1.76658   1.75073   1.73489   1.71904   1.70320   1.68735   1.67151   1.65566   1.63982   1.62397   1.60813   1.59228   1.57644   1.56059   1.54475   1.52890   1.51305   1.49721   1.48136   1.46552   1.44967   1.43383
B55-37   0.72403   0.71657   0.70910   0.70163   0.69417   0.68670   0.67923   0.67177   0.66430   0.65683   0.64937   0.64190   0.63443   0.62697   0.61950   0.61203   0.60457   0.59710   0.58963   0.58217   0.57470   0.56723   0.55977   0.55230   0.54483   0.53737   0.52990   0.52243   0.51497   0.50750   0.50003   0.49257   0.48510   0.47763   0.47017   0.46270   0.45523   0.44777   0.44030   0.43283   0.42537   0.41790
B55-38   0.09115   0.09041   0.08968   0.08894   0.08821   0.08747   0.08674   0.08600   0.08526   0.08453   0.08379   0.08306   0.08232   0.08159   0.08085   0.08011   0.07938   0.07864   0.07791   0.07717   0.07644   0.07570   0.07496   0.07423   0.07349   0.07276   0.07202   0.07129   0.07055   0.06981   0.06908   0.06834   0.06761   0.06687   0.06614   0.06540   0.06466   0.06393   0.06319   0.06246   0.06172   0.06099
B55-39   0.41153   0.40730   0.40306   0.39882   0.39458   0.39034   0.38610   0.38187   0.37763   0.37339   0.36915   0.36491   0.36068   0.35644   0.35220   0.34796   0.34372   0.33949   0.33525   0.33101   0.32677   0.32253   0.31830   0.31406   0.30982   0.30558   0.30134   0.29710   0.29287   0.28863   0.28439   0.28015   0.27591   0.27168   0.26744   0.26320   0.25896   0.25472   0.25049   0.24625   0.24201   0.23777
B56-01   0.32553   0.32195   0.31837   0.31479   0.31121   0.30763   0.30405   0.30047   0.29689   0.29330   0.28972   0.28614   0.28256   0.27898   0.27540   0.27182   0.26824   0.26466   0.26108   0.25750   0.25391   0.25033   0.24675   0.24317   0.23959   0.23601   0.23243   0.22885   0.22527   0.22169   0.21810   0.21452   0.21094   0.20736   0.20378   0.20020   0.19662   0.19304   0.18946   0.18588   0.18230   0.17871
B56-03  17.82607  17.71300  17.59994  17.48688  17.37382  17.26076  17.14770  17.03463  16.92157  16.80851  16.69545  16.58239  16.46932  16.35626  16.24320  16.13014  16.01708  15.90401  15.79095  15.67789  15.56483  15.45177  15.33870  15.22564  15.11258  14.99952  14.88646  14.77340  14.66033  14.54727  14.43421  14.32115  14.20809  14.09502  13.98196  13.86890  13.75584  13.64278  13.52971  13.41665  13.30359  13.19053
B56-04   1.52087   1.49893   1.47700   1.45507   1.43313   1.41120   1.38927   1.36733   1.34540   1.32347   1.30153   1.27960   1.25767   1.23573   1.21380   1.19187   1.16993   1.14800   1.12607   1.10413   1.08220   1.06027   1.03833   1.01640   0.99447   0.97253   0.95060   0.92867   0.90673   0.88480   0.86287   0.84093   0.81900   0.79707   0.77513   0.75320   0.73127   0.70933   0.68740   0.66547   0.64353   0.62160
B56-07  55.01507  54.62142  54.22777  53.83412  53.44048  53.04683  52.65318  52.25953  51.86589  51.47224  51.07859  50.68494  50.29130  49.89765  49.50400  49.11035  48.71670  48.32306  47.92941  47.53576  47.14211  46.74847  46.35482  45.96117  45.56752  45.17388  44.78023  44.38658  43.99293  43.59929  43.20564  42.81199  42.41834  42.02470  41.63105  41.23740  40.84375  40.45010  40.05646  39.66281  39.26916  38.87551
B56-10   1.67472   1.66468   1.65464   1.64460   1.63455   1.62451   1.61447   1.60443   1.59439   1.58435   1.57431   1.56427   1.55423   1.54419   1.53415   1.52411   1.51407   1.50403   1.49399   1.48395   1.47391   1.46387   1.45383   1.44379   1.43375   1.42370   1.41366   1.40362   1.39358   1.38354   1.37350   1.36346   1.35342   1.34338   1.33334   1.32330   1.31326   1.30322   1.29318   1.28314   1.27310   1.26306
B56-11   0.06395   0.06361   0.06328   0.06294   0.06261   0.06227   0.06194   0.06160   0.06126   0.06093   0.06059   0.06026   0.05992   0.05959   0.05925   0.05891   0.05858   0.05824   0.05791   0.05757   0.05724   0.05690   0.05656   0.05623   0.05589   0.05556   0.05522   0.05489   0.05455   0.05421   0.05388   0.05354   0.05321   0.05287   0.05254   0.05220   0.05186   0.05153   0.05119   0.05086   0.05052   0.05019
B56-13   0.02390   0.02390   0.02390   0.02390   0.02390   0.02390   0.02390   0.02390   0.02390   0.02390   0.02390   0.02390   0.02390   0.02390   0.02390   0.02390   0.02390   0.02390   0.02390   0.02390   0.02390   0.02390   0.02390   0.02390   0.02390   0.02390   0.02390   0.02390   0.02390   0.02390   0.02390   0.02390   0.02390   0.02390   0.02390   0.02390   0.02390   0.02390   0.02390   0.02390   0.02390   0.02390
B56-14   2.34353   2.33654   2.32954   2.32255   2.31555   2.30856   2.30156   2.29457   2.28757   2.28058   2.27358   2.26659   2.25959   2.25260   2.24560   2.23860   2.23161   2.22461   2.21762   2.21062   2.20363   2.19663   2.18964   2.18264   2.17565   2.16865   2.16166   2.15466   2.14767   2.14067   2.13368   2.12668   2.11969   2.11269   2.10570   2.09870   2.09170   2.08471   2.07771   2.07072   2.06372   2.05673
B56-23   0.17277   0.16986   0.16696   0.16405   0.16115   0.15824   0.15534   0.15243   0.14953   0.14662   0.14372   0.14081   0.13791   0.13500   0.13210   0.12920   0.12629   0.12339   0.12048   0.11758   0.11467   0.11177   0.10886   0.10596   0.10305   0.10015   0.09724   0.09434   0.09143   0.08853   0.08562   0.08272   0.07981   0.07691   0.07400   0.07110   0.06820   0.06529   0.06239   0.05948   0.05658   0.05367
B56-24   0.24968   0.24588   0.24208   0.23828   0.23447   0.23067   0.22687   0.22307   0.21926   0.21546   0.21166   0.20786   0.20405   0.20025   0.19645   0.19265   0.18885   0.18504   0.18124   0.17744   0.17364   0.16983   0.16603   0.16223   0.15843   0.15462   0.15082   0.14702   0.14322   0.13941   0.13561   0.13181   0.12801   0.12420   0.12040   0.11660   0.11280   0.10900   0.10519   0.10139   0.09759   0.09379
B56-26   3.14643   3.11235   3.07827   3.04419   3.01011   2.97603   2.94195   2.90787   2.87379   2.83970   2.80562   2.77154   2.73746   2.70338   2.66930   2.63522   2.60114   2.56706   2.53298   2.49890   2.46481   2.43073   2.39665   2.36257   2.32849   2.29441   2.26033   2.22625   2.19217   2.15809   2.12400   2.08992   2.05584   2.02176   1.98768   1.95360   1.91952   1.88544   1.85136   1.81728   1.78320   1.74911
B56-28   9.63580   9.63580   9.63580   9.63580   9.63580   9.63580   9.63580   9.63580   9.63580   9.63580   9.63580   9.63580   9.63580   9.63580   9.63580   9.63580   9.63580   9.63580   9.63580   9.63580   9.63580   9.63580   9.63580   9.63580   9.63580   9.63580   9.63580   9.63580   9.63580   9.63580   9.63580   9.63580   9.63580   9.63580   9.63580   9.63580   9.63580   9.63580   9.63580   9.63580   9.63580   9.63580
B56-30   3.22367   3.20062   3.17757   3.15452   3.13148   3.10843   3.08538   3.06233   3.03929   3.01624   2.99319   2.97014   2.94710   2.92405   2.90100   2.87795   2.85490   2.83186   2.80881   2.78576   2.76271   2.73967   2.71662   2.69357   2.67052   2.64748   2.62443   2.60138   2.57833   2.55529   2.53224   2.50919   2.48614   2.46310   2.44005   2.41700   2.39395   2.37090   2.34786   2.32481   2.30176   2.27871
B56-31   5.11458   5.07747   5.04035   5.00323   4.96612   4.92900   4.89188   4.85477   4.81765   4.78053   4.74342   4.70630   4.66918   4.63207   4.59495   4.55783   4.52072   4.48360   4.44648   4.40937   4.37225   4.33513   4.29802   4.26090   4.22378   4.18667   4.14955   4.11243   4.07532   4.03820   4.00108   3.96397   3.92685   3.88973   3.85262   3.81550   3.77838   3.74127   3.70415   3.66703   3.62992   3.59280
B57-02   2.14200   2.12711   2.11223   2.09734   2.08246   2.06757   2.05269   2.03780   2.02291   2.00803   1.99314   1.97826   1.96337   1.94849   1.93360   1.91871   1.90383   1.88894   1.87406   1.85917   1.84429   1.82940   1.81451   1.79963   1.78474   1.76986   1.75497   1.74009   1.72520   1.71031   1.69543   1.68054   1.66566   1.65077   1.63589   1.62100   1.60611   1.59123   1.57634   1.56146   1.54657   1.53169
B57-04   0.01617   0.01615   0.01613   0.01611   0.01609   0.01607   0.01605   0.01603   0.01601   0.01600   0.01598   0.01596   0.01594   0.01592   0.01590   0.01588   0.01586   0.01584   0.01582   0.01580   0.01579   0.01577   0.01575   0.01573   0.01571   0.01569   0.01567   0.01565   0.01563   0.01561   0.01560   0.01558   0.01556   0.01554   0.01552   0.01550   0.01548   0.01546   0.01544   0.01542   0.01540   0.01539
B57-05  16.51852  16.47000  16.42149  16.37298  16.32447  16.27596  16.22745  16.17893  16.13042  16.08191  16.03340  15.98489  15.93637  15.88786  15.83935  15.79084  15.74233  15.69381  15.64530  15.59679  15.54828  15.49977  15.45125  15.40274  15.35423  15.30572  15.25721  15.20870  15.16018  15.11167  15.06316  15.01465  14.96614  14.91762  14.86911  14.82060  14.77209  14.72358  14.67506  14.62655  14.57804  14.52953
B57-06   0.19948   0.19941   0.19934   0.19926   0.19919   0.19911   0.19904   0.19897   0.19889   0.19882   0.19875   0.19867   0.19860   0.19852   0.19845   0.19838   0.19830   0.19823   0.19815   0.19808   0.19801   0.19793   0.19786   0.19779   0.19771   0.19764   0.19756   0.19749   0.19742   0.19734   0.19727   0.19720   0.19712   0.19705   0.19697   0.19690   0.19683   0.19675   0.19668   0.19660   0.19653   0.19646
B57-08   0.12710   0.12710   0.12710   0.12710   0.12710   0.12710   0.12710   0.12710   0.12710   0.12710   0.12710   0.12710   0.12710   0.12710   0.12710   0.12710   0.12710   0.12710   0.12710   0.12710   0.12710   0.12710   0.12710   0.12710   0.12710   0.12710   0.12710   0.12710   0.12710   0.12710   0.12710   0.12710   0.12710   0.12710   0.12710   0.12710   0.12710   0.12710   0.12710   0.12710   0.12710   0.12710
B57-10   2.48193   2.47355   2.46517   2.45679   2.44841   2.44003   2.43165   2.42327   2.41489   2.40650   2.39812   2.38974   2.38136   2.37298   2.36460   2.35622   2.34784   2.33946   2.33108   2.32270   2.31431   2.30593   2.29755   2.28917   2.28079   2.27241   2.26403   2.25565   2.24727   2.23889   2.23050   2.22212   2.21374   2.20536   2.19698   2.18860   2.18022   2.17184   2.16346   2.15508   2.14670   2.13831
B57-11   1.24860   1.24340   1.23820   1.23300   1.22780   1.22260   1.21740   1.21220   1.20700   1.20180   1.19660   1.19140   1.18620   1.18100   1.17580   1.17060   1.16540   1.16020   1.15500   1.14980   1.14460   1.13940   1.13420   1.12900   1.12380   1.11860   1.11340   1.10820   1.10300   1.09780   1.09260   1.08740   1.08220   1.07700   1.07180   1.06660   1.06140   1.05620   1.05100   1.04580   1.04060   1.03540
B57-12   0.45503   0.45191   0.44879   0.44566   0.44254   0.43941   0.43629   0.43317   0.43004   0.42692   0.42380   0.42067   0.41755   0.41442   0.41130   0.40818   0.40505   0.40193   0.39880   0.39568   0.39256   0.38943   0.38631   0.38319   0.38006   0.37694   0.37381   0.37069   0.36757   0.36444   0.36132   0.35820   0.35507   0.35195   0.34882   0.34570   0.34258   0.33945   0.33633   0.33320   0.33008   0.32696
B57-14   2.10310   2.09461   2.08613   2.07764   2.06915   2.06067   2.05218   2.04370   2.03521   2.02672   2.01824   2.00975   2.00127   1.99278   1.98429   1.97581   1.96732   1.95883   1.95035   1.94186   1.93338   1.92489   1.91640   1.90792   1.89943   1.89095   1.88246   1.87397   1.86549   1.85700   1.84852   1.84003   1.83154   1.82306   1.81457   1.80609   1.79760   1.78911   1.78063   1.77214   1.76366   1.75517
B57-15   0.02193   0.02185   0.02177   0.02169   0.02160   0.02152   0.02144   0.02136   0.02128   0.02120   0.02112   0.02103   0.02095   0.02087   0.02079   0.02071   0.02063   0.02055   0.02047   0.02038   0.02030   0.02022   0.02014   0.02006   0.01998   0.01990   0.01981   0.01973   0.01965   0.01957   0.01949   0.01941   0.01933   0.01924   0.01916   0.01908   0.01900   0.01892   0.01884   0.01876   0.01867   0.01859
B57-16   2.40848   2.39960   2.39073   2.38186   2.37298   2.36411   2.35523   2.34636   2.33748   2.32861   2.31973   2.31086   2.30199   2.29311   2.28424   2.27536   2.26649   2.25761   2.24874   2.23987   2.23099   2.22212   2.21324   2.20437   2.19549   2.18662   2.17774   2.16887   2.16000   2.15112   2.14225   2.13337   2.12450   2.11562   2.10675   2.09787   2.08900   2.08013   2.07125   2.06238   2.05350   2.04463
B57-19   1.02228   1.01654   1.01079   1.00505   0.99930   0.99356   0.98781   0.98207   0.97632   0.97058   0.96483   0.95909   0.95334   0.94760   0.94185   0.93610   0.93036   0.92461   0.91887   0.91312   0.90738   0.90163   0.89589   0.89014   0.88440   0.87865   0.87291   0.86716   0.86142   0.85567   0.84993   0.84418   0.83844   0.83269   0.82695   0.82120   0.81545   0.80971   0.80396   0.79822   0.79247   0.78673
B57-20   0.05450   0.05450   0.05450   0.05450   0.05450   0.05450   0.05450   0.05450   0.05450   0.05450   0.05450   0.05450   0.05450   0.05450   0.05450   0.05450   0.05450   0.05450   0.05450   0.05450   0.05450   0.05450   0.05450   0.05450   0.05450   0.05450   0.05450   0.05450   0.05450   0.05450   0.05450   0.05450   0.05450   0.05450   0.05450   0.05450   0.05450   0.05450   0.05450   0.05450   0.05450   0.05450
B57-21   0.01437   0.01436   0.01436   0.01435   0.01435   0.01434   0.01434   0.01433   0.01433   0.01432   0.01432   0.01431   0.01431   0.01430   0.01430   0.01430   0.01429   0.01429   0.01428   0.01428   0.01427   0.01427   0.01426   0.01426   0.01425   0.01425   0.01424   0.01424   0.01423   0.01423   0.01422   0.01422   0.01421   0.01421   0.01420   0.01420   0.01420   0.01419   0.01419   0.01418   0.01418   0.01417
B57-23   0.01850   0.01850   0.01850   0.01850   0.01850   0.01850   0.01850   0.01850   0.01850   0.01850   0.01850   0.01850   0.01850   0.01850   0.01850   0.01850   0.01850   0.01850   0.01850   0.01850   0.01850   0.01850   0.01850   0.01850   0.01850   0.01850   0.01850   0.01850   0.01850   0.01850   0.01850   0.01850   0.01850   0.01850   0.01850   0.01850   0.01850   0.01850   0.01850   0.01850   0.01850   0.01850
B57-24   0.02460   0.02460   0.02460   0.02460   0.02460   0.02460   0.02460   0.02460   0.02460   0.02460   0.02460   0.02460   0.02460   0.02460   0.02460   0.02460   0.02460   0.02460   0.02460   0.02460   0.02460   0.02460   0.02460   0.02460   0.02460   0.02460   0.02460   0.02460   0.02460   0.02460   0.02460   0.02460   0.02460   0.02460   0.02460   0.02460   0.02460   0.02460   0.02460   0.02460   0.02460   0.02460
B57-25   0.07011   0.06933   0.06855   0.06776   0.06698   0.06620   0.06541   0.06463   0.06384   0.06306   0.06228   0.06149   0.06071   0.05993   0.05914   0.05836   0.05757   0.05679   0.05601   0.05522   0.05444   0.05366   0.05287   0.05209   0.05130   0.05052   0.04974   0.04895   0.04817   0.04739   0.04660   0.04582   0.04503   0.04425   0.04347   0.04268   0.04190   0.04112   0.04033   0.03955   0.03877   0.03798
B57-27   0.08888   0.08792   0.08696   0.08600   0.08503   0.08407   0.08311   0.08215   0.08119   0.08023   0.07927   0.07831   0.07735   0.07639   0.07543   0.07447   0.07351   0.07255   0.07159   0.07063   0.06967   0.06871   0.06775   0.06679   0.06583   0.06487   0.06390   0.06294   0.06198   0.06102   0.06006   0.05910   0.05814   0.05718   0.05622   0.05526   0.05430   0.05334   0.05238   0.05142   0.05046   0.04950
B58-02   5.34217   5.31926   5.29636   5.27345   5.25055   5.22764   5.20474   5.18183   5.15893   5.13602   5.11312   5.09021   5.06731   5.04440   5.02150   4.99860   4.97569   4.95279   4.92988   4.90698   4.88407   4.86117   4.83826   4.81536   4.79245   4.76955   4.74664   4.72374   4.70083   4.67793   4.65502   4.63212   4.60921   4.58631   4.56340   4.54050   4.51760   4.49469   4.47179   4.44888   4.42598   4.40307
B58-04   2.10695   2.09669   2.08642   2.07616   2.06589   2.05563   2.04536   2.03510   2.02484   2.01457   2.00431   1.99404   1.98378   1.97351   1.96325   1.95299   1.94272   1.93246   1.92219   1.91193   1.90166   1.89140   1.88114   1.87087   1.86061   1.85034   1.84008   1.82981   1.81955   1.80929   1.79902   1.78876   1.77849   1.76823   1.75796   1.74770   1.73744   1.72717   1.71691   1.70664   1.69638   1.68611
B58-05   0.12287   0.12025   0.11763   0.11501   0.11239   0.10977   0.10715   0.10453   0.10191   0.09930   0.09668   0.09406   0.09144   0.08882   0.08620   0.08358   0.08096   0.07834   0.07572   0.07310   0.07049   0.06787   0.06525   0.06263   0.06001   0.05739   0.05477   0.05215   0.04953   0.04691   0.04430   0.04168   0.03906   0.03644   0.03382   0.03120   0.02858   0.02596   0.02334   0.02072   0.01810   0.01549
B58-06   0.51750   0.51384   0.51019   0.50653   0.50287   0.49921   0.49556   0.49190   0.48824   0.48459   0.48093   0.47727   0.47361   0.46996   0.46630   0.46264   0.45899   0.45533   0.45167   0.44801   0.44436   0.44070   0.43704   0.43339   0.42973   0.42607   0.42241   0.41876   0.41510   0.41144   0.40779   0.40413   0.40047   0.39681   0.39316   0.38950   0.38584   0.38219   0.37853   0.37487   0.37121   0.36756
B58-07   0.16840   0.16647   0.16454   0.16261   0.16069   0.15876   0.15683   0.15490   0.15297   0.15104   0.14911   0.14719   0.14526   0.14333   0.14140   0.13947   0.13754   0.13561   0.13369   0.13176   0.12983   0.12790   0.12597   0.12404   0.12211   0.12019   0.11826   0.11633   0.11440   0.11247   0.11054   0.10861   0.10669   0.10476   0.10283   0.10090   0.09897   0.09704   0.09511   0.09319   0.09126   0.08933
B58-08   4.70597   4.69083   4.67570   4.66057   4.64543   4.63030   4.61517   4.60003   4.58490   4.56977   4.55463   4.53950   4.52437   4.50923   4.49410   4.47897   4.46383   4.44870   4.43357   4.41843   4.40330   4.38817   4.37303   4.35790   4.34277   4.32763   4.31250   4.29737   4.28223   4.26710   4.25197   4.23683   4.22170   4.20657   4.19143   4.17630   4.16117   4.14603   4.13090   4.11577   4.10063   4.08550
B58-10   0.30180   0.29786   0.29391   0.28997   0.28603   0.28209   0.27814   0.27420   0.27026   0.26631   0.26237   0.25843   0.25449   0.25054   0.24660   0.24266   0.23871   0.23477   0.23083   0.22689   0.22294   0.21900   0.21506   0.21111   0.20717   0.20323   0.19929   0.19534   0.19140   0.18746   0.18351   0.17957   0.17563   0.17169   0.16774   0.16380   0.15986   0.15591   0.15197   0.14803   0.14409   0.14014
B58-11   0.17968   0.17794   0.17619   0.17445   0.17270   0.17096   0.16921   0.16747   0.16572   0.16398   0.16223   0.16049   0.15874   0.15700   0.15525   0.15350   0.15176   0.15001   0.14827   0.14652   0.14478   0.14303   0.14129   0.13954   0.13780   0.13605   0.13431   0.13256   0.13082   0.12907   0.12733   0.12558   0.12384   0.12209   0.12035   0.11860   0.11685   0.11511   0.11336   0.11162   0.10987   0.10813
B58-12   1.36122   1.35408   1.34694   1.33980   1.33265   1.32551   1.31837   1.31123   1.30409   1.29695   1.28981   1.28267   1.27553   1.26839   1.26125   1.25411   1.24697   1.23983   1.23269   1.22555   1.21841   1.21127   1.20413   1.19699   1.18985   1.18270   1.17556   1.16842   1.16128   1.15414   1.14700   1.13986   1.13272   1.12558   1.11844   1.11130   1.10416   1.09702   1.08988   1.08274   1.07560   1.06846
B58-13   0.31546   0.31347   0.31148   0.30949   0.30750   0.30551   0.30352   0.30153   0.29954   0.29755   0.29555   0.29356   0.29157   0.28958   0.28759   0.28560   0.28361   0.28162   0.27963   0.27764   0.27565   0.27365   0.27166   0.26967   0.26768   0.26569   0.26370   0.26171   0.25972   0.25773   0.25574   0.25375   0.25175   0.24976   0.24777   0.24578   0.24379   0.24180   0.23981   0.23782   0.23583   0.23384
B58-15   1.09639   1.08882   1.08125   1.07367   1.06610   1.05853   1.05095   1.04338   1.03581   1.02824   1.02066   1.01309   1.00552   0.99795   0.99037   0.98280   0.97523   0.96765   0.96008   0.95251   0.94494   0.93736   0.92979   0.92222   0.91465   0.90707   0.89950   0.89193   0.88435   0.87678   0.86921   0.86164   0.85406   0.84649   0.83892   0.83135   0.82377   0.81620   0.80863   0.80105   0.79348   0.78591
B58-16   0.42127   0.41431   0.40735   0.40039   0.39342   0.38646   0.37950   0.37254   0.36558   0.35862   0.35166   0.34470   0.33773   0.33077   0.32381   0.31685   0.30989   0.30293   0.29597   0.28900   0.28204   0.27508   0.26812   0.26116   0.25420   0.24724   0.24028   0.23331   0.22635   0.21939   0.21243   0.20547   0.19851   0.19155   0.18458   0.17762   0.17066   0.16370   0.15674   0.14978   0.14282   0.13585
B58-19   0.90402   0.89075   0.87749   0.86422   0.85095   0.83768   0.82441   0.81115   0.79788   0.78461   0.77134   0.75807   0.74480   0.73154   0.71827   0.70500   0.69173   0.67846   0.66520   0.65193   0.63866   0.62539   0.61212   0.59885   0.58559   0.57232   0.55905   0.54578   0.53251   0.51925   0.50598   0.49271   0.47944   0.46617   0.45290   0.43964   0.42637   0.41310   0.39983   0.38656   0.37330   0.36003
B58-26   0.30933   0.30800   0.30666   0.30532   0.30398   0.30264   0.30130   0.29997   0.29863   0.29729   0.29595   0.29461   0.29328   0.29194   0.29060   0.28926   0.28792   0.28659   0.28525   0.28391   0.28257   0.28123   0.27990   0.27856   0.27722   0.27588   0.27454   0.27320   0.27187   0.27053   0.26919   0.26785   0.26651   0.26518   0.26384   0.26250   0.26116   0.25982   0.25849   0.25715   0.25581   0.25447
B58-27   0.10872   0.10862   0.10852   0.10842   0.10833   0.10823   0.10813   0.10803   0.10794   0.10784   0.10774   0.10764   0.10755   0.10745   0.10735   0.10725   0.10715   0.10706   0.10696   0.10686   0.10676   0.10667   0.10657   0.10647   0.10637   0.10628   0.10618   0.10608   0.10598   0.10589   0.10579   0.10569   0.10559   0.10550   0.10540   0.10530   0.10520   0.10510   0.10501   0.10491   0.10481   0.10471
B58-28   0.12350   0.12350   0.12350   0.12350   0.12350   0.12350   0.12350   0.12350   0.12350   0.12350   0.12350   0.12350   0.12350   0.12350   0.12350   0.12350   0.12350   0.12350   0.12350   0.12350   0.12350   0.12350   0.12350   0.12350   0.12350   0.12350   0.12350   0.12350   0.12350   0.12350   0.12350   0.12350   0.12350   0.12350   0.12350   0.12350   0.12350   0.12350   0.12350   0.12350   0.12350   0.12350
B58-31   0.03894   0.03826   0.03758   0.03690   0.03623   0.03555   0.03487   0.03419   0.03351   0.03283   0.03215   0.03147   0.03079   0.03011   0.02943   0.02875   0.02807   0.02739   0.02671   0.02603   0.02535   0.02467   0.02399   0.02331   0.02263   0.02195   0.02128   0.02060   0.01992   0.01924   0.01856   0.01788   0.01720   0.01652   0.01584   0.01516   0.01448   0.01380   0.01312   0.01244   0.01176   0.01108
B60-02   0.10137   0.09986   0.09836   0.09685   0.09535   0.09385   0.09234   0.09084   0.08933   0.08783   0.08632   0.08482   0.08331   0.08181   0.08030   0.07880   0.07730   0.07579   0.07429   0.07278   0.07128   0.06977   0.06827   0.06676   0.06526   0.06375   0.06225   0.06075   0.05924   0.05774   0.05623   0.05473   0.05322   0.05172   0.05021   0.04871   0.04720   0.04570   0.04420   0.04269   0.04119   0.03968
B60-03   0.21764   0.21373   0.20982   0.20591   0.20200   0.19809   0.19418   0.19027   0.18636   0.18245   0.17855   0.17464   0.17073   0.16682   0.16291   0.15900   0.15509   0.15118   0.14727   0.14336   0.13945   0.13555   0.13164   0.12773   0.12382   0.11991   0.11600   0.11209   0.10818   0.10427   0.10036   0.09645   0.09255   0.08864   0.08473   0.08082   0.07691   0.07300   0.06909   0.06518   0.06127   0.05736
B60-04   0.05683   0.05594   0.05504   0.05415   0.05325   0.05235   0.05146   0.05056   0.04967   0.04877   0.04788   0.04698   0.04609   0.04519   0.04430   0.04340   0.04250   0.04161   0.04071   0.03982   0.03892   0.03803   0.03713   0.03624   0.03534   0.03445   0.03355   0.03265   0.03176   0.03086   0.02997   0.02907   0.02818   0.02728   0.02639   0.02549   0.02460   0.02370   0.02280   0.02191   0.02101   0.02012
B60-05   0.43223   0.42684   0.42144   0.41605   0.41065   0.40525   0.39986   0.39446   0.38907   0.38367   0.37828   0.37288   0.36749   0.36209   0.35670   0.35130   0.34590   0.34051   0.33511   0.32972   0.32432   0.31893   0.31353   0.30814   0.30274   0.29735   0.29195   0.28655   0.28116   0.27576   0.27037   0.26497   0.25958   0.25418   0.24879   0.24339   0.23800   0.23260   0.22720   0.22181   0.21641   0.21102
B60-06   0.34682   0.33860   0.33037   0.32215   0.31392   0.30570   0.29747   0.28925   0.28102   0.27280   0.26458   0.25635   0.24813   0.23990   0.23167   0.22345   0.21523   0.20700   0.19878   0.19055   0.18233   0.17410   0.16587   0.15765   0.14943   0.14120   0.13298   0.12475   0.11652   0.10830   0.10008   0.09185   0.08363   0.07540   0.06717   0.05895   0.05073   0.04250   0.03428   0.02605   0.01783   0.00960
B60-07   0.05146   0.05043   0.04939   0.04836   0.04732   0.04629   0.04526   0.04422   0.04319   0.04215   0.04112   0.04009   0.03905   0.03802   0.03698   0.03595   0.03492   0.03388   0.03285   0.03181   0.03078   0.02975   0.02871   0.02768   0.02664   0.02561   0.02458   0.02354   0.02251   0.02147   0.02044   0.01940   0.01837   0.01734   0.01630   0.01527   0.01423   0.01320   0.01217   0.01113   0.01010   0.00906
B60-08   0.19932   0.19672   0.19412   0.19152   0.18893   0.18633   0.18373   0.18113   0.17853   0.17594   0.17334   0.17074   0.16814   0.16555   0.16295   0.16035   0.15775   0.15515   0.15256   0.14996   0.14736   0.14476   0.14217   0.13957   0.13697   0.13437   0.13178   0.12918   0.12658   0.12398   0.12138   0.11879   0.11619   0.11359   0.11099   0.10840   0.10580   0.10320   0.10060   0.09800   0.09541   0.09281
B60-09  10.71160  10.71160  10.71160  10.71160  10.71160  10.71160  10.71160  10.71160  10.71160  10.71160  10.71160  10.71160  10.71160  10.71160  10.71160  10.71160  10.71160  10.71160  10.71160  10.71160  10.71160  10.71160  10.71160  10.71160  10.71160  10.71160  10.71160  10.71160  10.71160  10.71160  10.71160  10.71160  10.71160  10.71160  10.71160  10.71160  10.71160  10.71160  10.71160  10.71160  10.71160  10.71160
B60-10   0.09111   0.09047   0.08982   0.08918   0.08854   0.08790   0.08726   0.08661   0.08597   0.08533   0.08469   0.08405   0.08340   0.08276   0.08212   0.08148   0.08084   0.08020   0.07955   0.07891   0.07827   0.07763   0.07699   0.07634   0.07570   0.07506   0.07442   0.07378   0.07313   0.07249   0.07185   0.07121   0.07057   0.06993   0.06928   0.06864   0.06800   0.06736   0.06672   0.06607   0.06543   0.06479
B60-12   0.51956   0.51620   0.51283   0.50947   0.50611   0.50275   0.49938   0.49602   0.49266   0.48930   0.48593   0.48257   0.47921   0.47584   0.47248   0.46912   0.46576   0.46239   0.45903   0.45567   0.45230   0.44894   0.44558   0.44222   0.43885   0.43549   0.43213   0.42877   0.42540   0.42204   0.41868   0.41531   0.41195   0.40859   0.40523   0.40186   0.39850   0.39514   0.39177   0.38841   0.38505   0.38169
B60-13   0.12514   0.12301   0.12089   0.11877   0.11664   0.11452   0.11240   0.11027   0.10815   0.10603   0.10390   0.10178   0.09966   0.09753   0.09541   0.09329   0.09117   0.08904   0.08692   0.08480   0.08267   0.08055   0.07843   0.07630   0.07418   0.07206   0.06993   0.06781   0.06569   0.06356   0.06144   0.05932   0.05719   0.05507   0.05295   0.05082   0.04870   0.04658   0.04445   0.04233   0.04021   0.03808
B60-17   0.05272   0.05186   0.05101   0.05015   0.04930   0.04845   0.04759   0.04674   0.04588   0.04503   0.04417   0.04332   0.04246   0.04161   0.04075   0.03990   0.03905   0.03819   0.03734   0.03648   0.03563   0.03477   0.03392   0.03306   0.03221   0.03135   0.03050   0.02965   0.02879   0.02794   0.02708   0.02623   0.02537   0.02452   0.02366   0.02281   0.02195   0.02110   0.02025   0.01939   0.01854   0.01768
B60-23   0.29895   0.29737   0.29579   0.29421   0.29263   0.29105   0.28947   0.28789   0.28631   0.28473   0.28316   0.28158   0.28000   0.27842   0.27684   0.27526   0.27368   0.27210   0.27052   0.26894   0.26737   0.26579   0.26421   0.26263   0.26105   0.25947   0.25789   0.25631   0.25473   0.25315   0.25157   0.25000   0.24842   0.24684   0.24526   0.24368   0.24210   0.24052   0.23894   0.23736   0.23578   0.23420
B60-24   0.30326   0.30230   0.30133   0.30037   0.29941   0.29845   0.29748   0.29652   0.29556   0.29460   0.29363   0.29267   0.29171   0.29074   0.28978   0.28882   0.28786   0.28689   0.28593   0.28497   0.28400   0.28304   0.28208   0.28112   0.28015   0.27919   0.27823   0.27727   0.27630   0.27534   0.27438   0.27341   0.27245   0.27149   0.27053   0.26956   0.26860   0.26764   0.26667   0.26571   0.26475   0.26379
B61-02   0.22740   0.22372   0.22005   0.21638   0.21271   0.20903   0.20536   0.20169   0.19802   0.19435   0.19067   0.18700   0.18333   0.17966   0.17599   0.17231   0.16864   0.16497   0.16130   0.15763   0.15395   0.15028   0.14661   0.14294   0.13927   0.13559   0.13192   0.12825   0.12458   0.12090   0.11723   0.11356   0.10989   0.10622   0.10254   0.09887   0.09520   0.09153   0.08786   0.08418   0.08051   0.07684
B62-07   1.98608   1.97802   1.96996   1.96190   1.95383   1.94577   1.93771   1.92965   1.92159   1.91353   1.90547   1.89741   1.88935   1.88129   1.87323   1.86517   1.85711   1.84905   1.84099   1.83293   1.82487   1.81681   1.80875   1.80069   1.79263   1.78457   1.77650   1.76844   1.76038   1.75232   1.74426   1.73620   1.72814   1.72008   1.71202   1.70396   1.69590   1.68784   1.67978   1.67172   1.66366   1.65560
B62-08   1.51528   1.50880   1.50233   1.49586   1.48938   1.48291   1.47643   1.46996   1.46348   1.45701   1.45053   1.44406   1.43759   1.43111   1.42464   1.41816   1.41169   1.40521   1.39874   1.39227   1.38579   1.37932   1.37284   1.36637   1.35989   1.35342   1.34694   1.34047   1.33400   1.32752   1.32105   1.31457   1.30810   1.30162   1.29515   1.28867   1.28220   1.27573   1.26925   1.26278   1.25630   1.24983
B62-09   0.08495   0.08486   0.08476   0.08467   0.08458   0.08449   0.08439   0.08430   0.08421   0.08411   0.08402   0.08393   0.08384   0.08374   0.08365   0.08356   0.08346   0.08337   0.08328   0.08319   0.08309   0.08300   0.08291   0.08281   0.08272   0.08263   0.08254   0.08244   0.08235   0.08226   0.08216   0.08207   0.08198   0.08189   0.08179   0.08170   0.08161   0.08151   0.08142   0.08133   0.08124   0.08114
B62-10   6.20267   6.18135   6.16003   6.13871   6.11740   6.09608   6.07476   6.05344   6.03212   6.01080   5.98948   5.96817   5.94685   5.92553   5.90421   5.88289   5.86157   5.84025   5.81893   5.79762   5.77630   5.75498   5.73366   5.71234   5.69102   5.66970   5.64839   5.62707   5.60575   5.58443   5.56311   5.54179   5.52047   5.49916   5.47784   5.45652   5.43520   5.41388   5.39256   5.37124   5.34993   5.32861
B62-11   0.04332   0.04291   0.04250   0.04208   0.04167   0.04126   0.04085   0.04044   0.04003   0.03961   0.03920   0.03879   0.03838   0.03797   0.03756   0.03714   0.03673   0.03632   0.03591   0.03550   0.03509   0.03467   0.03426   0.03385   0.03344   0.03303   0.03262   0.03220   0.03179   0.03138   0.03097   0.03056   0.03015   0.02973   0.02932   0.02891   0.02850   0.02809   0.02768   0.02727   0.02685   0.02644
B62-12   0.05126   0.05020   0.04913   0.04807   0.04701   0.04595   0.04488   0.04382   0.04276   0.04170   0.04063   0.03957   0.03851   0.03744   0.03638   0.03532   0.03426   0.03319   0.03213   0.03107   0.03000   0.02894   0.02788   0.02682   0.02575   0.02469   0.02363   0.02257   0.02150   0.02044   0.01938   0.01831   0.01725   0.01619   0.01513   0.01406   0.01300   0.01194   0.01087   0.00981   0.00875   0.00769
B62-13   0.30204   0.30090   0.29977   0.29863   0.29749   0.29635   0.29522   0.29408   0.29294   0.29180   0.29067   0.28953   0.28839   0.28726   0.28612   0.28498   0.28384   0.28271   0.28157   0.28043   0.27930   0.27816   0.27702   0.27588   0.27475   0.27361   0.27247   0.27133   0.27020   0.26906   0.26792   0.26679   0.26565   0.26451   0.26337   0.26224   0.26110   0.25996   0.25883   0.25769   0.25655   0.25541
B62-16   0.08921   0.08775   0.08630   0.08484   0.08339   0.08193   0.08047   0.07902   0.07756   0.07611   0.07465   0.07320   0.07174   0.07028   0.06883   0.06737   0.06592   0.06446   0.06300   0.06155   0.06009   0.05864   0.05718   0.05573   0.05427   0.05281   0.05136   0.04990   0.04845   0.04699   0.04553   0.04408   0.04262   0.04117   0.03971   0.03826   0.03680   0.03534   0.03389   0.03243   0.03098   0.02952
B62-17   0.04287   0.04239   0.04191   0.04144   0.04096   0.04049   0.04001   0.03953   0.03906   0.03858   0.03810   0.03763   0.03715   0.03668   0.03620   0.03572   0.03525   0.03477   0.03430   0.03382   0.03334   0.03287   0.03239   0.03191   0.03144   0.03096   0.03049   0.03001   0.02953   0.02906   0.02858   0.02810   0.02763   0.02715   0.02668   0.02620   0.02572   0.02525   0.02477   0.02430   0.02382   0.02334
B63-01   0.12617   0.12446   0.12276   0.12105   0.11935   0.11764   0.11594   0.11423   0.11253   0.11083   0.10912   0.10742   0.10571   0.10401   0.10230   0.10060   0.09889   0.09719   0.09548   0.09378   0.09207   0.09037   0.08867   0.08696   0.08526   0.08355   0.08185   0.08014   0.07844   0.07673   0.07503   0.07332   0.07162   0.06991   0.06821   0.06650   0.06480   0.06310   0.06139   0.05969   0.05798   0.05628
B63-03   0.17417   0.17297   0.17178   0.17059   0.16940   0.16821   0.16702   0.16583   0.16464   0.16345   0.16226   0.16107   0.15988   0.15869   0.15750   0.15630   0.15511   0.15392   0.15273   0.15154   0.15035   0.14916   0.14797   0.14678   0.14559   0.14440   0.14321   0.14202   0.14083   0.13963   0.13844   0.13725   0.13606   0.13487   0.13368   0.13249   0.13130   0.13011   0.12892   0.12773   0.12654   0.12535
B63-05  15.32563  15.27366  15.22169  15.16973  15.11776  15.06579  15.01382  14.96186  14.90989  14.85792  14.80595  14.75399  14.70202  14.65005  14.59808  14.54612  14.49415  14.44218  14.39021  14.33825  14.28628  14.23431  14.18234  14.13038  14.07841  14.02644  13.97447  13.92251  13.87054  13.81857  13.76660  13.71464  13.66267  13.61070  13.55873  13.50677  13.45480  13.40283  13.35087  13.29890  13.24693  13.19496
B63-07   0.17797   0.17733   0.17668   0.17603   0.17539   0.17474   0.17410   0.17345   0.17280   0.17216   0.17151   0.17086   0.17022   0.16957   0.16892   0.16828   0.16763   0.16698   0.16634   0.16569   0.16504   0.16440   0.16375   0.16310   0.16246   0.16181   0.16117   0.16052   0.15987   0.15923   0.15858   0.15793   0.15729   0.15664   0.15599   0.15535   0.15470   0.15405   0.15341   0.15276   0.15211   0.15147
B63-09   0.03206   0.03156   0.03105   0.03055   0.03004   0.02954   0.02903   0.02852   0.02802   0.02751   0.02701   0.02650   0.02600   0.02549   0.02499   0.02448   0.02398   0.02347   0.02296   0.02246   0.02195   0.02145   0.02094   0.02044   0.01993   0.01943   0.01892   0.01842   0.01791   0.01741   0.01690   0.01639   0.01589   0.01538   0.01488   0.01437   0.01387   0.01336   0.01286   0.01235   0.01185   0.01134
B63-10   0.12527   0.12316   0.12106   0.11895   0.11685   0.11474   0.11264   0.11053   0.10843   0.10633   0.10422   0.10212   0.10001   0.09791   0.09580   0.09370   0.09159   0.08949   0.08738   0.08528   0.08317   0.08107   0.07897   0.07686   0.07476   0.07265   0.07055   0.06844   0.06634   0.06423   0.06213   0.06002   0.05792   0.05581   0.05371   0.05160   0.04950   0.04740   0.04529   0.04319   0.04108   0.03898
B63-13   0.02284   0.02280   0.02277   0.02273   0.02269   0.02265   0.02262   0.02258   0.02254   0.02250   0.02247   0.02243   0.02239   0.02236   0.02232   0.02228   0.02224   0.02221   0.02217   0.02213   0.02210   0.02206   0.02202   0.02198   0.02195   0.02191   0.02187   0.02183   0.02180   0.02176   0.02172   0.02169   0.02165   0.02161   0.02157   0.02154   0.02150   0.02146   0.02143   0.02139   0.02135   0.02131
B63-15   0.06540   0.06540   0.06540   0.06540   0.06540   0.06540   0.06540   0.06540   0.06540   0.06540   0.06540   0.06540   0.06540   0.06540   0.06540   0.06540   0.06540   0.06540   0.06540   0.06540   0.06540   0.06540   0.06540   0.06540   0.06540   0.06540   0.06540   0.06540   0.06540   0.06540   0.06540   0.06540   0.06540   0.06540   0.06540   0.06540   0.06540   0.06540   0.06540   0.06540   0.06540   0.06540
B63-17   0.14880   0.14880   0.14880   0.14880   0.14880   0.14880   0.14880   0.14880   0.14880   0.14880   0.14880   0.14880   0.14880   0.14880   0.14880   0.14880   0.14880   0.14880   0.14880   0.14880   0.14880   0.14880   0.14880   0.14880   0.14880   0.14880   0.14880   0.14880   0.14880   0.14880   0.14880   0.14880   0.14880   0.14880   0.14880   0.14880   0.14880   0.14880   0.14880   0.14880   0.14880   0.14880
B63-19   0.03130   0.03130   0.03130   0.03130   0.03130   0.03130   0.03130   0.03130   0.03130   0.03130   0.03130   0.03130   0.03130   0.03130   0.03130   0.03130   0.03130   0.03130   0.03130   0.03130   0.03130   0.03130   0.03130   0.03130   0.03130   0.03130   0.03130   0.03130   0.03130   0.03130   0.03130   0.03130   0.03130   0.03130   0.03130   0.03130   0.03130   0.03130   0.03130   0.03130   0.03130   0.03130
B63-20   0.02462   0.02421   0.02380   0.02339   0.02298   0.02257   0.02216   0.02175   0.02134   0.02093   0.02052   0.02011   0.01969   0.01928   0.01887   0.01846   0.01805   0.01764   0.01723   0.01682   0.01641   0.01600   0.01559   0.01518   0.01476   0.01435   0.01394   0.01353   0.01312   0.01271   0.01230   0.01189   0.01148   0.01107   0.01066   0.01025   0.00984   0.00942   0.00901   0.00860   0.00819   0.00778
B63-23   0.02703   0.02696   0.02689   0.02683   0.02676   0.02669   0.02662   0.02656   0.02649   0.02642   0.02635   0.02629   0.02622   0.02615   0.02608   0.02602   0.02595   0.02588   0.02581   0.02575   0.02568   0.02561   0.02554   0.02548   0.02541   0.02534   0.02527   0.02521   0.02514   0.02507   0.02500   0.02494   0.02487   0.02480   0.02473   0.02467   0.02460   0.02453   0.02447   0.02440   0.02433   0.02426
B64-02   5.64589   5.62807   5.61025   5.59244   5.57462   5.55680   5.53899   5.52117   5.50336   5.48554   5.46772   5.44991   5.43209   5.41427   5.39646   5.37864   5.36083   5.34301   5.32519   5.30738   5.28956   5.27174   5.25393   5.23611   5.21830   5.20048   5.18266   5.16485   5.14703   5.12921   5.11140   5.09358   5.07577   5.05795   5.04013   5.02232   5.00450   4.98668   4.96887   4.95105   4.93323   4.91542
B64-07   0.07600   0.07579   0.07557   0.07536   0.07515   0.07493   0.07472   0.07450   0.07429   0.07408   0.07386   0.07365   0.07343   0.07322   0.07301   0.07279   0.07258   0.07237   0.07215   0.07194   0.07172   0.07151   0.07130   0.07108   0.07087   0.07065   0.07044   0.07023   0.07001   0.06980   0.06958   0.06937   0.06916   0.06894   0.06873   0.06851   0.06830   0.06809   0.06787   0.06766   0.06744   0.06723
B72-02   0.12264   0.12069   0.11874   0.11679   0.11484   0.11289   0.11093   0.10898   0.10703   0.10508   0.10313   0.10118   0.09923   0.09728   0.09533   0.09337   0.09142   0.08947   0.08752   0.08557   0.08362   0.08167   0.07972   0.07777   0.07581   0.07386   0.07191   0.06996   0.06801   0.06606   0.06411   0.06216   0.06020   0.05825   0.05630   0.05435   0.05240   0.05045   0.04850   0.04655   0.04460   0.04264
B72-03   0.04190   0.04110   0.04030   0.03950   0.03870   0.03790   0.03710   0.03630   0.03550   0.03470   0.03390   0.03310   0.03230   0.03150   0.03070   0.02990   0.02910   0.02830   0.02750   0.02670   0.02590   0.02510   0.02430   0.02350   0.02270   0.02190   0.02110   0.02030   0.01950   0.01870   0.01790   0.01710   0.01630   0.01550   0.01470   0.01390   0.01310   0.01230   0.01150   0.01070   0.00990   0.00910
B72-04   0.16800   0.16521   0.16243   0.15964   0.15685   0.15407   0.15128   0.14850   0.14571   0.14292   0.14014   0.13735   0.13457   0.13178   0.12899   0.12621   0.12342   0.12063   0.11785   0.11506   0.11228   0.10949   0.10670   0.10392   0.10113   0.09835   0.09556   0.09277   0.08999   0.08720   0.08442   0.08163   0.07884   0.07606   0.07327   0.07049   0.06770   0.06491   0.06213   0.05934   0.05656   0.05377
B72-06   0.46972   0.46950   0.46927   0.46904   0.46882   0.46859   0.46837   0.46814   0.46792   0.46769   0.46747   0.46724   0.46701   0.46679   0.46656   0.46634   0.46611   0.46589   0.46566   0.46543   0.46521   0.46498   0.46476   0.46453   0.46431   0.46408   0.46386   0.46363   0.46340   0.46318   0.46295   0.46273   0.46250   0.46228   0.46205   0.46183   0.46160   0.46137   0.46115   0.46092   0.46070   0.46047
B72-07   1.35658   1.35082   1.34506   1.33930   1.33353   1.32777   1.32201   1.31625   1.31049   1.30473   1.29897   1.29321   1.28745   1.28169   1.27593   1.27017   1.26441   1.25865   1.25289   1.24713   1.24137   1.23561   1.22985   1.22409   1.21833   1.21257   1.20680   1.20104   1.19528   1.18952   1.18376   1.17800   1.17224   1.16648   1.16072   1.15496   1.14920   1.14344   1.13768   1.13192   1.12616   1.12040
B72-08   1.43265   1.42347   1.41429   1.40511   1.39593   1.38675   1.37757   1.36839   1.35921   1.35003   1.34086   1.33168   1.32250   1.31332   1.30414   1.29496   1.28578   1.27660   1.26742   1.25824   1.24907   1.23989   1.23071   1.22153   1.21235   1.20317   1.19399   1.18481   1.17563   1.16645   1.15727   1.14810   1.13892   1.12974   1.12056   1.11138   1.10220   1.09302   1.08384   1.07466   1.06548   1.05630
B72-09   0.73622   0.73496   0.73371   0.73245   0.73120   0.72994   0.72869   0.72743   0.72618   0.72492   0.72367   0.72241   0.72116   0.71990   0.71865   0.71740   0.71614   0.71489   0.71363   0.71238   0.71112   0.70987   0.70861   0.70736   0.70610   0.70485   0.70359   0.70234   0.70108   0.69983   0.69857   0.69732   0.69606   0.69481   0.69355   0.69230   0.69105   0.68979   0.68854   0.68728   0.68603   0.68477
B72-10   1.31460   1.30507   1.29554   1.28601   1.27649   1.26696   1.25743   1.24790   1.23837   1.22884   1.21931   1.20979   1.20026   1.19073   1.18120   1.17167   1.16214   1.15261   1.14309   1.13356   1.12403   1.11450   1.10497   1.09544   1.08591   1.07639   1.06686   1.05733   1.04780   1.03827   1.02874   1.01921   1.00969   1.00016   0.99063   0.98110   0.97157   0.96204   0.95251   0.94299   0.93346   0.92393
B72-11   9.76228   9.74270   9.72311   9.70352   9.68393   9.66434   9.64475   9.62517   9.60558   9.58599   9.56640   9.54681   9.52723   9.50764   9.48805   9.46846   9.44887   9.42929   9.40970   9.39011   9.37052   9.35093   9.33135   9.31176   9.29217   9.27258   9.25299   9.23340   9.21382   9.19423   9.17464   9.15505   9.13546   9.11588   9.09629   9.07670   9.05711   9.03752   9.01794   8.99835   8.97876   8.95917
B72-12   0.01880   0.01871   0.01863   0.01854   0.01846   0.01837   0.01829   0.01820   0.01811   0.01803   0.01794   0.01786   0.01777   0.01769   0.01760   0.01751   0.01743   0.01734   0.01726   0.01717   0.01709   0.01700   0.01691   0.01683   0.01674   0.01666   0.01657   0.01649   0.01640   0.01631   0.01623   0.01614   0.01606   0.01597   0.01589   0.01580   0.01571   0.01563   0.01554   0.01546   0.01537   0.01529
B72-13   0.06412   0.06345   0.06278   0.06211   0.06144   0.06077   0.06010   0.05943   0.05876   0.05810   0.05743   0.05676   0.05609   0.05542   0.05475   0.05408   0.05341   0.05274   0.05207   0.05140   0.05074   0.05007   0.04940   0.04873   0.04806   0.04739   0.04672   0.04605   0.04538   0.04471   0.04405   0.04338   0.04271   0.04204   0.04137   0.04070   0.04003   0.03936   0.03869   0.03802   0.03735   0.03669
B72-15  10.92255  10.89773  10.87291  10.84809  10.82326  10.79844  10.77362  10.74880  10.72398  10.69916  10.67434  10.64951  10.62469  10.59987  10.57505  10.55023  10.52541  10.50059  10.47576  10.45094  10.42612  10.40130  10.37648  10.35166  10.32684  10.30201  10.27719  10.25237  10.22755  10.20273  10.17791  10.15309  10.12826  10.10344  10.07862  10.05380  10.02898  10.00416   9.97934   9.95451   9.92969   9.90487
B72-16   0.36065   0.35771   0.35478   0.35184   0.34891   0.34597   0.34304   0.34010   0.33716   0.33423   0.33129   0.32836   0.32542   0.32249   0.31955   0.31661   0.31368   0.31074   0.30781   0.30487   0.30194   0.29900   0.29606   0.29313   0.29019   0.28726   0.28432   0.28139   0.27845   0.27551   0.27258   0.26964   0.26671   0.26377   0.26084   0.25790   0.25496   0.25203   0.24909   0.24616   0.24322   0.24029
B72-17   0.33347   0.33013   0.32678   0.32343   0.32009   0.31674   0.31340   0.31005   0.30670   0.30336   0.30001   0.29666   0.29332   0.28997   0.28662   0.28328   0.27993   0.27658   0.27324   0.26989   0.26654   0.26320   0.25985   0.25650   0.25316   0.24981   0.24647   0.24312   0.23977   0.23643   0.23308   0.22973   0.22639   0.22304   0.21969   0.21635   0.21300   0.20965   0.20631   0.20296   0.19961   0.19627
B72-18   0.06016   0.05920   0.05823   0.05727   0.05631   0.05535   0.05438   0.05342   0.05246   0.05150   0.05053   0.04957   0.04861   0.04764   0.04668   0.04572   0.04476   0.04379   0.04283   0.04187   0.04090   0.03994   0.03898   0.03802   0.03705   0.03609   0.03513   0.03417   0.03320   0.03224   0.03128   0.03031   0.02935   0.02839   0.02743   0.02646   0.02550   0.02454   0.02357   0.02261   0.02165   0.02069
B72-19   0.11186   0.11061   0.10936   0.10811   0.10686   0.10561   0.10437   0.10312   0.10187   0.10062   0.09937   0.09812   0.09687   0.09562   0.09437   0.09313   0.09188   0.09063   0.08938   0.08813   0.08688   0.08563   0.08438   0.08313   0.08189   0.08064   0.07939   0.07814   0.07689   0.07564   0.07439   0.07314   0.07190   0.07065   0.06940   0.06815   0.06690   0.06565   0.06440   0.06315   0.06190   0.06066
B72-21   0.02665   0.02653   0.02641   0.02629   0.02617   0.02605   0.02593   0.02581   0.02569   0.02557   0.02544   0.02532   0.02520   0.02508   0.02496   0.02484   0.02472   0.02460   0.02448   0.02436   0.02423   0.02411   0.02399   0.02387   0.02375   0.02363   0.02351   0.02339   0.02327   0.02315   0.02303   0.02290   0.02278   0.02266   0.02254   0.02242   0.02230   0.02218   0.02206   0.02194   0.02182   0.02170
B72-27   0.03023   0.03018   0.03013   0.03008   0.03002   0.02997   0.02992   0.02987   0.02981   0.02976   0.02971   0.02966   0.02960   0.02955   0.02950   0.02945   0.02940   0.02934   0.02929   0.02924   0.02919   0.02913   0.02908   0.02903   0.02898   0.02892   0.02887   0.02882   0.02877   0.02871   0.02866   0.02861   0.02856   0.02850   0.02845   0.02840   0.02835   0.02830   0.02824   0.02819   0.02814   0.02809
B72-29   0.06985   0.06876   0.06766   0.06657   0.06548   0.06438   0.06329   0.06220   0.06110   0.06001   0.05892   0.05783   0.05673   0.05564   0.05455   0.05345   0.05236   0.05127   0.05017   0.04908   0.04799   0.04690   0.04580   0.04471   0.04362   0.04252   0.04143   0.04034   0.03924   0.03815   0.03706   0.03597   0.03487   0.03378   0.03269   0.03159   0.03050   0.02941   0.02831   0.02722   0.02613   0.02503
B73-01   0.14893   0.14726   0.14559   0.14393   0.14226   0.14059   0.13892   0.13726   0.13559   0.13392   0.13225   0.13059   0.12892   0.12725   0.12558   0.12392   0.12225   0.12058   0.11891   0.11725   0.11558   0.11391   0.11224   0.11058   0.10891   0.10724   0.10557   0.10391   0.10224   0.10057   0.09890   0.09724   0.09557   0.09390   0.09223   0.09057   0.08890   0.08723   0.08557   0.08390   0.08223   0.08056
B73-04   0.17295   0.16864   0.16434   0.16003   0.15572   0.15141   0.14711   0.14280   0.13849   0.13419   0.12988   0.12557   0.12126   0.11696   0.11265   0.10834   0.10404   0.09973   0.09542   0.09111   0.08681   0.08250   0.07819   0.07389   0.06958   0.06527   0.06096   0.05666   0.05235   0.04804   0.04374   0.03943   0.03512   0.03081   0.02651   0.02220   0.01789   0.01359   0.00928   0.00497   0.00066   0.00000
B73-05   0.14338   0.14092   0.13846   0.13600   0.13355   0.13109   0.12863   0.12617   0.12371   0.12125   0.11879   0.11633   0.11387   0.11141   0.10895   0.10649   0.10403   0.10157   0.09911   0.09665   0.09419   0.09173   0.08927   0.08681   0.08435   0.08190   0.07944   0.07698   0.07452   0.07206   0.06960   0.06714   0.06468   0.06222   0.05976   0.05730   0.05484   0.05238   0.04992   0.04746   0.04500   0.04254
B73-06   0.20855   0.20691   0.20528   0.20364   0.20201   0.20037   0.19874   0.19710   0.19546   0.19383   0.19219   0.19056   0.18892   0.18729   0.18565   0.18401   0.18238   0.18074   0.17911   0.17747   0.17584   0.17420   0.17256   0.17093   0.16929   0.16766   0.16602   0.16439   0.16275   0.16111   0.15948   0.15784   0.15621   0.15457   0.15294   0.15130   0.14966   0.14803   0.14639   0.14476   0.14312   0.14149
B73-07   0.49912   0.49140   0.48369   0.47598   0.46827   0.46056   0.45285   0.44513   0.43742   0.42971   0.42200   0.41429   0.40657   0.39886   0.39115   0.38344   0.37573   0.36801   0.36030   0.35259   0.34488   0.33717   0.32945   0.32174   0.31403   0.30632   0.29861   0.29090   0.28318   0.27547   0.26776   0.26005   0.25234   0.24462   0.23691   0.22920   0.22149   0.21378   0.20606   0.19835   0.19064   0.18293
B73-08   0.23910   0.23504   0.23099   0.22693   0.22287   0.21881   0.21476   0.21070   0.20664   0.20259   0.19853   0.19447   0.19041   0.18636   0.18230   0.17824   0.17419   0.17013   0.16607   0.16201   0.15796   0.15390   0.14984   0.14579   0.14173   0.13767   0.13361   0.12956   0.12550   0.12144   0.11739   0.11333   0.10927   0.10521   0.10116   0.09710   0.09304   0.08899   0.08493   0.08087   0.07681   0.07276
B73-10   0.21047   0.20820   0.20594   0.20368   0.20142   0.19916   0.19690   0.19463   0.19237   0.19011   0.18785   0.18559   0.18332   0.18106   0.17880   0.17654   0.17428   0.17201   0.16975   0.16749   0.16523   0.16297   0.16070   0.15844   0.15618   0.15392   0.15166   0.14940   0.14713   0.14487   0.14261   0.14035   0.13809   0.13582   0.13356   0.13130   0.12904   0.12678   0.12451   0.12225   0.11999   0.11773
B73-11   0.14420   0.14104   0.13789   0.13473   0.13157   0.12841   0.12526   0.12210   0.11894   0.11579   0.11263   0.10947   0.10631   0.10316   0.10000   0.09684   0.09369   0.09053   0.08737   0.08421   0.08106   0.07790   0.07474   0.07159   0.06843   0.06527   0.06211   0.05896   0.05580   0.05264   0.04949   0.04633   0.04317   0.04001   0.03686   0.03370   0.03054   0.02739   0.02423   0.02107   0.01791   0.01476
B73-12   5.44625   5.39393   5.34161   5.28929   5.23696   5.18464   5.13232   5.08000   5.02768   4.97536   4.92304   4.87071   4.81839   4.76607   4.71375   4.66143   4.60911   4.55679   4.50446   4.45214   4.39982   4.34750   4.29518   4.24286   4.19054   4.13821   4.08589   4.03357   3.98125   3.92893   3.87661   3.82429   3.77196   3.71964   3.66732   3.61500   3.56268   3.51036   3.45804   3.40571   3.35339   3.30107
B73-13   0.21992   0.21848   0.21704   0.21560   0.21415   0.21271   0.21127   0.20983   0.20839   0.20695   0.20551   0.20407   0.20263   0.20119   0.19975   0.19831   0.19687   0.19543   0.19399   0.19255   0.19111   0.18967   0.18823   0.18679   0.18535   0.18390   0.18246   0.18102   0.17958   0.17814   0.17670   0.17526   0.17382   0.17238   0.17094   0.16950   0.16806   0.16662   0.16518   0.16374   0.16230   0.16086
B73-14   6.00378   5.97710   5.95041   5.92372   5.89703   5.87034   5.84365   5.81697   5.79028   5.76359   5.73690   5.71021   5.68353   5.65684   5.63015   5.60346   5.57677   5.55009   5.52340   5.49671   5.47002   5.44333   5.41665   5.38996   5.36327   5.33658   5.30989   5.28320   5.25652   5.22983   5.20314   5.17645   5.14976   5.12308   5.09639   5.06970   5.04301   5.01632   4.98964   4.96295   4.93626   4.90957
B73-15   1.43917   1.43468   1.43019   1.42570   1.42120   1.41671   1.41222   1.40773   1.40324   1.39875   1.39426   1.38977   1.38528   1.38079   1.37630   1.37181   1.36732   1.36283   1.35834   1.35385   1.34936   1.34487   1.34038   1.33589   1.33140   1.32690   1.32241   1.31792   1.31343   1.30894   1.30445   1.29996   1.29547   1.29098   1.28649   1.28200   1.27751   1.27302   1.26853   1.26404   1.25955   1.25506
B73-16   3.13090   3.12219   3.11347   3.10476   3.09605   3.08733   3.07862   3.06990   3.06119   3.05248   3.04376   3.03505   3.02633   3.01762   3.00891   3.00019   2.99148   2.98277   2.97405   2.96534   2.95662   2.94791   2.93920   2.93048   2.92177   2.91305   2.90434   2.89563   2.88691   2.87820   2.86948   2.86077   2.85206   2.84334   2.83463   2.82591   2.81720   2.80849   2.79977   2.79106   2.78234   2.77363
B73-20   0.18379   0.18013   0.17648   0.17282   0.16916   0.16550   0.16184   0.15819   0.15453   0.15087   0.14721   0.14355   0.13990   0.13624   0.13258   0.12892   0.12526   0.12160   0.11795   0.11429   0.11063   0.10697   0.10331   0.09966   0.09600   0.09234   0.08868   0.08502   0.08137   0.07771   0.07405   0.07039   0.06673   0.06307   0.05942   0.05576   0.05210   0.04844   0.04478   0.04113   0.03747   0.03381
B73-22   0.48676   0.47729   0.46781   0.45833   0.44886   0.43938   0.42990   0.42043   0.41095   0.40147   0.39200   0.38252   0.37304   0.36357   0.35409   0.34461   0.33513   0.32566   0.31618   0.30670   0.29723   0.28775   0.27827   0.26880   0.25932   0.24984   0.24037   0.23089   0.22141   0.21194   0.20246   0.19298   0.18351   0.17403   0.16455   0.15508   0.14560   0.13612   0.12665   0.11717   0.10769   0.09822
B73-24   0.78550   0.78550   0.78550   0.78550   0.78550   0.78550   0.78550   0.78550   0.78550   0.78550   0.78550   0.78550   0.78550   0.78550   0.78550   0.78550   0.78550   0.78550   0.78550   0.78550   0.78550   0.78550   0.78550   0.78550   0.78550   0.78550   0.78550   0.78550   0.78550   0.78550   0.78550   0.78550   0.78550   0.78550   0.78550   0.78550   0.78550   0.78550   0.78550   0.78550   0.78550   0.78550
B73-26   1.82379   1.81425   1.80470   1.79516   1.78561   1.77607   1.76653   1.75698   1.74744   1.73789   1.72835   1.71880   1.70926   1.69972   1.69017   1.68063   1.67108   1.66154   1.65200   1.64245   1.63291   1.62336   1.61382   1.60427   1.59473   1.58519   1.57564   1.56610   1.55655   1.54701   1.53747   1.52792   1.51838   1.50883   1.49929   1.48974   1.48020   1.47066   1.46111   1.45157   1.44202   1.43248
B73-27   0.03043   0.02995   0.02947   0.02899   0.02851   0.02803   0.02755   0.02707   0.02659   0.02610   0.02562   0.02514   0.02466   0.02418   0.02370   0.02322   0.02274   0.02226   0.02178   0.02130   0.02081   0.02033   0.01985   0.01937   0.01889   0.01841   0.01793   0.01745   0.01697   0.01649   0.01600   0.01552   0.01504   0.01456   0.01408   0.01360   0.01312   0.01264   0.01216   0.01168   0.01120   0.01071
B73-29   0.24408   0.24244   0.24079   0.23915   0.23750   0.23586   0.23421   0.23257   0.23092   0.22928   0.22763   0.22599   0.22434   0.22270   0.22105   0.21940   0.21776   0.21611   0.21447   0.21282   0.21118   0.20953   0.20789   0.20624   0.20460   0.20295   0.20131   0.19966   0.19802   0.19637   0.19473   0.19308   0.19144   0.18979   0.18815   0.18650   0.18485   0.18321   0.18156   0.17992   0.17827   0.17663
B73-30   0.20797   0.20598   0.20399   0.20200   0.20000   0.19801   0.19602   0.19403   0.19204   0.19005   0.18806   0.18607   0.18408   0.18209   0.18010   0.17811   0.17612   0.17413   0.17214   0.17015   0.16816   0.16617   0.16418   0.16219   0.16020   0.15820   0.15621   0.15422   0.15223   0.15024   0.14825   0.14626   0.14427   0.14228   0.14029   0.13830   0.13631   0.13432   0.13233   0.13034   0.12835   0.12636
B73-31   0.03373   0.03355   0.03337   0.03319   0.03301   0.03283   0.03265   0.03247   0.03229   0.03210   0.03192   0.03174   0.03156   0.03138   0.03120   0.03102   0.03084   0.03066   0.03048   0.03030   0.03011   0.02993   0.02975   0.02957   0.02939   0.02921   0.02903   0.02885   0.02867   0.02849   0.02830   0.02812   0.02794   0.02776   0.02758   0.02740   0.02722   0.02704   0.02686   0.02668   0.02650   0.02631
B73-33   0.30880   0.30791   0.30703   0.30614   0.30525   0.30437   0.30348   0.30260   0.30171   0.30082   0.29994   0.29905   0.29817   0.29728   0.29639   0.29551   0.29462   0.29373   0.29285   0.29196   0.29108   0.29019   0.28930   0.28842   0.28753   0.28665   0.28576   0.28487   0.28399   0.28310   0.28222   0.28133   0.28044   0.27956   0.27867   0.27779   0.27690   0.27601   0.27513   0.27424   0.27336   0.27247
B73-34   0.32051   0.31915   0.31780   0.31644   0.31509   0.31373   0.31237   0.31102   0.30966   0.30831   0.30695   0.30560   0.30424   0.30288   0.30153   0.30017   0.29882   0.29746   0.29610   0.29475   0.29339   0.29204   0.29068   0.28933   0.28797   0.28661   0.28526   0.28390   0.28255   0.28119   0.27983   0.27848   0.27712   0.27577   0.27441   0.27306   0.27170   0.27034   0.26899   0.26763   0.26628   0.26492
B73-37   0.07322   0.07270   0.07217   0.07164   0.07112   0.07059   0.07007   0.06954   0.06902   0.06849   0.06797   0.06744   0.06691   0.06639   0.06586   0.06534   0.06481   0.06429   0.06376   0.06323   0.06271   0.06218   0.06166   0.06113   0.06061   0.06008   0.05956   0.05903   0.05850   0.05798   0.05745   0.05693   0.05640   0.05588   0.05535   0.05483   0.05430   0.05377   0.05325   0.05272   0.05220   0.05167
B73-38   0.03820   0.03811   0.03803   0.03794   0.03785   0.03777   0.03768   0.03760   0.03751   0.03742   0.03734   0.03725   0.03717   0.03708   0.03699   0.03691   0.03682   0.03673   0.03665   0.03656   0.03648   0.03639   0.03630   0.03622   0.03613   0.03605   0.03596   0.03587   0.03579   0.03570   0.03562   0.03553   0.03544   0.03536   0.03527   0.03519   0.03510   0.03501   0.03493   0.03484   0.03476   0.03467
B74-01   0.19290   0.19290   0.19290   0.19290   0.19290   0.19290   0.19290   0.19290   0.19290   0.19290   0.19290   0.19290   0.19290   0.19290   0.19290   0.19290   0.19290   0.19290   0.19290   0.19290   0.19290   0.19290   0.19290   0.19290   0.19290   0.19290   0.19290   0.19290   0.19290   0.19290   0.19290   0.19290   0.19290   0.19290   0.19290   0.19290   0.19290   0.19290   0.19290   0.19290   0.19290   0.19290
B74-02   0.10274   0.10161   0.10049   0.09937   0.09824   0.09712   0.09600   0.09487   0.09375   0.09263   0.09150   0.09038   0.08926   0.08813   0.08701   0.08589   0.08477   0.08364   0.08252   0.08140   0.08027   0.07915   0.07803   0.07690   0.07578   0.07466   0.07353   0.07241   0.07129   0.07016   0.06904   0.06792   0.06679   0.06567   0.06455   0.06342   0.06230   0.06118   0.06005   0.05893   0.05781   0.05668
B74-04   0.07309   0.07255   0.07200   0.07146   0.07091   0.07037   0.06983   0.06928   0.06874   0.06819   0.06765   0.06710   0.06656   0.06602   0.06547   0.06493   0.06438   0.06384   0.06330   0.06275   0.06221   0.06166   0.06112   0.06057   0.06003   0.05949   0.05894   0.05840   0.05785   0.05731   0.05677   0.05622   0.05568   0.05513   0.05459   0.05404   0.05350   0.05296   0.05241   0.05187   0.05132   0.05078
B74-05   0.19290   0.18939   0.18587   0.18236   0.17885   0.17533   0.17182   0.16830   0.16479   0.16128   0.15776   0.15425   0.15073   0.14722   0.14371   0.14019   0.13668   0.13317   0.12965   0.12614   0.12262   0.11911   0.11560   0.11208   0.10857   0.10505   0.10154   0.09803   0.09451   0.09100   0.08748   0.08397   0.08046   0.07694   0.07343   0.06991   0.06640   0.06289   0.05937   0.05586   0.05234   0.04883
B74-08   4.38378   4.35959   4.33540   4.31122   4.28703   4.26284   4.23865   4.21446   4.19027   4.16609   4.14190   4.11771   4.09352   4.06933   4.04514   4.02096   3.99677   3.97258   3.94839   3.92420   3.90001   3.87583   3.85164   3.82745   3.80326   3.77907   3.75488   3.73070   3.70651   3.68232   3.65813   3.63394   3.60975   3.58557   3.56138   3.53719   3.51300   3.48881   3.46462   3.44043   3.41625   3.39206
B74-09   0.83933   0.83297   0.82662   0.82027   0.81391   0.80756   0.80120   0.79485   0.78850   0.78214   0.77579   0.76944   0.76308   0.75673   0.75038   0.74402   0.73767   0.73132   0.72496   0.71861   0.71226   0.70590   0.69955   0.69320   0.68684   0.68049   0.67413   0.66778   0.66143   0.65507   0.64872   0.64237   0.63601   0.62966   0.62331   0.61695   0.61060   0.60425   0.59789   0.59154   0.58519   0.57883
B74-11   1.80526   1.79092   1.77659   1.76225   1.74792   1.73358   1.71925   1.70491   1.69058   1.67624   1.66191   1.64757   1.63324   1.61890   1.60457   1.59023   1.57590   1.56156   1.54723   1.53289   1.51856   1.50422   1.48989   1.47555   1.46122   1.44688   1.43255   1.41821   1.40388   1.38954   1.37521   1.36087   1.34654   1.33220   1.31787   1.30353   1.28920   1.27487   1.26053   1.24620   1.23186   1.21753
B74-13   0.66537   0.65953   0.65368   0.64783   0.64199   0.63614   0.63030   0.62445   0.61860   0.61276   0.60691   0.60106   0.59522   0.58937   0.58352   0.57768   0.57183   0.56598   0.56014   0.55429   0.54844   0.54260   0.53675   0.53090   0.52506   0.51921   0.51337   0.50752   0.50167   0.49583   0.48998   0.48413   0.47829   0.47244   0.46659   0.46075   0.45490   0.44905   0.44321   0.43736   0.43151   0.42567
B74-14   0.43926   0.43522   0.43119   0.42715   0.42312   0.41908   0.41505   0.41101   0.40698   0.40294   0.39891   0.39487   0.39084   0.38680   0.38277   0.37873   0.37470   0.37066   0.36663   0.36259   0.35856   0.35452   0.35049   0.34645   0.34242   0.33838   0.33435   0.33031   0.32628   0.32224   0.31821   0.31417   0.31014   0.30610   0.30207   0.29803   0.29400   0.28997   0.28593   0.28190   0.27786   0.27383
B74-15   1.27819   1.26346   1.24873   1.23400   1.21927   1.20454   1.18981   1.17508   1.16035   1.14562   1.13089   1.11616   1.10143   1.08670   1.07197   1.05723   1.04250   1.02777   1.01304   0.99831   0.98358   0.96885   0.95412   0.93939   0.92466   0.90993   0.89520   0.88047   0.86574   0.85101   0.83628   0.82155   0.80682   0.79209   0.77736   0.76263   0.74790   0.73317   0.71844   0.70371   0.68898   0.67425
B74-17   0.33187   0.32955   0.32723   0.32491   0.32260   0.32028   0.31796   0.31564   0.31332   0.31100   0.30868   0.30637   0.30405   0.30173   0.29941   0.29709   0.29477   0.29245   0.29013   0.28782   0.28550   0.28318   0.28086   0.27854   0.27622   0.27390   0.27159   0.26927   0.26695   0.26463   0.26231   0.25999   0.25767   0.25536   0.25304   0.25072   0.24840   0.24608   0.24376   0.24144   0.23913   0.23681
B74-18   1.16182   1.15298   1.14414   1.13530   1.12647   1.11763   1.10879   1.09995   1.09111   1.08227   1.07343   1.06459   1.05575   1.04691   1.03807   1.02923   1.02039   1.01155   1.00271   0.99387   0.98503   0.97619   0.96735   0.95851   0.94967   0.94083   0.93200   0.92316   0.91432   0.90548   0.89664   0.88780   0.87896   0.87012   0.86128   0.85244   0.84360   0.83476   0.82592   0.81708   0.80824   0.79940
B74-20   0.07630   0.07498   0.07365   0.07232   0.07099   0.06967   0.06834   0.06701   0.06568   0.06435   0.06303   0.06170   0.06037   0.05904   0.05771   0.05639   0.05506   0.05373   0.05240   0.05107   0.04975   0.04842   0.04709   0.04576   0.04443   0.04311   0.04178   0.04045   0.03912   0.03780   0.03647   0.03514   0.03381   0.03248   0.03116   0.02983   0.02850   0.02717   0.02584   0.02452   0.02319   0.02186
B74-22   0.07782   0.07671   0.07560   0.07448   0.07337   0.07226   0.07115   0.07004   0.06893   0.06781   0.06670   0.06559   0.06448   0.06337   0.06226   0.06114   0.06003   0.05892   0.05781   0.05670   0.05559   0.05447   0.05336   0.05225   0.05114   0.05003   0.04892   0.04780   0.04669   0.04558   0.04447   0.04336   0.04225   0.04113   0.04002   0.03891   0.03780   0.03669   0.03558   0.03447   0.03335   0.03224
B74-23   0.15310   0.15220   0.15130   0.15040   0.14950   0.14860   0.14770   0.14680   0.14590   0.14500   0.14410   0.14320   0.14230   0.14140   0.14050   0.13960   0.13870   0.13780   0.13690   0.13600   0.13510   0.13420   0.13330   0.13240   0.13150   0.13060   0.12970   0.12880   0.12790   0.12700   0.12610   0.12520   0.12430   0.12340   0.12250   0.12160   0.12070   0.11980   0.11890   0.11800   0.11710   0.11620
B75-05   0.27418   0.27040   0.26663   0.26286   0.25908   0.25531   0.25153   0.24776   0.24398   0.24021   0.23643   0.23266   0.22889   0.22511   0.22134   0.21756   0.21379   0.21001   0.20624   0.20247   0.19869   0.19492   0.19114   0.18737   0.18359   0.17982   0.17604   0.17227   0.16850   0.16472   0.16095   0.15717   0.15340   0.14962   0.14585   0.14207   0.13830   0.13453   0.13075   0.12698   0.12320   0.11943
B75-06   1.76287   1.74416   1.72546   1.70675   1.68805   1.66934   1.65064   1.63193   1.61323   1.59453   1.57582   1.55712   1.53841   1.51971   1.50100   1.48230   1.46359   1.44489   1.42618   1.40748   1.38877   1.37007   1.35137   1.33266   1.31396   1.29525   1.27655   1.25784   1.23914   1.22043   1.20173   1.18302   1.16432   1.14561   1.12691   1.10820   1.08950   1.07080   1.05209   1.03339   1.01468   0.99598
B75-07   0.47245   0.46654   0.46064   0.45473   0.44882   0.44292   0.43701   0.43110   0.42520   0.41929   0.41338   0.40747   0.40157   0.39566   0.38975   0.38385   0.37794   0.37203   0.36613   0.36022   0.35431   0.34840   0.34250   0.33659   0.33068   0.32478   0.31887   0.31296   0.30706   0.30115   0.29524   0.28933   0.28343   0.27752   0.27161   0.26571   0.25980   0.25389   0.24799   0.24208   0.23617   0.23027
B75-09   0.45191   0.44914   0.44637   0.44360   0.44083   0.43806   0.43529   0.43252   0.42975   0.42698   0.42421   0.42144   0.41867   0.41590   0.41313   0.41037   0.40760   0.40483   0.40206   0.39929   0.39652   0.39375   0.39098   0.38821   0.38544   0.38267   0.37990   0.37713   0.37436   0.37159   0.36882   0.36605   0.36328   0.36051   0.35774   0.35497   0.35220   0.34943   0.34666   0.34389   0.34112   0.33835
B75-12   0.57620   0.57620   0.57620   0.57620   0.57620   0.57620   0.57620   0.57620   0.57620   0.57620   0.57620   0.57620   0.57620   0.57620   0.57620   0.57620   0.57620   0.57620   0.57620   0.57620   0.57620   0.57620   0.57620   0.57620   0.57620   0.57620   0.57620   0.57620   0.57620   0.57620   0.57620   0.57620   0.57620   0.57620   0.57620   0.57620   0.57620   0.57620   0.57620   0.57620   0.57620   0.57620
B82-02   0.23755   0.23247   0.22739   0.22231   0.21723   0.21215   0.20707   0.20199   0.19691   0.19183   0.18676   0.18168   0.17660   0.17152   0.16644   0.16136   0.15628   0.15120   0.14612   0.14104   0.13597   0.13089   0.12581   0.12073   0.11565   0.11057   0.10549   0.10041   0.09533   0.09025   0.08517   0.08010   0.07502   0.06994   0.06486   0.05978   0.05470   0.04962   0.04454   0.03946   0.03438   0.02930
B82-07   0.19497   0.19193   0.18888   0.18583   0.18279   0.17974   0.17670   0.17365   0.17060   0.16756   0.16451   0.16146   0.15842   0.15537   0.15232   0.14928   0.14623   0.14318   0.14014   0.13709   0.13404   0.13100   0.12795   0.12490   0.12186   0.11881   0.11577   0.11272   0.10967   0.10663   0.10358   0.10053   0.09749   0.09444   0.09139   0.08835   0.08530   0.08225   0.07921   0.07616   0.07311   0.07007
B82-08   0.24158   0.23930   0.23703   0.23476   0.23248   0.23021   0.22793   0.22566   0.22338   0.22111   0.21883   0.21656   0.21429   0.21201   0.20974   0.20746   0.20519   0.20291   0.20064   0.19837   0.19609   0.19382   0.19154   0.18927   0.18699   0.18472   0.18244   0.18017   0.17790   0.17562   0.17335   0.17107   0.16880   0.16652   0.16425   0.16197   0.15970   0.15743   0.15515   0.15288   0.15060   0.14833
B82-11   0.24721   0.24173   0.23625   0.23076   0.22528   0.21980   0.21431   0.20883   0.20334   0.19786   0.19238   0.18689   0.18141   0.17593   0.17044   0.16496   0.15947   0.15399   0.14851   0.14302   0.13754   0.13206   0.12657   0.12109   0.11560   0.11012   0.10464   0.09915   0.09367   0.08819   0.08270   0.07722   0.07173   0.06625   0.06077   0.05528   0.04980   0.04432   0.03883   0.03335   0.02787   0.02238
B82-12   0.03123   0.03086   0.03049   0.03013   0.02976   0.02939   0.02902   0.02866   0.02829   0.02792   0.02755   0.02719   0.02682   0.02645   0.02608   0.02572   0.02535   0.02498   0.02461   0.02425   0.02388   0.02351   0.02314   0.02278   0.02241   0.02204   0.02167   0.02131   0.02094   0.02057   0.02020   0.01984   0.01947   0.01910   0.01873   0.01837   0.01800   0.01763   0.01727   0.01690   0.01653   0.01616
B82-14   5.72511   5.70815   5.69120   5.67424   5.65729   5.64033   5.62337   5.60642   5.58946   5.57251   5.55555   5.53860   5.52164   5.50468   5.48773   5.47077   5.45382   5.43686   5.41990   5.40295   5.38599   5.36904   5.35208   5.33513   5.31817   5.30121   5.28426   5.26730   5.25035   5.23339   5.21643   5.19948   5.18252   5.16557   5.14861   5.13166   5.11470   5.09774   5.08079   5.06383   5.04688   5.02992
B82-18   0.77378   0.76860   0.76343   0.75826   0.75308   0.74791   0.74273   0.73756   0.73238   0.72721   0.72203   0.71686   0.71169   0.70651   0.70134   0.69616   0.69099   0.68581   0.68064   0.67547   0.67029   0.66512   0.65994   0.65477   0.64959   0.64442   0.63924   0.63407   0.62890   0.62372   0.61855   0.61337   0.60820   0.60302   0.59785   0.59267   0.58750   0.58233   0.57715   0.57198   0.56680   0.56163
B82-19   9.49268   9.42548   9.35828   9.29108   9.22387   9.15667   9.08947   9.02227   8.95507   8.88786   8.82066   8.75346   8.68626   8.61905   8.55185   8.48465   8.41745   8.35024   8.28304   8.21584   8.14864   8.08143   8.01423   7.94703   7.87983   7.81263   7.74542   7.67822   7.61102   7.54382   7.47661   7.40941   7.34221   7.27501   7.20780   7.14060   7.07340   7.00620   6.93900   6.87179   6.80459   6.73739
B82-21   0.08166   0.08082   0.07999   0.07915   0.07832   0.07748   0.07665   0.07581   0.07498   0.07414   0.07331   0.07247   0.07164   0.07080   0.06997   0.06913   0.06830   0.06746   0.06663   0.06579   0.06496   0.06412   0.06329   0.06245   0.06162   0.06078   0.05995   0.05911   0.05828   0.05744   0.05661   0.05577   0.05494   0.05410   0.05327   0.05243   0.05160   0.05077   0.04993   0.04910   0.04826   0.04743
B82-23   0.64686   0.63829   0.62971   0.62113   0.61256   0.60398   0.59540   0.58683   0.57825   0.56967   0.56110   0.55252   0.54394   0.53537   0.52679   0.51821   0.50963   0.50106   0.49248   0.48390   0.47533   0.46675   0.45817   0.44960   0.44102   0.43244   0.42387   0.41529   0.40671   0.39814   0.38956   0.38098   0.37241   0.36383   0.35525   0.34668   0.33810   0.32952   0.32095   0.31237   0.30379   0.29522
B82-25   0.03600   0.03600   0.03600   0.03600   0.03600   0.03600   0.03600   0.03600   0.03600   0.03600   0.03600   0.03600   0.03600   0.03600   0.03600   0.03600   0.03600   0.03600   0.03600   0.03600   0.03600   0.03600   0.03600   0.03600   0.03600   0.03600   0.03600   0.03600   0.03600   0.03600   0.03600   0.03600   0.03600   0.03600   0.03600   0.03600   0.03600   0.03600   0.03600   0.03600   0.03600   0.03600
B82-26   0.06075   0.06006   0.05936   0.05867   0.05798   0.05728   0.05659   0.05590   0.05520   0.05451   0.05382   0.05313   0.05243   0.05174   0.05105   0.05035   0.04966   0.04897   0.04827   0.04758   0.04689   0.04620   0.04550   0.04481   0.04412   0.04342   0.04273   0.04204   0.04134   0.04065   0.03996   0.03927   0.03857   0.03788   0.03719   0.03649   0.03580   0.03511   0.03441   0.03372   0.03303   0.03233
B82-27  15.98270  15.88868  15.79465  15.70063  15.60660  15.51258  15.41855  15.32453  15.23050  15.13648  15.04245  14.94843  14.85440  14.76038  14.66635  14.57233  14.47830  14.38428  14.29025  14.19623  14.10220  14.00818  13.91415  13.82013  13.72610  13.63208  13.53805  13.44403  13.35000  13.25598  13.16195  13.06793  12.97390  12.87988  12.78585  12.69183  12.59780  12.50377  12.40975  12.31572  12.22170  12.12767
B82-28   0.04545   0.04524   0.04504   0.04483   0.04462   0.04442   0.04421   0.04400   0.04380   0.04359   0.04338   0.04317   0.04297   0.04276   0.04255   0.04235   0.04214   0.04193   0.04173   0.04152   0.04131   0.04110   0.04090   0.04069   0.04048   0.04028   0.04007   0.03986   0.03966   0.03945   0.03924   0.03903   0.03883   0.03862   0.03841   0.03821   0.03800   0.03779   0.03759   0.03738   0.03717   0.03697
B82-30   1.14669   1.14015   1.13360   1.12706   1.12051   1.11397   1.10743   1.10088   1.09434   1.08779   1.08125   1.07470   1.06816   1.06162   1.05507   1.04853   1.04198   1.03544   1.02890   1.02235   1.01581   1.00926   1.00272   0.99617   0.98963   0.98309   0.97654   0.97000   0.96345   0.95691   0.95037   0.94382   0.93728   0.93073   0.92419   0.91764   0.91110   0.90456   0.89801   0.89147   0.88492   0.87838
B82-32   0.03488   0.03432   0.03376   0.03320   0.03263   0.03207   0.03151   0.03095   0.03039   0.02983   0.02927   0.02871   0.02815   0.02759   0.02703   0.02647   0.02591   0.02535   0.02479   0.02423   0.02367   0.02311   0.02255   0.02199   0.02143   0.02087   0.02030   0.01974   0.01918   0.01862   0.01806   0.01750   0.01694   0.01638   0.01582   0.01526   0.01470   0.01414   0.01358   0.01302   0.01246   0.01190
B82-33   1.01523   0.99437   0.97352   0.95267   0.93181   0.91096   0.89010   0.86925   0.84840   0.82754   0.80669   0.78584   0.76498   0.74413   0.72328   0.70242   0.68157   0.66072   0.63986   0.61901   0.59816   0.57730   0.55645   0.53560   0.51474   0.49389   0.47303   0.45218   0.43133   0.41047   0.38962   0.36877   0.34791   0.32706   0.30621   0.28535   0.26450   0.24365   0.22279   0.20194   0.18109   0.16023
B82-34   0.66155   0.65793   0.65431   0.65069   0.64707   0.64345   0.63983   0.63621   0.63259   0.62897   0.62534   0.62172   0.61810   0.61448   0.61086   0.60724   0.60362   0.60000   0.59638   0.59276   0.58913   0.58551   0.58189   0.57827   0.57465   0.57103   0.56741   0.56379   0.56017   0.55655   0.55293   0.54930   0.54568   0.54206   0.53844   0.53482   0.53120   0.52758   0.52396   0.52034   0.51672   0.51310
B82-35   0.04713   0.04645   0.04577   0.04509   0.04440   0.04372   0.04304   0.04236   0.04168   0.04100   0.04032   0.03963   0.03895   0.03827   0.03759   0.03691   0.03623   0.03555   0.03487   0.03418   0.03350   0.03282   0.03214   0.03146   0.03078   0.03010   0.02941   0.02873   0.02805   0.02737   0.02669   0.02601   0.02533   0.02464   0.02396   0.02328   0.02260   0.02192   0.02124   0.02056   0.01987   0.01919
B82-36   7.39147   7.35865   7.32583   7.29301   7.26020   7.22738   7.19456   7.16174   7.12892   7.09610   7.06328   7.03047   6.99765   6.96483   6.93201   6.89919   6.86637   6.83355   6.80073   6.76792   6.73510   6.70228   6.66946   6.63664   6.60382   6.57100   6.53819   6.50537   6.47255   6.43973   6.40691   6.37409   6.34127   6.30846   6.27564   6.24282   6.21000   6.17718   6.14436   6.11154   6.07873   6.04591
B82-38   0.44194   0.43749   0.43304   0.42859   0.42414   0.41969   0.41523   0.41078   0.40633   0.40188   0.39743   0.39298   0.38853   0.38408   0.37963   0.37517   0.37072   0.36627   0.36182   0.35737   0.35292   0.34847   0.34402   0.33957   0.33511   0.33066   0.32621   0.32176   0.31731   0.31286   0.30841   0.30396   0.29950   0.29505   0.29060   0.28615   0.28170   0.27725   0.27280   0.26835   0.26390   0.25944
B82-39   0.35966   0.35640   0.35313   0.34987   0.34661   0.34335   0.34008   0.33682   0.33356   0.33030   0.32703   0.32377   0.32051   0.31724   0.31398   0.31072   0.30746   0.30419   0.30093   0.29767   0.29440   0.29114   0.28788   0.28462   0.28135   0.27809   0.27483   0.27157   0.26830   0.26504   0.26178   0.25851   0.25525   0.25199   0.24873   0.24546   0.24220   0.23894   0.23567   0.23241   0.22915   0.22589
B82-40   0.05860   0.05840   0.05820   0.05800   0.05780   0.05760   0.05740   0.05720   0.05700   0.05680   0.05660   0.05640   0.05620   0.05600   0.05580   0.05560   0.05540   0.05520   0.05500   0.05480   0.05460   0.05440   0.05420   0.05400   0.05380   0.05360   0.05340   0.05320   0.05300   0.05280   0.05260   0.05240   0.05220   0.05200   0.05180   0.05160   0.05140   0.05120   0.05100   0.05080   0.05060   0.05040
B82-41   2.39394   2.38468   2.37541   2.36615   2.35688   2.34762   2.33835   2.32909   2.31982   2.31056   2.30129   2.29203   2.28276   2.27350   2.26423   2.25497   2.24570   2.23644   2.22717   2.21791   2.20864   2.19938   2.19011   2.18085   2.17158   2.16232   2.15305   2.14379   2.13452   2.12526   2.11599   2.10673   2.09746   2.08820   2.07893   2.06967   2.06040   2.05113   2.04187   2.03260   2.02334   2.01407
B82-42   0.34127   0.33923   0.33718   0.33513   0.33309   0.33104   0.32900   0.32695   0.32490   0.32286   0.32081   0.31876   0.31672   0.31467   0.31262   0.31058   0.30853   0.30648   0.30444   0.30239   0.30034   0.29830   0.29625   0.29420   0.29216   0.29011   0.28807   0.28602   0.28397   0.28193   0.27988   0.27783   0.27579   0.27374   0.27169   0.26965   0.26760   0.26555   0.26351   0.26146   0.25941   0.25737
B82-43   0.08206   0.08092   0.07979   0.07865   0.07752   0.07638   0.07525   0.07411   0.07298   0.07184   0.07071   0.06957   0.06844   0.06730   0.06617   0.06503   0.06390   0.06276   0.06163   0.06049   0.05936   0.05822   0.05709   0.05595   0.05482   0.05368   0.05255   0.05141   0.05028   0.04914   0.04801   0.04687   0.04574   0.04460   0.04347   0.04233   0.04120   0.04007   0.03893   0.03780   0.03666   0.03553
B82-44   0.39756   0.39372   0.38989   0.38605   0.38222   0.37838   0.37455   0.37071   0.36688   0.36304   0.35921   0.35537   0.35154   0.34770   0.34387   0.34003   0.33620   0.33236   0.32853   0.32469   0.32086   0.31702   0.31319   0.30935   0.30552   0.30168   0.29785   0.29401   0.29018   0.28634   0.28251   0.27867   0.27484   0.27100   0.26717   0.26333   0.25950   0.25567   0.25183   0.24800   0.24416   0.24033
B82-45   0.40970   0.40760   0.40550   0.40340   0.40130   0.39920   0.39710   0.39500   0.39290   0.39080   0.38870   0.38660   0.38450   0.38240   0.38030   0.37820   0.37610   0.37400   0.37190   0.36980   0.36770   0.36560   0.36350   0.36140   0.35930   0.35720   0.35510   0.35300   0.35090   0.34880   0.34670   0.34460   0.34250   0.34040   0.33830   0.33620   0.33410   0.33200   0.32990   0.32780   0.32570   0.32360
B82-47   0.02600   0.02588   0.02575   0.02562   0.02549   0.02537   0.02524   0.02511   0.02498   0.02485   0.02473   0.02460   0.02447   0.02434   0.02421   0.02409   0.02396   0.02383   0.02370   0.02357   0.02345   0.02332   0.02319   0.02306   0.02293   0.02281   0.02268   0.02255   0.02242   0.02230   0.02217   0.02204   0.02191   0.02178   0.02166   0.02153   0.02140   0.02127   0.02114   0.02102   0.02089   0.02076
B82-48   0.07160   0.07148   0.07135   0.07122   0.07109   0.07097   0.07084   0.07071   0.07058   0.07045   0.07033   0.07020   0.07007   0.06994   0.06981   0.06969   0.06956   0.06943   0.06930   0.06917   0.06905   0.06892   0.06879   0.06866   0.06853   0.06841   0.06828   0.06815   0.06802   0.06790   0.06777   0.06764   0.06751   0.06738   0.06726   0.06713   0.06700   0.06687   0.06674   0.06662   0.06649   0.06636
B82-51   0.07410   0.07410   0.07410   0.07410   0.07410   0.07410   0.07410   0.07410   0.07410   0.07410   0.07410   0.07410   0.07410   0.07410   0.07410   0.07410   0.07410   0.07410   0.07410   0.07410   0.07410   0.07410   0.07410   0.07410   0.07410   0.07410   0.07410   0.07410   0.07410   0.07410   0.07410   0.07410   0.07410   0.07410   0.07410   0.07410   0.07410   0.07410   0.07410   0.07410   0.07410   0.07410
B82-52   0.98916   0.96459   0.94001   0.91543   0.89086   0.86628   0.84170   0.81713   0.79255   0.76797   0.74340   0.71882   0.69424   0.66967   0.64509   0.62051   0.59593   0.57136   0.54678   0.52220   0.49763   0.47305   0.44847   0.42390   0.39932   0.37474   0.35017   0.32559   0.30101   0.27644   0.25186   0.22728   0.20271   0.17813   0.15355   0.12898   0.10440   0.07982   0.05525   0.03067   0.00609   0.00000
B82-53   0.05969   0.05866   0.05763   0.05660   0.05557   0.05454   0.05351   0.05248   0.05145   0.05042   0.04939   0.04836   0.04733   0.04630   0.04527   0.04423   0.04320   0.04217   0.04114   0.04011   0.03908   0.03805   0.03702   0.03599   0.03496   0.03393   0.03290   0.03187   0.03084   0.02981   0.02878   0.02775   0.02672   0.02569   0.02466   0.02363   0.02260   0.02157   0.02054   0.01951   0.01848   0.01745
B82-54   0.24505   0.23926   0.23346   0.22767   0.22188   0.21608   0.21029   0.20450   0.19870   0.19291   0.18712   0.18133   0.17553   0.16974   0.16395   0.15815   0.15236   0.14657   0.14077   0.13498   0.12919   0.12340   0.11760   0.11181   0.10602   0.10022   0.09443   0.08864   0.08284   0.07705   0.07126   0.06547   0.05967   0.05388   0.04809   0.04229   0.03650   0.03071   0.02491   0.01912   0.01333   0.00753
B83-03  15.98094  15.95241  15.92389  15.89537  15.86684  15.83832  15.80980  15.78127  15.75275  15.72423  15.69570  15.66718  15.63866  15.61013  15.58161  15.55309  15.52457  15.49604  15.46752  15.43900  15.41047  15.38195  15.35343  15.32490  15.29638  15.26786  15.23933  15.21081  15.18229  15.15376  15.12524  15.09672  15.06819  15.03967  15.01115  14.98262  14.95410  14.92558  14.89705  14.86853  14.84001  14.81148
B83-04   0.50480   0.50308   0.50135   0.49962   0.49789   0.49617   0.49444   0.49271   0.49098   0.48925   0.48753   0.48580   0.48407   0.48234   0.48061   0.47889   0.47716   0.47543   0.47370   0.47197   0.47025   0.46852   0.46679   0.46506   0.46333   0.46161   0.45988   0.45815   0.45642   0.45470   0.45297   0.45124   0.44951   0.44778   0.44606   0.44433   0.44260   0.44087   0.43914   0.43742   0.43569   0.43396
B83-06   0.57358   0.57132   0.56906   0.56680   0.56453   0.56227   0.56001   0.55775   0.55549   0.55323   0.55097   0.54871   0.54645   0.54419   0.54193   0.53967   0.53741   0.53515   0.53289   0.53063   0.52837   0.52611   0.52385   0.52159   0.51933   0.51707   0.51480   0.51254   0.51028   0.50802   0.50576   0.50350   0.50124   0.49898   0.49672   0.49446   0.49220   0.48994   0.48768   0.48542   0.48316   0.48090
B83-08   0.24920   0.24721   0.24523   0.24324   0.24125   0.23927   0.23728   0.23530   0.23331   0.23132   0.22934   0.22735   0.22537   0.22338   0.22139   0.21941   0.21742   0.21543   0.21345   0.21146   0.20948   0.20749   0.20550   0.20352   0.20153   0.19955   0.19756   0.19557   0.19359   0.19160   0.18962   0.18763   0.18564   0.18366   0.18167   0.17969   0.17770   0.17571   0.17373   0.17174   0.16976   0.16777
B83-09   0.97859   0.96856   0.95853   0.94850   0.93847   0.92844   0.91841   0.90838   0.89835   0.88832   0.87829   0.86826   0.85823   0.84820   0.83817   0.82813   0.81810   0.80807   0.79804   0.78801   0.77798   0.76795   0.75792   0.74789   0.73786   0.72783   0.71780   0.70777   0.69774   0.68771   0.67768   0.66765   0.65762   0.64759   0.63756   0.62753   0.61750   0.60747   0.59744   0.58741   0.57738   0.56735
B83-10   0.55885   0.55297   0.54709   0.54121   0.53533   0.52945   0.52357   0.51769   0.51181   0.50593   0.50006   0.49418   0.48830   0.48242   0.47654   0.47066   0.46478   0.45890   0.45302   0.44714   0.44127   0.43539   0.42951   0.42363   0.41775   0.41187   0.40599   0.40011   0.39423   0.38835   0.38247   0.37660   0.37072   0.36484   0.35896   0.35308   0.34720   0.34132   0.33544   0.32956   0.32368   0.31780
B83-15   1.54550   1.53638   1.52725   1.51812   1.50899   1.49987   1.49074   1.48161   1.47248   1.46335   1.45423   1.44510   1.43597   1.42684   1.41771   1.40859   1.39946   1.39033   1.38120   1.37207   1.36295   1.35382   1.34469   1.33556   1.32643   1.31731   1.30818   1.29905   1.28992   1.28080   1.27167   1.26254   1.25341   1.24428   1.23516   1.22603   1.21690   1.20777   1.19864   1.18952   1.18039   1.17126
B83-16   0.36710   0.35891   0.35073   0.34254   0.33435   0.32617   0.31798   0.30980   0.30161   0.29342   0.28524   0.27705   0.26887   0.26068   0.25249   0.24431   0.23612   0.22793   0.21975   0.21156   0.20338   0.19519   0.18700   0.17882   0.17063   0.16245   0.15426   0.14607   0.13789   0.12970   0.12152   0.11333   0.10514   0.09696   0.08877   0.08059   0.07240   0.06421   0.05603   0.04784   0.03966   0.03147
B83-17   0.07727   0.07545   0.07363   0.07181   0.07000   0.06818   0.06636   0.06454   0.06272   0.06090   0.05908   0.05727   0.05545   0.05363   0.05181   0.04999   0.04817   0.04635   0.04453   0.04272   0.04090   0.03908   0.03726   0.03544   0.03362   0.03180   0.02999   0.02817   0.02635   0.02453   0.02271   0.02089   0.01907   0.01726   0.01544   0.01362   0.01180   0.00998   0.00816   0.00634   0.00453   0.00271
B83-18   0.06425   0.06307   0.06189   0.06071   0.05953   0.05835   0.05717   0.05599   0.05481   0.05363   0.05246   0.05128   0.05010   0.04892   0.04774   0.04656   0.04538   0.04420   0.04302   0.04184   0.04067   0.03949   0.03831   0.03713   0.03595   0.03477   0.03359   0.03241   0.03123   0.03005   0.02887   0.02770   0.02652   0.02534   0.02416   0.02298   0.02180   0.02062   0.01944   0.01826   0.01708   0.01590
B84-02   0.06187   0.06106   0.06026   0.05945   0.05865   0.05784   0.05704   0.05623   0.05543   0.05463   0.05382   0.05302   0.05221   0.05141   0.05060   0.04980   0.04899   0.04819   0.04738   0.04658   0.04577   0.04497   0.04417   0.04336   0.04256   0.04175   0.04095   0.04014   0.03934   0.03853   0.03773   0.03692   0.03612   0.03531   0.03451   0.03370   0.03290   0.03210   0.03129   0.03049   0.02968   0.02888
B84-04   2.00384   1.99430   1.98477   1.97523   1.96569   1.95615   1.94662   1.93708   1.92754   1.91800   1.90847   1.89893   1.88939   1.87986   1.87032   1.86078   1.85124   1.84171   1.83217   1.82263   1.81310   1.80356   1.79402   1.78448   1.77495   1.76541   1.75587   1.74633   1.73680   1.72726   1.71772   1.70819   1.69865   1.68911   1.67957   1.67004   1.66050   1.65096   1.64143   1.63189   1.62235   1.61281
B84-08   0.16083   0.15845   0.15607   0.15369   0.15130   0.14892   0.14654   0.14416   0.14178   0.13940   0.13702   0.13463   0.13225   0.12987   0.12749   0.12511   0.12273   0.12035   0.11797   0.11558   0.11320   0.11082   0.10844   0.10606   0.10368   0.10130   0.09891   0.09653   0.09415   0.09177   0.08939   0.08701   0.08463   0.08224   0.07986   0.07748   0.07510   0.07272   0.07034   0.06796   0.06557   0.06319
B84-09   0.16788   0.16650   0.16513   0.16376   0.16238   0.16101   0.15963   0.15826   0.15688   0.15551   0.15413   0.15276   0.15139   0.15001   0.14864   0.14726   0.14589   0.14451   0.14314   0.14177   0.14039   0.13902   0.13764   0.13627   0.13489   0.13352   0.13214   0.13077   0.12940   0.12802   0.12665   0.12527   0.12390   0.12252   0.12115   0.11977   0.11840   0.11703   0.11565   0.11428   0.11290   0.11153
B84-11   1.02963   1.02673   1.02382   1.02091   1.01800   1.01509   1.01218   1.00927   1.00636   1.00345   1.00054   0.99763   0.99472   0.99181   0.98890   0.98600   0.98309   0.98018   0.97727   0.97436   0.97145   0.96854   0.96563   0.96272   0.95981   0.95690   0.95399   0.95108   0.94817   0.94527   0.94236   0.93945   0.93654   0.93363   0.93072   0.92781   0.92490   0.92199   0.91908   0.91617   0.91326   0.91035
B84-13   0.03878   0.03789   0.03700   0.03611   0.03522   0.03433   0.03344   0.03255   0.03166   0.03077   0.02988   0.02899   0.02811   0.02722   0.02633   0.02544   0.02455   0.02366   0.02277   0.02188   0.02099   0.02010   0.01921   0.01832   0.01744   0.01655   0.01566   0.01477   0.01388   0.01299   0.01210   0.01121   0.01032   0.00943   0.00854   0.00765   0.00676   0.00588   0.00499   0.00410   0.00321   0.00232
B84-15   2.31186   2.30400   2.29613   2.28827   2.28041   2.27255   2.26468   2.25682   2.24896   2.24110   2.23323   2.22537   2.21751   2.20964   2.20178   2.19392   2.18606   2.17819   2.17033   2.16247   2.15460   2.14674   2.13888   2.13102   2.12315   2.11529   2.10743   2.09957   2.09170   2.08384   2.07598   2.06811   2.06025   2.05239   2.04453   2.03666   2.02880   2.02094   2.01307   2.00521   1.99735   1.98949
B84-17   1.71374   1.70900   1.70427   1.69953   1.69479   1.69005   1.68532   1.68058   1.67584   1.67110   1.66637   1.66163   1.65689   1.65216   1.64742   1.64268   1.63794   1.63321   1.62847   1.62373   1.61900   1.61426   1.60952   1.60478   1.60005   1.59531   1.59057   1.58583   1.58110   1.57636   1.57162   1.56689   1.56215   1.55741   1.55267   1.54794   1.54320   1.53846   1.53373   1.52899   1.52425   1.51951
B84-18   0.02730   0.02700   0.02670   0.02640   0.02610   0.02580   0.02550   0.02520   0.02490   0.02460   0.02430   0.02400   0.02370   0.02340   0.02310   0.02280   0.02250   0.02220   0.02190   0.02160   0.02130   0.02100   0.02070   0.02040   0.02010   0.01980   0.01950   0.01920   0.01890   0.01860   0.01830   0.01800   0.01770   0.01740   0.01710   0.01680   0.01650   0.01620   0.01590   0.01560   0.01530   0.01500
B84-19   0.50661   0.49487   0.48312   0.47138   0.45964   0.44790   0.43616   0.42441   0.41267   0.40093   0.38919   0.37745   0.36570   0.35396   0.34222   0.33048   0.31874   0.30700   0.29525   0.28351   0.27177   0.26003   0.24829   0.23654   0.22480   0.21306   0.20132   0.18958   0.17783   0.16609   0.15435   0.14261   0.13087   0.11913   0.10738   0.09564   0.08390   0.07216   0.06042   0.04867   0.03693   0.02519
B84-20   0.57000   0.56731   0.56463   0.56194   0.55925   0.55657   0.55388   0.55120   0.54851   0.54582   0.54314   0.54045   0.53777   0.53508   0.53239   0.52971   0.52702   0.52433   0.52165   0.51896   0.51628   0.51359   0.51090   0.50822   0.50553   0.50285   0.50016   0.49747   0.49479   0.49210   0.48942   0.48673   0.48404   0.48136   0.47867   0.47599   0.47330   0.47061   0.46793   0.46524   0.46256   0.45987
B84-21   0.05074   0.05040   0.05007   0.04973   0.04939   0.04905   0.04872   0.04838   0.04804   0.04770   0.04737   0.04703   0.04669   0.04636   0.04602   0.04568   0.04534   0.04501   0.04467   0.04433   0.04400   0.04366   0.04332   0.04298   0.04265   0.04231   0.04197   0.04163   0.04130   0.04096   0.04062   0.04029   0.03995   0.03961   0.03927   0.03894   0.03860   0.03826   0.03793   0.03759   0.03725   0.03691
B84-22   0.16412   0.16221   0.16030   0.15838   0.15647   0.15456   0.15265   0.15074   0.14883   0.14691   0.14500   0.14309   0.14118   0.13927   0.13736   0.13544   0.13353   0.13162   0.12971   0.12780   0.12589   0.12397   0.12206   0.12015   0.11824   0.11633   0.11442   0.11250   0.11059   0.10868   0.10677   0.10486   0.10295   0.10103   0.09912   0.09721   0.09530   0.09339   0.09148   0.08957   0.08765   0.08574
B84-25   0.90305   0.88206   0.86106   0.84007   0.81908   0.79808   0.77709   0.75610   0.73510   0.71411   0.69312   0.67213   0.65113   0.63014   0.60915   0.58815   0.56716   0.54617   0.52517   0.50418   0.48319   0.46220   0.44120   0.42021   0.39922   0.37822   0.35723   0.33624   0.31524   0.29425   0.27326   0.25227   0.23127   0.21028   0.18929   0.16829   0.14730   0.12631   0.10531   0.08432   0.06333   0.04233
B85-01   0.64880   0.64229   0.63577   0.62926   0.62275   0.61623   0.60972   0.60320   0.59669   0.59018   0.58366   0.57715   0.57063   0.56412   0.55761   0.55109   0.54458   0.53807   0.53155   0.52504   0.51852   0.51201   0.50550   0.49898   0.49247   0.48595   0.47944   0.47293   0.46641   0.45990   0.45338   0.44687   0.44036   0.43384   0.42733   0.42081   0.41430   0.40779   0.40127   0.39476   0.38824   0.38173
B85-02   0.56683   0.54861   0.53038   0.51216   0.49393   0.47571   0.45748   0.43926   0.42104   0.40281   0.38459   0.36636   0.34814   0.32991   0.31169   0.29346   0.27524   0.25702   0.23879   0.22057   0.20234   0.18412   0.16589   0.14767   0.12945   0.11122   0.09300   0.07477   0.05655   0.03832   0.02010   0.00188   0.00000   0.00000   0.00000   0.00000   0.00000   0.00000   0.00000   0.00000   0.00000   0.00000
B85-04   1.61997   1.60737   1.59478   1.58219   1.56960   1.55701   1.54442   1.53183   1.51924   1.50665   1.49406   1.48147   1.46888   1.45629   1.44370   1.43110   1.41851   1.40592   1.39333   1.38074   1.36815   1.35556   1.34297   1.33038   1.31779   1.30520   1.29261   1.28002   1.26743   1.25483   1.24224   1.22965   1.21706   1.20447   1.19188   1.17929   1.16670   1.15411   1.14152   1.12893   1.11634   1.10375
B85-06   0.14489   0.14193   0.13898   0.13602   0.13306   0.13010   0.12714   0.12419   0.12123   0.11827   0.11531   0.11235   0.10940   0.10644   0.10348   0.10052   0.09756   0.09460   0.09165   0.08869   0.08573   0.08277   0.07981   0.07686   0.07390   0.07094   0.06798   0.06502   0.06207   0.05911   0.05615   0.05319   0.05023   0.04727   0.04432   0.04136   0.03840   0.03544   0.03248   0.02953   0.02657   0.02361
B85-07   2.31780   2.30721   2.29663   2.28604   2.27545   2.26487   2.25428   2.24370   2.23311   2.22252   2.21194   2.20135   2.19077   2.18018   2.16959   2.15901   2.14842   2.13783   2.12725   2.11666   2.10608   2.09549   2.08490   2.07432   2.06373   2.05315   2.04256   2.03197   2.02139   2.01080   2.00022   1.98963   1.97904   1.96846   1.95787   1.94729   1.93670   1.92611   1.91553   1.90494   1.89436   1.88377
B85-08   1.63694   1.62678   1.61661   1.60645   1.59628   1.58612   1.57595   1.56579   1.55562   1.54546   1.53529   1.52513   1.51496   1.50480   1.49463   1.48447   1.47430   1.46414   1.45397   1.44381   1.43364   1.42348   1.41331   1.40315   1.39298   1.38282   1.37265   1.36249   1.35232   1.34216   1.33199   1.32183   1.31166   1.30150   1.29133   1.28117   1.27100   1.26083   1.25067   1.24050   1.23034   1.22017
B85-11   0.51611   0.51234   0.50857   0.50480   0.50103   0.49726   0.49349   0.48972   0.48595   0.48218   0.47841   0.47464   0.47087   0.46710   0.46333   0.45957   0.45580   0.45203   0.44826   0.44449   0.44072   0.43695   0.43318   0.42941   0.42564   0.42187   0.41810   0.41433   0.41056   0.40679   0.40302   0.39925   0.39548   0.39171   0.38794   0.38417   0.38040   0.37663   0.37286   0.36909   0.36532   0.36155
B85-13   0.64545   0.64364   0.64184   0.64003   0.63822   0.63642   0.63461   0.63280   0.63100   0.62919   0.62738   0.62557   0.62377   0.62196   0.62015   0.61835   0.61654   0.61473   0.61293   0.61112   0.60931   0.60750   0.60570   0.60389   0.60208   0.60028   0.59847   0.59666   0.59486   0.59305   0.59124   0.58943   0.58763   0.58582   0.58401   0.58221   0.58040   0.57859   0.57679   0.57498   0.57317   0.57137
B85-14   0.05886   0.05799   0.05711   0.05623   0.05536   0.05448   0.05360   0.05273   0.05185   0.05097   0.05010   0.04922   0.04834   0.04747   0.04659   0.04571   0.04483   0.04396   0.04308   0.04220   0.04133   0.04045   0.03957   0.03870   0.03782   0.03694   0.03607   0.03519   0.03431   0.03344   0.03256   0.03168   0.03081   0.02993   0.02905   0.02818   0.02730   0.02642   0.02555   0.02467   0.02379   0.02292
B85-15   0.10089   0.09923   0.09758   0.09592   0.09426   0.09260   0.09094   0.08929   0.08763   0.08597   0.08431   0.08265   0.08100   0.07934   0.07768   0.07602   0.07436   0.07270   0.07105   0.06939   0.06773   0.06607   0.06441   0.06276   0.06110   0.05944   0.05778   0.05612   0.05447   0.05281   0.05115   0.04949   0.04783   0.04617   0.04452   0.04286   0.04120   0.03954   0.03788   0.03623   0.03457   0.03291
B85-16   7.60178   7.57640   7.55103   7.52566   7.50028   7.47491   7.44953   7.42416   7.39878   7.37341   7.34803   7.32266   7.29729   7.27191   7.24654   7.22116   7.19579   7.17041   7.14504   7.11967   7.09429   7.06892   7.04354   7.01817   6.99279   6.96742   6.94204   6.91667   6.89130   6.86592   6.84055   6.81517   6.78980   6.76442   6.73905   6.71367   6.68830   6.66293   6.63755   6.61218   6.58680   6.56143
B85-17   0.27049   0.26716   0.26383   0.26050   0.25717   0.25384   0.25051   0.24718   0.24385   0.24052   0.23719   0.23386   0.23053   0.22720   0.22387   0.22053   0.21720   0.21387   0.21054   0.20721   0.20388   0.20055   0.19722   0.19389   0.19056   0.18723   0.18390   0.18057   0.17724   0.17391   0.17058   0.16725   0.16392   0.16059   0.15726   0.15393   0.15060   0.14727   0.14394   0.14061   0.13728   0.13395
B85-18   0.44157   0.43163   0.42168   0.41173   0.40179   0.39184   0.38190   0.37195   0.36200   0.35206   0.34211   0.33216   0.32222   0.31227   0.30232   0.29238   0.28243   0.27248   0.26254   0.25259   0.24264   0.23270   0.22275   0.21280   0.20286   0.19291   0.18297   0.17302   0.16307   0.15313   0.14318   0.13323   0.12329   0.11334   0.10339   0.09345   0.08350   0.07355   0.06361   0.05366   0.04371   0.03377
B85-20   0.40417   0.40244   0.40071   0.39897   0.39724   0.39551   0.39378   0.39204   0.39031   0.38858   0.38685   0.38511   0.38338   0.38165   0.37992   0.37818   0.37645   0.37472   0.37299   0.37125   0.36952   0.36779   0.36606   0.36432   0.36259   0.36086   0.35913   0.35739   0.35566   0.35393   0.35220   0.35046   0.34873   0.34700   0.34527   0.34353   0.34180   0.34007   0.33833   0.33660   0.33487   0.33314
B85-21   0.10770   0.10692   0.10615   0.10538   0.10461   0.10383   0.10306   0.10229   0.10152   0.10075   0.09997   0.09920   0.09843   0.09766   0.09689   0.09611   0.09534   0.09457   0.09380   0.09303   0.09225   0.09148   0.09071   0.08994   0.08917   0.08839   0.08762   0.08685   0.08608   0.08530   0.08453   0.08376   0.08299   0.08222   0.08144   0.08067   0.07990   0.07913   0.07836   0.07758   0.07681   0.07604
B85-23   1.51471   1.50913   1.50355   1.49796   1.49238   1.48680   1.48121   1.47563   1.47004   1.46446   1.45888   1.45329   1.44771   1.44213   1.43654   1.43096   1.42537   1.41979   1.41421   1.40862   1.40304   1.39746   1.39187   1.38629   1.38070   1.37512   1.36954   1.36395   1.35837   1.35279   1.34720   1.34162   1.33603   1.33045   1.32487   1.31928   1.31370   1.30812   1.30253   1.29695   1.29137   1.28578
B85-27   0.15013   0.14817   0.14622   0.14427   0.14231   0.14036   0.13840   0.13645   0.13450   0.13254   0.13059   0.12864   0.12668   0.12473   0.12278   0.12082   0.11887   0.11692   0.11496   0.11301   0.11106   0.10910   0.10715   0.10520   0.10324   0.10129   0.09933   0.09738   0.09543   0.09347   0.09152   0.08957   0.08761   0.08566   0.08371   0.08175   0.07980   0.07785   0.07589   0.07394   0.07199   0.07003
B86-01   0.38034   0.37261   0.36489   0.35717   0.34944   0.34172   0.33400   0.32627   0.31855   0.31083   0.30310   0.29538   0.28766   0.27993   0.27221   0.26449   0.25677   0.24904   0.24132   0.23360   0.22587   0.21815   0.21043   0.20270   0.19498   0.18726   0.17953   0.17181   0.16409   0.15636   0.14864   0.14092   0.13319   0.12547   0.11775   0.11002   0.10230   0.09458   0.08685   0.07913   0.07141   0.06368
B86-03   0.03434   0.03398   0.03361   0.03325   0.03288   0.03252   0.03215   0.03179   0.03142   0.03106   0.03069   0.03033   0.02996   0.02960   0.02923   0.02887   0.02850   0.02814   0.02777   0.02741   0.02704   0.02668   0.02631   0.02595   0.02558   0.02522   0.02485   0.02449   0.02412   0.02376   0.02339   0.02303   0.02266   0.02230   0.02193   0.02157   0.02120   0.02083   0.02047   0.02010   0.01974   0.01937
B90-02   6.28777   6.27307   6.25838   6.24369   6.22900   6.21431   6.19962   6.18493   6.17024   6.15555   6.14086   6.12617   6.11148   6.09679   6.08210   6.06740   6.05271   6.03802   6.02333   6.00864   5.99395   5.97926   5.96457   5.94988   5.93519   5.92050   5.90581   5.89112   5.87643   5.86173   5.84704   5.83235   5.81766   5.80297   5.78828   5.77359   5.75890   5.74421   5.72952   5.71483   5.70014   5.68545
B90-03   0.09230   0.09120   0.09010   0.08900   0.08790   0.08680   0.08570   0.08460   0.08350   0.08240   0.08130   0.08020   0.07910   0.07800   0.07690   0.07580   0.07470   0.07360   0.07250   0.07140   0.07030   0.06920   0.06810   0.06700   0.06590   0.06480   0.06370   0.06260   0.06150   0.06040   0.05930   0.05820   0.05710   0.05600   0.05490   0.05380   0.05270   0.05160   0.05050   0.04940   0.04830   0.04720
B90-04   1.48010   1.48010   1.48010   1.48010   1.48010   1.48010   1.48010   1.48010   1.48010   1.48010   1.48010   1.48010   1.48010   1.48010   1.48010   1.48010   1.48010   1.48010   1.48010   1.48010   1.48010   1.48010   1.48010   1.48010   1.48010   1.48010   1.48010   1.48010   1.48010   1.48010   1.48010   1.48010   1.48010   1.48010   1.48010   1.48010   1.48010   1.48010   1.48010   1.48010   1.48010   1.48010
B90-05   0.40152   0.39701   0.39250   0.38798   0.38347   0.37896   0.37445   0.36994   0.36543   0.36091   0.35640   0.35189   0.34738   0.34287   0.33836   0.33384   0.32933   0.32482   0.32031   0.31580   0.31129   0.30677   0.30226   0.29775   0.29324   0.28873   0.28422   0.27970   0.27519   0.27068   0.26617   0.26166   0.25715   0.25263   0.24812   0.24361   0.23910   0.23459   0.23008   0.22557   0.22105   0.21654
B90-06   0.08701   0.08515   0.08330   0.08144   0.07959   0.07773   0.07587   0.07402   0.07216   0.07031   0.06845   0.06660   0.06474   0.06288   0.06103   0.05917   0.05732   0.05546   0.05360   0.05175   0.04989   0.04804   0.04618   0.04433   0.04247   0.04061   0.03876   0.03690   0.03505   0.03319   0.03133   0.02948   0.02762   0.02577   0.02391   0.02206   0.02020   0.01834   0.01649   0.01463   0.01278   0.01092
B92-03   0.46607   0.45836   0.45066   0.44295   0.43525   0.42754   0.41984   0.41213   0.40443   0.39673   0.38902   0.38132   0.37361   0.36591   0.35820   0.35050   0.34279   0.33509   0.32738   0.31968   0.31197   0.30427   0.29657   0.28886   0.28116   0.27345   0.26575   0.25804   0.25034   0.24263   0.23493   0.22722   0.21952   0.21181   0.20411   0.19640   0.18870   0.18100   0.17329   0.16559   0.15788   0.15018
B92-05   0.32280   0.31980   0.31680   0.31380   0.31080   0.30780   0.30480   0.30180   0.29880   0.29580   0.29280   0.28980   0.28680   0.28380   0.28080   0.27780   0.27480   0.27180   0.26880   0.26580   0.26280   0.25980   0.25680   0.25380   0.25080   0.24780   0.24480   0.24180   0.23880   0.23580   0.23280   0.22980   0.22680   0.22380   0.22080   0.21780   0.21480   0.21180   0.20880   0.20580   0.20280   0.19980
B92-06   0.07288   0.07240   0.07193   0.07146   0.07098   0.07051   0.07003   0.06956   0.06908   0.06861   0.06813   0.06766   0.06719   0.06671   0.06624   0.06576   0.06529   0.06481   0.06434   0.06387   0.06339   0.06292   0.06244   0.06197   0.06149   0.06102   0.06054   0.06007   0.05960   0.05912   0.05865   0.05817   0.05770   0.05722   0.05675   0.05627   0.05580   0.05533   0.05485   0.05438   0.05390   0.05343
B92-07   0.91700   0.90408   0.89115   0.87822   0.86529   0.85237   0.83944   0.82651   0.81358   0.80065   0.78773   0.77480   0.76187   0.74894   0.73601   0.72309   0.71016   0.69723   0.68430   0.67137   0.65845   0.64552   0.63259   0.61966   0.60673   0.59381   0.58088   0.56795   0.55502   0.54210   0.52917   0.51624   0.50331   0.49038   0.47746   0.46453   0.45160   0.43867   0.42574   0.41282   0.39989   0.38696
B92-09   0.13082   0.12781   0.12480   0.12178   0.11877   0.11576   0.11275   0.10974   0.10673   0.10371   0.10070   0.09769   0.09468   0.09167   0.08866   0.08564   0.08263   0.07962   0.07661   0.07360   0.07059   0.06757   0.06456   0.06155   0.05854   0.05553   0.05252   0.04950   0.04649   0.04348   0.04047   0.03746   0.03445   0.03143   0.02842   0.02541   0.02240   0.01939   0.01638   0.01337   0.01035   0.00734
B92-10   0.13717   0.13506   0.13296   0.13085   0.12875   0.12664   0.12454   0.12243   0.12033   0.11823   0.11612   0.11402   0.11191   0.10981   0.10770   0.10560   0.10349   0.10139   0.09928   0.09718   0.09507   0.09297   0.09087   0.08876   0.08666   0.08455   0.08245   0.08034   0.07824   0.07613   0.07403   0.07192   0.06982   0.06771   0.06561   0.06350   0.06140   0.05930   0.05719   0.05509   0.05298   0.05088
B92-12   0.03017   0.02993   0.02968   0.02943   0.02919   0.02894   0.02870   0.02845   0.02820   0.02796   0.02771   0.02746   0.02722   0.02697   0.02672   0.02648   0.02623   0.02598   0.02574   0.02549   0.02524   0.02500   0.02475   0.02450   0.02426   0.02401   0.02377   0.02352   0.02327   0.02303   0.02278   0.02253   0.02229   0.02204   0.02179   0.02155   0.02130   0.02105   0.02081   0.02056   0.02031   0.02007
B93-02   0.25869   0.25787   0.25705   0.25624   0.25542   0.25460   0.25379   0.25297   0.25216   0.25134   0.25052   0.24971   0.24889   0.24807   0.24726   0.24644   0.24563   0.24481   0.24399   0.24318   0.24236   0.24154   0.24073   0.23991   0.23910   0.23828   0.23746   0.23665   0.23583   0.23501   0.23420   0.23338   0.23257   0.23175   0.23093   0.23012   0.22930   0.22848   0.22767   0.22685   0.22603   0.22522
B93-03   0.21955   0.21814   0.21674   0.21533   0.21392   0.21252   0.21111   0.20970   0.20830   0.20689   0.20548   0.20407   0.20267   0.20126   0.19985   0.19845   0.19704   0.19563   0.19423   0.19282   0.19141   0.19000   0.18860   0.18719   0.18578   0.18438   0.18297   0.18156   0.18016   0.17875   0.17734   0.17593   0.17453   0.17312   0.17171   0.17031   0.16890   0.16749   0.16609   0.16468   0.16327   0.16187
B93-04   0.12667   0.12593   0.12518   0.12443   0.12369   0.12294   0.12220   0.12145   0.12070   0.11996   0.11921   0.11846   0.11772   0.11697   0.11622   0.11548   0.11473   0.11398   0.11324   0.11249   0.11174   0.11100   0.11025   0.10950   0.10876   0.10801   0.10727   0.10652   0.10577   0.10503   0.10428   0.10353   0.10279   0.10204   0.10129   0.10055   0.09980   0.09905   0.09831   0.09756   0.09681   0.09607
B93-06   0.72019   0.71656   0.71293   0.70930   0.70567   0.70204   0.69841   0.69478   0.69115   0.68752   0.68389   0.68026   0.67663   0.67300   0.66937   0.66573   0.66210   0.65847   0.65484   0.65121   0.64758   0.64395   0.64032   0.63669   0.63306   0.62943   0.62580   0.62217   0.61854   0.61491   0.61128   0.60765   0.60402   0.60039   0.59676   0.59313   0.58950   0.58587   0.58224   0.57861   0.57498   0.57135
B93-08   0.02983   0.02963   0.02942   0.02921   0.02900   0.02879   0.02858   0.02837   0.02816   0.02795   0.02774   0.02753   0.02732   0.02711   0.02690   0.02670   0.02649   0.02628   0.02607   0.02586   0.02565   0.02544   0.02523   0.02502   0.02481   0.02460   0.02439   0.02418   0.02397   0.02377   0.02356   0.02335   0.02314   0.02293   0.02272   0.02251   0.02230   0.02209   0.02188   0.02167   0.02146   0.02125
B94-01   0.13659   0.13547   0.13435   0.13324   0.13212   0.13100   0.12989   0.12877   0.12766   0.12654   0.12542   0.12431   0.12319   0.12207   0.12096   0.11984   0.11873   0.11761   0.11649   0.11538   0.11426   0.11314   0.11203   0.11091   0.10980   0.10868   0.10756   0.10645   0.10533   0.10421   0.10310   0.10198   0.10087   0.09975   0.09863   0.09752   0.09640   0.09528   0.09417   0.09305   0.09193   0.09082
B95-01   0.18715   0.18594   0.18474   0.18353   0.18232   0.18112   0.17991   0.17870   0.17750   0.17629   0.17508   0.17387   0.17267   0.17146   0.17025   0.16905   0.16784   0.16663   0.16543   0.16422   0.16301   0.16180   0.16060   0.15939   0.15818   0.15698   0.15577   0.15456   0.15336   0.15215   0.15094   0.14973   0.14853   0.14732   0.14611   0.14491   0.14370   0.14249   0.14129   0.14008   0.13887   0.13767
B95-02   0.03586   0.03581   0.03576   0.03571   0.03566   0.03562   0.03557   0.03552   0.03547   0.03542   0.03537   0.03532   0.03528   0.03523   0.03518   0.03513   0.03508   0.03503   0.03498   0.03494   0.03489   0.03484   0.03479   0.03474   0.03469   0.03464   0.03459   0.03455   0.03450   0.03445   0.03440   0.03435   0.03430   0.03425   0.03421   0.03416   0.03411   0.03406   0.03401   0.03396   0.03391   0.03386
B95-03   0.40254   0.39799   0.39344   0.38889   0.38434   0.37979   0.37523   0.37068   0.36613   0.36158   0.35703   0.35248   0.34793   0.34338   0.33883   0.33427   0.32972   0.32517   0.32062   0.31607   0.31152   0.30697   0.30242   0.29787   0.29331   0.28876   0.28421   0.27966   0.27511   0.27056   0.26601   0.26146   0.25690   0.25235   0.24780   0.24325   0.23870   0.23415   0.22960   0.22505   0.22050   0.21594
B95-05   0.03857   0.03836   0.03816   0.03795   0.03775   0.03754   0.03734   0.03713   0.03693   0.03673   0.03652   0.03632   0.03611   0.03591   0.03570   0.03550   0.03529   0.03509   0.03488   0.03468   0.03447   0.03427   0.03407   0.03386   0.03366   0.03345   0.03325   0.03304   0.03284   0.03263   0.03243   0.03222   0.03202   0.03181   0.03161   0.03140   0.03120   0.03100   0.03079   0.03059   0.03038   0.03018
B95-06   0.08771   0.08595   0.08420   0.08244   0.08069   0.07893   0.07717   0.07542   0.07366   0.07191   0.07015   0.06840   0.06664   0.06488   0.06313   0.06137   0.05962   0.05786   0.05610   0.05435   0.05259   0.05084   0.04908   0.04733   0.04557   0.04381   0.04206   0.04030   0.03855   0.03679   0.03503   0.03328   0.03152   0.02977   0.02801   0.02626   0.02450   0.02274   0.02099   0.01923   0.01748   0.01572
B95-07   0.11283   0.11145   0.11007   0.10869   0.10730   0.10592   0.10454   0.10316   0.10178   0.10040   0.09902   0.09763   0.09625   0.09487   0.09349   0.09211   0.09073   0.08935   0.08797   0.08658   0.08520   0.08382   0.08244   0.08106   0.07968   0.07830   0.07691   0.07553   0.07415   0.07277   0.07139   0.07001   0.06863   0.06724   0.06586   0.06448   0.06310   0.06172   0.06034   0.05896   0.05757   0.05619
B95-08   0.29617   0.29267   0.28918   0.28569   0.28220   0.27871   0.27522   0.27173   0.26824   0.26475   0.26126   0.25777   0.25428   0.25079   0.24730   0.24380   0.24031   0.23682   0.23333   0.22984   0.22635   0.22286   0.21937   0.21588   0.21239   0.20890   0.20541   0.20192   0.19843   0.19493   0.19144   0.18795   0.18446   0.18097   0.17748   0.17399   0.17050   0.16701   0.16352   0.16003   0.15654   0.15305
B95-09   1.00854   1.00119   0.99384   0.98649   0.97914   0.97179   0.96443   0.95708   0.94973   0.94238   0.93503   0.92768   0.92033   0.91298   0.90563   0.89827   0.89092   0.88357   0.87622   0.86887   0.86152   0.85417   0.84682   0.83947   0.83211   0.82476   0.81741   0.81006   0.80271   0.79536   0.78801   0.78066   0.77330   0.76595   0.75860   0.75125   0.74390   0.73655   0.72920   0.72185   0.71450   0.70714
B95-10   0.10501   0.10295   0.10090   0.09884   0.09679   0.09473   0.09267   0.09062   0.08856   0.08651   0.08445   0.08240   0.08034   0.07828   0.07623   0.07417   0.07212   0.07006   0.06800   0.06595   0.06389   0.06184   0.05978   0.05773   0.05567   0.05361   0.05156   0.04950   0.04745   0.04539   0.04333   0.04128   0.03922   0.03717   0.03511   0.03306   0.03100   0.02894   0.02689   0.02483   0.02278   0.02072
B95-11   0.02746   0.02719   0.02691   0.02663   0.02636   0.02608   0.02580   0.02553   0.02525   0.02497   0.02470   0.02442   0.02414   0.02387   0.02359   0.02331   0.02303   0.02276   0.02248   0.02220   0.02193   0.02165   0.02137   0.02110   0.02082   0.02054   0.02027   0.01999   0.01971   0.01944   0.01916   0.01888   0.01861   0.01833   0.01805   0.01778   0.01750   0.01722   0.01695   0.01667   0.01639   0.01612
B95-13   0.03310   0.03247   0.03184   0.03121   0.03059   0.02996   0.02933   0.02870   0.02807   0.02744   0.02681   0.02619   0.02556   0.02493   0.02430   0.02367   0.02304   0.02241   0.02179   0.02116   0.02053   0.01990   0.01927   0.01864   0.01801   0.01739   0.01676   0.01613   0.01550   0.01487   0.01424   0.01361   0.01299   0.01236   0.01173   0.01110   0.01047   0.00984   0.00921   0.00859   0.00796   0.00733
B95-15   0.04108   0.04088   0.04068   0.04048   0.04027   0.04007   0.03987   0.03967   0.03947   0.03926   0.03906   0.03886   0.03866   0.03845   0.03825   0.03805   0.03785   0.03764   0.03744   0.03724   0.03704   0.03683   0.03663   0.03643   0.03623   0.03603   0.03582   0.03562   0.03542   0.03522   0.03501   0.03481   0.03461   0.03441   0.03420   0.03400   0.03380   0.03360   0.03340   0.03319   0.03299   0.03279
B95-16   0.01325   0.01317   0.01309   0.01301   0.01293   0.01285   0.01277   0.01269   0.01261   0.01253   0.01246   0.01238   0.01230   0.01222   0.01214   0.01206   0.01198   0.01190   0.01182   0.01174   0.01167   0.01159   0.01151   0.01143   0.01135   0.01127   0.01119   0.01111   0.01103   0.01095   0.01087   0.01080   0.01072   0.01064   0.01056   0.01048   0.01040   0.01032   0.01024   0.01016   0.01008   0.01000
B95-19   0.12682   0.12538   0.12394   0.12250   0.12107   0.11963   0.11819   0.11675   0.11531   0.11387   0.11243   0.11099   0.10955   0.10811   0.10667   0.10523   0.10379   0.10235   0.10091   0.09947   0.09803   0.09659   0.09515   0.09371   0.09227   0.09083   0.08940   0.08796   0.08652   0.08508   0.08364   0.08220   0.08076   0.07932   0.07788   0.07644   0.07500   0.07356   0.07212   0.07068   0.06924   0.06780
B95-21   0.06238   0.06085   0.05932   0.05779   0.05625   0.05472   0.05319   0.05166   0.05013   0.04860   0.04707   0.04553   0.04400   0.04247   0.04094   0.03941   0.03788   0.03635   0.03481   0.03328   0.03175   0.03022   0.02869   0.02716   0.02563   0.02409   0.02256   0.02103   0.01950   0.01797   0.01644   0.01491   0.01337   0.01184   0.01031   0.00878   0.00725   0.00572   0.00419   0.00265   0.00112   0.00000
C00-06   0.09582   0.09478   0.09374   0.09270   0.09165   0.09061   0.08957   0.08853   0.08749   0.08645   0.08541   0.08437   0.08333   0.08229   0.08125   0.08021   0.07917   0.07813   0.07709   0.07605   0.07501   0.07397   0.07293   0.07189   0.07085   0.06980   0.06876   0.06772   0.06668   0.06564   0.06460   0.06356   0.06252   0.06148   0.06044   0.05940   0.05836   0.05732   0.05628   0.05524   0.05420   0.05316
C00-07   0.12037   0.11952   0.11867   0.11782   0.11698   0.11613   0.11528   0.11443   0.11359   0.11274   0.11189   0.11104   0.11020   0.10935   0.10850   0.10765   0.10680   0.10596   0.10511   0.10426   0.10341   0.10257   0.10172   0.10087   0.10002   0.09918   0.09833   0.09748   0.09663   0.09579   0.09494   0.09409   0.09324   0.09240   0.09155   0.09070   0.08985   0.08900   0.08816   0.08731   0.08646   0.08561
C00-08   1.33853   1.33725   1.33597   1.33469   1.33341   1.33213   1.33085   1.32957   1.32829   1.32700   1.32572   1.32444   1.32316   1.32188   1.32060   1.31932   1.31804   1.31676   1.31548   1.31420   1.31291   1.31163   1.31035   1.30907   1.30779   1.30651   1.30523   1.30395   1.30267   1.30139   1.30010   1.29882   1.29754   1.29626   1.29498   1.29370   1.29242   1.29114   1.28986   1.28858   1.28730   1.28601
C00-09   0.09680   0.09590   0.09500   0.09410   0.09320   0.09230   0.09140   0.09050   0.08960   0.08870   0.08780   0.08690   0.08600   0.08510   0.08420   0.08330   0.08240   0.08150   0.08060   0.07970   0.07880   0.07790   0.07700   0.07610   0.07520   0.07430   0.07340   0.07250   0.07160   0.07070   0.06980   0.06890   0.06800   0.06710   0.06620   0.06530   0.06440   0.06350   0.06260   0.06170   0.06080   0.05990
C00-11   0.15510   0.15209   0.14907   0.14606   0.14304   0.14003   0.13701   0.13400   0.13099   0.12797   0.12496   0.12194   0.11893   0.11591   0.11290   0.10989   0.10687   0.10386   0.10084   0.09783   0.09481   0.09180   0.08879   0.08577   0.08276   0.07974   0.07673   0.07371   0.07070   0.06769   0.06467   0.06166   0.05864   0.05563   0.05261   0.04960   0.04659   0.04357   0.04056   0.03754   0.03453   0.03151
C01-01   0.36712   0.35795   0.34878   0.33961   0.33044   0.32127   0.31210   0.30293   0.29376   0.28460   0.27543   0.26626   0.25709   0.24792   0.23875   0.22958   0.22041   0.21124   0.20207   0.19290   0.18374   0.17457   0.16540   0.15623   0.14706   0.13789   0.12872   0.11955   0.11038   0.10121   0.09205   0.08288   0.07371   0.06454   0.05537   0.04620   0.03703   0.02786   0.01869   0.00952   0.00035   0.00000
C01-02   0.39420   0.38890   0.38360   0.37830   0.37300   0.36770   0.36240   0.35710   0.35180   0.34650   0.34120   0.33590   0.33060   0.32530   0.32000   0.31470   0.30940   0.30410   0.29880   0.29350   0.28820   0.28290   0.27760   0.27230   0.26700   0.26170   0.25640   0.25110   0.24580   0.24050   0.23520   0.22990   0.22460   0.21930   0.21400   0.20870   0.20340   0.19810   0.19280   0.18750   0.18220   0.17690
C01-03   0.49952   0.49596   0.49241   0.48885   0.48530   0.48174   0.47819   0.47463   0.47108   0.46752   0.46397   0.46041   0.45686   0.45330   0.44975   0.44620   0.44264   0.43909   0.43553   0.43198   0.42842   0.42487   0.42131   0.41776   0.41420   0.41065   0.40709   0.40354   0.39998   0.39643   0.39287   0.38932   0.38576   0.38221   0.37865   0.37510   0.37155   0.36799   0.36444   0.36088   0.35733   0.35377
C01-04   2.28435   2.27461   2.26487   2.25514   2.24540   2.23566   2.22593   2.21619   2.20645   2.19672   2.18698   2.17725   2.16751   2.15777   2.14804   2.13830   2.12856   2.11883   2.10909   2.09935   2.08962   2.07988   2.07015   2.06041   2.05067   2.04094   2.03120   2.02146   2.01173   2.00199   1.99225   1.98252   1.97278   1.96305   1.95331   1.94357   1.93384   1.92410   1.91436   1.90463   1.89489   1.88515
C01-05   0.20208   0.20060   0.19911   0.19762   0.19613   0.19464   0.19315   0.19167   0.19018   0.18869   0.18720   0.18571   0.18423   0.18274   0.18125   0.17976   0.17827   0.17679   0.17530   0.17381   0.17232   0.17083   0.16935   0.16786   0.16637   0.16488   0.16339   0.16190   0.16042   0.15893   0.15744   0.15595   0.15446   0.15298   0.15149   0.15000   0.14851   0.14702   0.14554   0.14405   0.14256   0.14107
C01-07   0.90295   0.89739   0.89183   0.88626   0.88070   0.87514   0.86957   0.86401   0.85845   0.85288   0.84732   0.84175   0.83619   0.83063   0.82506   0.81950   0.81394   0.80837   0.80281   0.79725   0.79168   0.78612   0.78055   0.77499   0.76943   0.76386   0.75830   0.75274   0.74717   0.74161   0.73605   0.73048   0.72492   0.71935   0.71379   0.70823   0.70266   0.69710   0.69154   0.68597   0.68041   0.67485
C01-09   0.73799   0.73287   0.72776   0.72264   0.71752   0.71241   0.70729   0.70218   0.69706   0.69195   0.68683   0.68171   0.67660   0.67148   0.66637   0.66125   0.65613   0.65102   0.64590   0.64079   0.63567   0.63055   0.62544   0.62032   0.61521   0.61009   0.60498   0.59986   0.59474   0.58963   0.58451   0.57940   0.57428   0.56916   0.56405   0.55893   0.55382   0.54870   0.54358   0.53847   0.53335   0.52824
C01-10   0.37545   0.37140   0.36735   0.36330   0.35925   0.35520   0.35115   0.34710   0.34305   0.33900   0.33495   0.33090   0.32685   0.32280   0.31875   0.31470   0.31065   0.30660   0.30255   0.29850   0.29445   0.29040   0.28635   0.28230   0.27825   0.27420   0.27015   0.26610   0.26205   0.25800   0.25395   0.24990   0.24585   0.24180   0.23775   0.23370   0.22965   0.22560   0.22155   0.21750   0.21345   0.20940
C01-13   0.15030   0.14660   0.14290   0.13920   0.13550   0.13180   0.12810   0.12440   0.12070   0.11700   0.11330   0.10960   0.10590   0.10220   0.09850   0.09480   0.09110   0.08740   0.08370   0.08000   0.07630   0.07260   0.06890   0.06520   0.06150   0.05780   0.05410   0.05040   0.04670   0.04300   0.03930   0.03560   0.03190   0.02820   0.02450   0.02080   0.01710   0.01340   0.00970   0.00600   0.00230   0.00000
C01-17   0.07407   0.07233   0.07060   0.06887   0.06713   0.06540   0.06367   0.06193   0.06020   0.05847   0.05673   0.05500   0.05327   0.05153   0.04980   0.04807   0.04633   0.04460   0.04287   0.04113   0.03940   0.03767   0.03593   0.03420   0.03247   0.03073   0.02900   0.02727   0.02553   0.02380   0.02207   0.02033   0.01860   0.01687   0.01513   0.01340   0.01167   0.00993   0.00820   0.00647   0.00473   0.00300
C02-02   0.73406   0.72838   0.72270   0.71703   0.71135   0.70567   0.70000   0.69432   0.68864   0.68296   0.67729   0.67161   0.66593   0.66025   0.65458   0.64890   0.64322   0.63755   0.63187   0.62619   0.62051   0.61484   0.60916   0.60348   0.59780   0.59213   0.58645   0.58077   0.57510   0.56942   0.56374   0.55806   0.55239   0.54671   0.54103   0.53535   0.52968   0.52400   0.51832   0.51265   0.50697   0.50129
C02-04   1.84976   1.83187   1.81398   1.79609   1.77820   1.76031   1.74242   1.72453   1.70664   1.68875   1.67085   1.65296   1.63507   1.61718   1.59929   1.58140   1.56351   1.54562   1.52773   1.50984   1.49195   1.47405   1.45616   1.43827   1.42038   1.40249   1.38460   1.36671   1.34882   1.33093   1.31304   1.29515   1.27725   1.25936   1.24147   1.22358   1.20569   1.18780   1.16991   1.15202   1.13413   1.11624
C02-05   0.07145   0.07139   0.07133   0.07126   0.07120   0.07114   0.07107   0.07101   0.07095   0.07088   0.07082   0.07075   0.07069   0.07063   0.07056   0.07050   0.07044   0.07037   0.07031   0.07025   0.07018   0.07012   0.07005   0.06999   0.06993   0.06986   0.06980   0.06974   0.06967   0.06961   0.06955   0.06948   0.06942   0.06935   0.06929   0.06923   0.06916   0.06910   0.06904   0.06897   0.06891   0.06885
C02-06   0.95992   0.94375   0.92759   0.91142   0.89525   0.87908   0.86291   0.84675   0.83058   0.81441   0.79824   0.78207   0.76590   0.74974   0.73357   0.71740   0.70123   0.68506   0.66890   0.65273   0.63656   0.62039   0.60422   0.58805   0.57189   0.55572   0.53955   0.52338   0.50721   0.49105   0.47488   0.45871   0.44254   0.42637   0.41020   0.39404   0.37787   0.36170   0.34553   0.32936   0.31320   0.29703
C02-08   0.01460   0.01460   0.01460   0.01460   0.01460   0.01460   0.01460   0.01460   0.01460   0.01460   0.01460   0.01460   0.01460   0.01460   0.01460   0.01460   0.01460   0.01460   0.01460   0.01460   0.01460   0.01460   0.01460   0.01460   0.01460   0.01460   0.01460   0.01460   0.01460   0.01460   0.01460   0.01460   0.01460   0.01460   0.01460   0.01460   0.01460   0.01460   0.01460   0.01460   0.01460   0.01460
C03-04   0.16144   0.15923   0.15702   0.15481   0.15260   0.15039   0.14818   0.14597   0.14376   0.14155   0.13935   0.13714   0.13493   0.13272   0.13051   0.12830   0.12609   0.12388   0.12167   0.11946   0.11725   0.11505   0.11284   0.11063   0.10842   0.10621   0.10400   0.10179   0.09958   0.09737   0.09516   0.09295   0.09075   0.08854   0.08633   0.08412   0.08191   0.07970   0.07749   0.07528   0.07307   0.07086
C04-02   0.25914   0.25767   0.25621   0.25474   0.25327   0.25181   0.25034   0.24888   0.24741   0.24595   0.24448   0.24301   0.24155   0.24008   0.23862   0.23715   0.23568   0.23422   0.23275   0.23129   0.22982   0.22835   0.22689   0.22542   0.22396   0.22249   0.22103   0.21956   0.21809   0.21663   0.21516   0.21370   0.21223   0.21076   0.20930   0.20783   0.20637   0.20490   0.20343   0.20197   0.20050   0.19904
C05-02   2.89027   2.86871   2.84715   2.82559   2.80402   2.78246   2.76090   2.73934   2.71778   2.69622   2.67466   2.65310   2.63153   2.60997   2.58841   2.56685   2.54529   2.52373   2.50217   2.48060   2.45904   2.43748   2.41592   2.39436   2.37280   2.35124   2.32967   2.30811   2.28655   2.26499   2.24343   2.22187   2.20031   2.17875   2.15718   2.13562   2.11406   2.09250   2.07094   2.04938   2.02782   2.00625
C14-03   0.11279   0.10998   0.10716   0.10435   0.10153   0.09872   0.09590   0.09308   0.09027   0.08745   0.08464   0.08182   0.07901   0.07619   0.07338   0.07056   0.06775   0.06493   0.06212   0.05930   0.05648   0.05367   0.05085   0.04804   0.04522   0.04241   0.03959   0.03678   0.03396   0.03115   0.02833   0.02552   0.02270   0.01988   0.01707   0.01425   0.01144   0.00862   0.00581   0.00299   0.00018   0.00000
C14-04   0.11767   0.11556   0.11344   0.11132   0.10920   0.10708   0.10497   0.10285   0.10073   0.09861   0.09649   0.09438   0.09226   0.09014   0.08802   0.08591   0.08379   0.08167   0.07955   0.07743   0.07532   0.07320   0.07108   0.06896   0.06684   0.06473   0.06261   0.06049   0.05837   0.05625   0.05414   0.05202   0.04990   0.04778   0.04566   0.04355   0.04143   0.03931   0.03719   0.03507   0.03296   0.03084
C14-10   2.19756   2.18016   2.16275   2.14535   2.12794   2.11054   2.09313   2.07573   2.05832   2.04092   2.02351   2.00611   1.98870   1.97130   1.95389   1.93649   1.91908   1.90168   1.88427   1.86687   1.84946   1.83206   1.81465   1.79725   1.77984   1.76244   1.74503   1.72763   1.71022   1.69282   1.67541   1.65801   1.64060   1.62319   1.60579   1.58838   1.57098   1.55357   1.53617   1.51876   1.50136   1.48395
C14-11   0.71075   0.70184   0.69293   0.68402   0.67512   0.66621   0.65730   0.64839   0.63948   0.63058   0.62167   0.61276   0.60385   0.59495   0.58604   0.57713   0.56822   0.55932   0.55041   0.54150   0.53259   0.52368   0.51478   0.50587   0.49696   0.48805   0.47915   0.47024   0.46133   0.45242   0.44352   0.43461   0.42570   0.41679   0.40788   0.39898   0.39007   0.38116   0.37225   0.36335   0.35444   0.34553
C14-12   0.06375   0.06269   0.06162   0.06056   0.05949   0.05843   0.05737   0.05630   0.05524   0.05417   0.05311   0.05205   0.05098   0.04992   0.04885   0.04779   0.04673   0.04566   0.04460   0.04353   0.04247   0.04141   0.04034   0.03928   0.03821   0.03715   0.03608   0.03502   0.03396   0.03289   0.03183   0.03076   0.02970   0.02864   0.02757   0.02651   0.02544   0.02438   0.02332   0.02225   0.02119   0.02012
C14-15   0.36601   0.35830   0.35058   0.34287   0.33516   0.32745   0.31973   0.31202   0.30431   0.29659   0.28888   0.28117   0.27346   0.26574   0.25803   0.25032   0.24261   0.23489   0.22718   0.21947   0.21175   0.20404   0.19633   0.18862   0.18090   0.17319   0.16548   0.15776   0.15005   0.14234   0.13463   0.12691   0.11920   0.11149   0.10377   0.09606   0.08835   0.08064   0.07292   0.06521   0.05750   0.04978
C14-17   1.12015   1.09061   1.06108   1.03154   1.00201   0.97247   0.94293   0.91340   0.88386   0.85433   0.82479   0.79525   0.76572   0.73618   0.70665   0.67711   0.64757   0.61804   0.58850   0.55897   0.52943   0.49989   0.47036   0.44082   0.41129   0.38175   0.35222   0.32268   0.29314   0.26361   0.23407   0.20454   0.17500   0.14546   0.11593   0.08639   0.05686   0.02732   0.00000   0.00000   0.00000   0.00000
C14-18   0.06269   0.06148   0.06026   0.05905   0.05783   0.05662   0.05540   0.05418   0.05297   0.05175   0.05054   0.04932   0.04811   0.04689   0.04568   0.04446   0.04325   0.04203   0.04082   0.03960   0.03838   0.03717   0.03595   0.03474   0.03352   0.03231   0.03109   0.02988   0.02866   0.02745   0.02623   0.02502   0.02380   0.02258   0.02137   0.02015   0.01894   0.01772   0.01651   0.01529   0.01408   0.01286
C32-02   0.29719   0.29000   0.28282   0.27563   0.26844   0.26125   0.25407   0.24688   0.23969   0.23251   0.22532   0.21813   0.21094   0.20376   0.19657   0.18938   0.18219   0.17501   0.16782   0.16063   0.15345   0.14626   0.13907   0.13188   0.12470   0.11751   0.11032   0.10314   0.09595   0.08876   0.08157   0.07439   0.06720   0.06001   0.05283   0.04564   0.03845   0.03126   0.02408   0.01689   0.00970   0.00252
C32-03   0.14236   0.14011   0.13786   0.13561   0.13336   0.13112   0.12887   0.12662   0.12437   0.12212   0.11987   0.11762   0.11537   0.11313   0.11088   0.10863   0.10638   0.10413   0.10188   0.09963   0.09738   0.09514   0.09289   0.09064   0.08839   0.08614   0.08389   0.08164   0.07939   0.07715   0.07490   0.07265   0.07040   0.06815   0.06590   0.06365   0.06141   0.05916   0.05691   0.05466   0.05241   0.05016
C32-16   0.13200   0.12827   0.12455   0.12082   0.11709   0.11336   0.10963   0.10591   0.10218   0.09845   0.09472   0.09099   0.08726   0.08354   0.07981   0.07608   0.07235   0.06862   0.06489   0.06117   0.05744   0.05371   0.04998   0.04625   0.04253   0.03880   0.03507   0.03134   0.02761   0.02388   0.02016   0.01643   0.01270   0.00897   0.00524   0.00152   0.00000   0.00000   0.00000   0.00000   0.00000   0.00000
C33-04   0.06445   0.06349   0.06252   0.06156   0.06059   0.05963   0.05867   0.05770   0.05674   0.05577   0.05481   0.05385   0.05288   0.05192   0.05095   0.04999   0.04903   0.04806   0.04710   0.04613   0.04517   0.04421   0.04324   0.04228   0.04131   0.04035   0.03938   0.03842   0.03746   0.03649   0.03553   0.03456   0.03360   0.03264   0.03167   0.03071   0.02974   0.02878   0.02782   0.02685   0.02589   0.02492
C33-08   0.53738   0.52968   0.52198   0.51427   0.50657   0.49887   0.49117   0.48346   0.47576   0.46806   0.46036   0.45265   0.44495   0.43725   0.42955   0.42184   0.41414   0.40644   0.39874   0.39103   0.38333   0.37563   0.36793   0.36022   0.35252   0.34482   0.33712   0.32941   0.32171   0.31401   0.30631   0.29860   0.29090   0.28320   0.27549   0.26779   0.26009   0.25239   0.24468   0.23698   0.22928   0.22158
C33-15   0.48827   0.47356   0.45884   0.44412   0.42940   0.41468   0.39997   0.38525   0.37053   0.35581   0.34109   0.32638   0.31166   0.29694   0.28222   0.26751   0.25279   0.23807   0.22335   0.20863   0.19392   0.17920   0.16448   0.14976   0.13504   0.12033   0.10561   0.09089   0.07617   0.06145   0.04674   0.03202   0.01730   0.00258   0.00000   0.00000   0.00000   0.00000   0.00000   0.00000   0.00000   0.00000
C34-01   0.25209   0.24900   0.24592   0.24283   0.23974   0.23665   0.23357   0.23048   0.22739   0.22431   0.22122   0.21813   0.21504   0.21196   0.20887   0.20578   0.20269   0.19961   0.19652   0.19343   0.19035   0.18726   0.18417   0.18108   0.17800   0.17491   0.17182   0.16874   0.16565   0.16256   0.15947   0.15639   0.15330   0.15021   0.14713   0.14404   0.14095   0.13786   0.13478   0.13169   0.12860   0.12552
C35-05   0.06383   0.06294   0.06206   0.06118   0.06030   0.05942   0.05853   0.05765   0.05677   0.05589   0.05501   0.05412   0.05324   0.05236   0.05148   0.05059   0.04971   0.04883   0.04795   0.04707   0.04618   0.04530   0.04442   0.04354   0.04266   0.04177   0.04089   0.04001   0.03913   0.03825   0.03736   0.03648   0.03560   0.03472   0.03384   0.03295   0.03207   0.03119   0.03031   0.02943   0.02854   0.02766
C42-02   0.18970   0.18831   0.18693   0.18554   0.18415   0.18277   0.18138   0.18000   0.17861   0.17722   0.17584   0.17445   0.17307   0.17168   0.17029   0.16891   0.16752   0.16613   0.16475   0.16336   0.16198   0.16059   0.15920   0.15782   0.15643   0.15505   0.15366   0.15227   0.15089   0.14950   0.14812   0.14673   0.14534   0.14396   0.14257   0.14119   0.13980   0.13841   0.13703   0.13564   0.13426   0.13287
C42-03   0.15998   0.15748   0.15498   0.15248   0.14997   0.14747   0.14497   0.14247   0.13997   0.13746   0.13496   0.13246   0.12996   0.12745   0.12495   0.12245   0.11995   0.11744   0.11494   0.11244   0.10994   0.10743   0.10493   0.10243   0.09993   0.09743   0.09492   0.09242   0.08992   0.08742   0.08491   0.08241   0.07991   0.07741   0.07490   0.07240   0.06990   0.06740   0.06490   0.06239   0.05989   0.05739
C43-04   0.35468   0.35071   0.34673   0.34276   0.33878   0.33481   0.33083   0.32686   0.32288   0.31891   0.31494   0.31096   0.30699   0.30301   0.29904   0.29506   0.29109   0.28712   0.28314   0.27917   0.27519   0.27122   0.26724   0.26327   0.25929   0.25532   0.25135   0.24737   0.24340   0.23942   0.23545   0.23147   0.22750   0.22353   0.21955   0.21558   0.21160   0.20763   0.20365   0.19968   0.19571   0.19173
C43-05   0.13665   0.13304   0.12943   0.12582   0.12222   0.11861   0.11500   0.11139   0.10778   0.10418   0.10057   0.09696   0.09335   0.08975   0.08614   0.08253   0.07892   0.07532   0.07171   0.06810   0.06449   0.06088   0.05728   0.05367   0.05006   0.04645   0.04285   0.03924   0.03563   0.03202   0.02842   0.02481   0.02120   0.01759   0.01398   0.01038   0.00677   0.00316   0.00000   0.00000   0.00000   0.00000
C43-09   0.43260   0.42243   0.41225   0.40208   0.39191   0.38174   0.37157   0.36139   0.35122   0.34105   0.33088   0.32071   0.31054   0.30036   0.29019   0.28002   0.26985   0.25968   0.24951   0.23933   0.22916   0.21899   0.20882   0.19865   0.18847   0.17830   0.16813   0.15796   0.14779   0.13762   0.12744   0.11727   0.10710   0.09693   0.08676   0.07658   0.06641   0.05624   0.04607   0.03590   0.02573   0.01555
C44-02   0.78413   0.77267   0.76120   0.74973   0.73827   0.72680   0.71533   0.70387   0.69240   0.68093   0.66947   0.65800   0.64653   0.63507   0.62360   0.61213   0.60067   0.58920   0.57773   0.56627   0.55480   0.54333   0.53187   0.52040   0.50893   0.49747   0.48600   0.47453   0.46307   0.45160   0.44013   0.42867   0.41720   0.40573   0.39427   0.38280   0.37133   0.35987   0.34840   0.33693   0.32547   0.31400
C45-03   0.36397   0.35828   0.35259   0.34690   0.34120   0.33551   0.32982   0.32413   0.31844   0.31275   0.30706   0.30137   0.29568   0.28999   0.28430   0.27861   0.27292   0.26723   0.26154   0.25585   0.25016   0.24447   0.23878   0.23309   0.22740   0.22170   0.21601   0.21032   0.20463   0.19894   0.19325   0.18756   0.18187   0.17618   0.17049   0.16480   0.15911   0.15342   0.14773   0.14204   0.13635   0.13066
C45-05   0.15542   0.15182   0.14822   0.14462   0.14103   0.13743   0.13383   0.13023   0.12664   0.12304   0.11944   0.11584   0.11225   0.10865   0.10505   0.10145   0.09785   0.09426   0.09066   0.08706   0.08346   0.07987   0.07627   0.07267   0.06907   0.06548   0.06188   0.05828   0.05468   0.05109   0.04749   0.04389   0.04029   0.03670   0.03310   0.02950   0.02590   0.02230   0.01871   0.01511   0.01151   0.00791
C46-02   0.04843   0.04777   0.04710   0.04643   0.04577   0.04510   0.04443   0.04377   0.04310   0.04243   0.04177   0.04110   0.04043   0.03977   0.03910   0.03843   0.03777   0.03710   0.03643   0.03577   0.03510   0.03443   0.03377   0.03310   0.03243   0.03177   0.03110   0.03043   0.02977   0.02910   0.02843   0.02777   0.02710   0.02643   0.02577   0.02510   0.02443   0.02377   0.02310   0.02243   0.02177   0.02110
C46-03   0.15707   0.15343   0.14980   0.14617   0.14253   0.13890   0.13527   0.13163   0.12800   0.12437   0.12073   0.11710   0.11347   0.10983   0.10620   0.10257   0.09893   0.09530   0.09167   0.08803   0.08440   0.08077   0.07713   0.07350   0.06987   0.06623   0.06260   0.05897   0.05533   0.05170   0.04807   0.04443   0.04080   0.03717   0.03353   0.02990   0.02627   0.02263   0.01900   0.01537   0.01173   0.00810
C51-02   0.39137   0.38530   0.37924   0.37318   0.36712   0.36106   0.35500   0.34893   0.34287   0.33681   0.33075   0.32469   0.31862   0.31256   0.30650   0.30044   0.29438   0.28831   0.28225   0.27619   0.27013   0.26407   0.25800   0.25194   0.24588   0.23982   0.23376   0.22770   0.22163   0.21557   0.20951   0.20345   0.19739   0.19132   0.18526   0.17920   0.17314   0.16708   0.16101   0.15495   0.14889   0.14283
C51-04   0.13775   0.13581   0.13388   0.13194   0.13001   0.12807   0.12614   0.12420   0.12226   0.12033   0.11839   0.11646   0.11452   0.11259   0.11065   0.10871   0.10678   0.10484   0.10291   0.10097   0.09904   0.09710   0.09516   0.09323   0.09129   0.08936   0.08742   0.08549   0.08355   0.08161   0.07968   0.07774   0.07581   0.07387   0.07194   0.07000   0.06806   0.06613   0.06419   0.06226   0.06032   0.05839
C53-02   0.14454   0.14189   0.13924   0.13659   0.13394   0.13128   0.12863   0.12598   0.12333   0.12068   0.11803   0.11538   0.11273   0.11007   0.10742   0.10477   0.10212   0.09947   0.09682   0.09417   0.09152   0.08886   0.08621   0.08356   0.08091   0.07826   0.07561   0.07296   0.07031   0.06765   0.06500   0.06235   0.05970   0.05705   0.05440   0.05175   0.04909   0.04644   0.04379   0.04114   0.03849   0.03584
C82-01   0.18785   0.18460   0.18135   0.17810   0.17485   0.17160   0.16835   0.16510   0.16185   0.15860   0.15535   0.15210   0.14885   0.14560   0.14235   0.13910   0.13585   0.13260   0.12935   0.12610   0.12285   0.11960   0.11635   0.11310   0.10985   0.10660   0.10335   0.10010   0.09685   0.09360   0.09035   0.08710   0.08385   0.08060   0.07735   0.07410   0.07085   0.06760   0.06435   0.06110   0.05785   0.05460
C82-03   0.07072   0.06966   0.06861   0.06755   0.06650   0.06544   0.06439   0.06333   0.06228   0.06122   0.06017   0.05911   0.05806   0.05700   0.05595   0.05490   0.05384   0.05279   0.05173   0.05068   0.04962   0.04857   0.04751   0.04646   0.04540   0.04435   0.04329   0.04224   0.04118   0.04013   0.03907   0.03802   0.03696   0.03591   0.03485   0.03380   0.03275   0.03169   0.03064   0.02958   0.02853   0.02747
C83-04   0.12117   0.11812   0.11507   0.11202   0.10898   0.10593   0.10288   0.09983   0.09679   0.09374   0.09069   0.08764   0.08460   0.08155   0.07850   0.07545   0.07240   0.06936   0.06631   0.06326   0.06021   0.05717   0.05412   0.05107   0.04802   0.04498   0.04193   0.03888   0.03583   0.03279   0.02974   0.02669   0.02364   0.02060   0.01755   0.01450   0.01145   0.00840   0.00536   0.00231   0.00000   0.00000
C83-05   0.09455   0.09369   0.09282   0.09196   0.09109   0.09023   0.08936   0.08850   0.08764   0.08677   0.08591   0.08504   0.08418   0.08331   0.08245   0.08159   0.08072   0.07986   0.07899   0.07813   0.07726   0.07640   0.07554   0.07467   0.07381   0.07294   0.07208   0.07121   0.07035   0.06949   0.06862   0.06776   0.06689   0.06603   0.06516   0.06430   0.06344   0.06257   0.06171   0.06084   0.05998   0.05911
C83-07   0.16292   0.15940   0.15589   0.15238   0.14887   0.14536   0.14185   0.13833   0.13482   0.13131   0.12780   0.12429   0.12077   0.11726   0.11375   0.11024   0.10673   0.10321   0.09970   0.09619   0.09268   0.08917   0.08565   0.08214   0.07863   0.07512   0.07161   0.06810   0.06458   0.06107   0.05756   0.05405   0.05054   0.04702   0.04351   0.04000   0.03649   0.03298   0.02946   0.02595   0.02244   0.01893
C83-08   0.33468   0.32607   0.31745   0.30883   0.30022   0.29160   0.28298   0.27437   0.26575   0.25713   0.24852   0.23990   0.23128   0.22267   0.21405   0.20543   0.19682   0.18820   0.17958   0.17097   0.16235   0.15373   0.14512   0.13650   0.12788   0.11927   0.11065   0.10203   0.09342   0.08480   0.07618   0.06757   0.05895   0.05033   0.04172   0.03310   0.02448   0.01587   0.00725   0.00000   0.00000   0.00000
C83-11   0.33238   0.32344   0.31449   0.30555   0.29660   0.28766   0.27871   0.26977   0.26082   0.25188   0.24293   0.23399   0.22504   0.21610   0.20715   0.19820   0.18926   0.18031   0.17137   0.16242   0.15348   0.14453   0.13559   0.12664   0.11770   0.10875   0.09981   0.09086   0.08192   0.07297   0.06403   0.05508   0.04614   0.03719   0.02825   0.01930   0.01035   0.00141   0.00000   0.00000   0.00000   0.00000
C83-12   8.34418   8.27737   8.21055   8.14373   8.07692   8.01010   7.94328   7.87647   7.80965   7.74283   7.67602   7.60920   7.54238   7.47557   7.40875   7.34193   7.27512   7.20830   7.14148   7.07467   7.00785   6.94103   6.87422   6.80740   6.74058   6.67377   6.60695   6.54013   6.47332   6.40650   6.33968   6.27287   6.20605   6.13923   6.07242   6.00560   5.93878   5.87197   5.80515   5.73833   5.67152   5.60470
C83-15   0.07925   0.07691   0.07458   0.07224   0.06990   0.06757   0.06523   0.06289   0.06056   0.05822   0.05589   0.05355   0.05121   0.04888   0.04654   0.04421   0.04187   0.03953   0.03720   0.03486   0.03252   0.03019   0.02785   0.02552   0.02318   0.02084   0.01851   0.01617   0.01384   0.01150   0.00916   0.00683   0.00449   0.00216   0.00000   0.00000   0.00000   0.00000   0.00000   0.00000   0.00000   0.00000
C84-02   0.14373   0.14122   0.13871   0.13620   0.13370   0.13119   0.12868   0.12617   0.12366   0.12115   0.11864   0.11613   0.11362   0.11111   0.10860   0.10609   0.10358   0.10107   0.09856   0.09605   0.09354   0.09103   0.08852   0.08601   0.08350   0.08100   0.07849   0.07598   0.07347   0.07096   0.06845   0.06594   0.06343   0.06092   0.05841   0.05590   0.05339   0.05088   0.04837   0.04586   0.04335   0.04084
C84-06   0.08143   0.07967   0.07790   0.07613   0.07437   0.07260   0.07083   0.06907   0.06730   0.06553   0.06377   0.06200   0.06023   0.05847   0.05670   0.05493   0.05317   0.05140   0.04963   0.04787   0.04610   0.04433   0.04257   0.04080   0.03903   0.03727   0.03550   0.03373   0.03197   0.03020   0.02843   0.02667   0.02490   0.02313   0.02137   0.01960   0.01783   0.01607   0.01430   0.01253   0.01077   0.00900
C84-09   0.94420   0.93854   0.93289   0.92723   0.92157   0.91591   0.91026   0.90460   0.89894   0.89329   0.88763   0.88197   0.87631   0.87066   0.86500   0.85934   0.85369   0.84803   0.84237   0.83671   0.83106   0.82540   0.81974   0.81409   0.80843   0.80277   0.79711   0.79146   0.78580   0.78014   0.77449   0.76883   0.76317   0.75751   0.75186   0.74620   0.74054   0.73489   0.72923   0.72357   0.71791   0.71226
C84-12   0.79494   0.76796   0.74097   0.71399   0.68701   0.66003   0.63305   0.60607   0.57909   0.55211   0.52513   0.49815   0.47117   0.44419   0.41721   0.39023   0.36325   0.33627   0.30929   0.28231   0.25533   0.22834   0.20136   0.17438   0.14740   0.12042   0.09344   0.06646   0.03948   0.01250   0.00000   0.00000   0.00000   0.00000   0.00000   0.00000   0.00000   0.00000   0.00000   0.00000   0.00000   0.00000
C84-14   0.64712   0.63492   0.62272   0.61052   0.59833   0.58613   0.57393   0.56173   0.54954   0.53734   0.52514   0.51294   0.50075   0.48855   0.47635   0.46415   0.45195   0.43976   0.42756   0.41536   0.40316   0.39097   0.37877   0.36657   0.35437   0.34218   0.32998   0.31778   0.30558   0.29339   0.28119   0.26899   0.25679   0.24460   0.23240   0.22020   0.20800   0.19580   0.18361   0.17141   0.15921   0.14701
C84-16   3.53772   3.50508   3.47244   3.43980   3.40715   3.37451   3.34187   3.30923   3.27659   3.24395   3.21131   3.17867   3.14603   3.11339   3.08075   3.04811   3.01547   2.98283   2.95019   2.91755   2.88491   2.85227   2.81963   2.78699   2.75435   2.72170   2.68906   2.65642   2.62378   2.59114   2.55850   2.52586   2.49322   2.46058   2.42794   2.39530   2.36266   2.33002   2.29738   2.26474   2.23210   2.19946
C84-17   0.16520   0.16201   0.15883   0.15564   0.15246   0.14927   0.14609   0.14290   0.13971   0.13653   0.13334   0.13016   0.12697   0.12379   0.12060   0.11741   0.11423   0.11104   0.10786   0.10467   0.10149   0.09830   0.09511   0.09193   0.08874   0.08556   0.08237   0.07919   0.07600   0.07281   0.06963   0.06644   0.06326   0.06007   0.05689   0.05370   0.05051   0.04733   0.04414   0.04096   0.03777   0.03459
C84-20   1.50618   1.49885   1.49152   1.48419   1.47686   1.46953   1.46220   1.45487   1.44754   1.44020   1.43287   1.42554   1.41821   1.41088   1.40355   1.39622   1.38889   1.38156   1.37423   1.36690   1.35956   1.35223   1.34490   1.33757   1.33024   1.32291   1.31558   1.30825   1.30092   1.29359   1.28625   1.27892   1.27159   1.26426   1.25693   1.24960   1.24227   1.23494   1.22761   1.22028   1.21295   1.20561
C84-27   0.07788   0.07560   0.07333   0.07105   0.06878   0.06650   0.06423   0.06195   0.05968   0.05740   0.05513   0.05285   0.05058   0.04830   0.04603   0.04375   0.04147   0.03920   0.03692   0.03465   0.03238   0.03010   0.02783   0.02555   0.02328   0.02100   0.01873   0.01645   0.01418   0.01190   0.00963   0.00735   0.00508   0.00280   0.00053   0.00000   0.00000   0.00000   0.00000   0.00000   0.00000   0.00000
C85-03   0.06227   0.06072   0.05917   0.05763   0.05608   0.05453   0.05299   0.05144   0.04989   0.04834   0.04680   0.04525   0.04370   0.04216   0.04061   0.03906   0.03751   0.03597   0.03442   0.03287   0.03132   0.02978   0.02823   0.02668   0.02514   0.02359   0.02204   0.02049   0.01895   0.01740   0.01585   0.01431   0.01276   0.01121   0.00966   0.00812   0.00657   0.00502   0.00347   0.00193   0.00038   0.00000
C85-06   1.71653   1.69541   1.67429   1.65316   1.63204   1.61091   1.58979   1.56867   1.54754   1.52642   1.50530   1.48417   1.46305   1.44192   1.42080   1.39968   1.37855   1.35743   1.33630   1.31518   1.29406   1.27293   1.25181   1.23069   1.20956   1.18844   1.16731   1.14619   1.12507   1.10394   1.08282   1.06170   1.04057   1.01945   0.99832   0.97720   0.95608   0.93495   0.91383   0.89270   0.87158   0.85046
C85-08   0.40598   0.40095   0.39591   0.39088   0.38585   0.38082   0.37579   0.37075   0.36572   0.36069   0.35566   0.35063   0.34560   0.34056   0.33553   0.33050   0.32547   0.32044   0.31540   0.31037   0.30534   0.30031   0.29528   0.29025   0.28521   0.28018   0.27515   0.27012   0.26509   0.26005   0.25502   0.24999   0.24496   0.23993   0.23490   0.22986   0.22483   0.21980   0.21477   0.20974   0.20470   0.19967
C85-09   0.44247   0.43585   0.42923   0.42261   0.41599   0.40937   0.40275   0.39613   0.38951   0.38290   0.37628   0.36966   0.36304   0.35642   0.34980   0.34318   0.33656   0.32994   0.32332   0.31670   0.31009   0.30347   0.29685   0.29023   0.28361   0.27699   0.27037   0.26375   0.25713   0.25051   0.24390   0.23728   0.23066   0.22404   0.21742   0.21080   0.20418   0.19756   0.19094   0.18432   0.17770   0.17109
C85-10   0.09977   0.09830   0.09684   0.09538   0.09392   0.09246   0.09100   0.08953   0.08807   0.08661   0.08515   0.08369   0.08222   0.08076   0.07930   0.07784   0.07638   0.07491   0.07345   0.07199   0.07053   0.06907   0.06760   0.06614   0.06468   0.06322   0.06176   0.06030   0.05883   0.05737   0.05591   0.05445   0.05299   0.05152   0.05006   0.04860   0.04714   0.04568   0.04421   0.04275   0.04129   0.03983
C85-11   0.38806   0.38047   0.37288   0.36529   0.35770   0.35011   0.34252   0.33493   0.32734   0.31975   0.31215   0.30456   0.29697   0.28938   0.28179   0.27420   0.26661   0.25902   0.25143   0.24384   0.23625   0.22865   0.22106   0.21347   0.20588   0.19829   0.19070   0.18311   0.17552   0.16793   0.16034   0.15275   0.14515   0.13756   0.12997   0.12238   0.11479   0.10720   0.09961   0.09202   0.08443   0.07684
C85-12   0.37314   0.36342   0.35370   0.34397   0.33425   0.32453   0.31480   0.30508   0.29536   0.28564   0.27591   0.26619   0.25647   0.24675   0.23702   0.22730   0.21758   0.20785   0.19813   0.18841   0.17869   0.16896   0.15924   0.14952   0.13980   0.13007   0.12035   0.11063   0.10090   0.09118   0.08146   0.07174   0.06201   0.05229   0.04257   0.03285   0.02312   0.01340   0.00368   0.00000   0.00000   0.00000
C93-02   0.07130   0.06970   0.06810   0.06650   0.06490   0.06330   0.06170   0.06010   0.05850   0.05690   0.05530   0.05370   0.05210   0.05050   0.04890   0.04730   0.04570   0.04410   0.04250   0.04090   0.03930   0.03770   0.03610   0.03450   0.03290   0.03130   0.02970   0.02810   0.02650   0.02490   0.02330   0.02170   0.02010   0.01850   0.01690   0.01530   0.01370   0.01210   0.01050   0.00890   0.00730   0.00570
C93-04   6.40743   6.37689   6.34635   6.31581   6.28527   6.25473   6.22419   6.19365   6.16311   6.13258   6.10204   6.07150   6.04096   6.01042   5.97988   5.94934   5.91880   5.88826   5.85772   5.82719   5.79665   5.76611   5.73557   5.70503   5.67449   5.64395   5.61341   5.58287   5.55233   5.52180   5.49126   5.46072   5.43018   5.39964   5.36910   5.33856   5.30802   5.27748   5.24694   5.21640   5.18587   5.15533
C93-07   0.17268   0.16985   0.16702   0.16419   0.16136   0.15853   0.15570   0.15287   0.15004   0.14720   0.14437   0.14154   0.13871   0.13588   0.13305   0.13022   0.12739   0.12456   0.12173   0.11890   0.11606   0.11323   0.11040   0.10757   0.10474   0.10191   0.09908   0.09625   0.09342   0.09059   0.08775   0.08492   0.08209   0.07926   0.07643   0.07360   0.07077   0.06794   0.06511   0.06228   0.05945   0.05661
C93-08   0.16493   0.16100   0.15706   0.15312   0.14918   0.14524   0.14130   0.13737   0.13343   0.12949   0.12555   0.12161   0.11768   0.11374   0.10980   0.10586   0.10192   0.09799   0.09405   0.09011   0.08617   0.08223   0.07830   0.07436   0.07042   0.06648   0.06254   0.05860   0.05467   0.05073   0.04679   0.04285   0.03891   0.03498   0.03104   0.02710   0.02316   0.01922   0.01529   0.01135   0.00741   0.00347
C93-09   1.64578   1.63554   1.62529   1.61505   1.60480   1.59456   1.58431   1.57407   1.56382   1.55358   1.54333   1.53309   1.52284   1.51260   1.50235   1.49210   1.48186   1.47161   1.46137   1.45112   1.44088   1.43063   1.42039   1.41014   1.39990   1.38965   1.37941   1.36916   1.35892   1.34867   1.33843   1.32818   1.31794   1.30769   1.29745   1.28720   1.27695   1.26671   1.25646   1.24622   1.23597   1.22573
C95-01   0.51483   0.50794   0.50104   0.49415   0.48725   0.48036   0.47346   0.46657   0.45967   0.45278   0.44588   0.43899   0.43209   0.42520   0.41830   0.41140   0.40451   0.39761   0.39072   0.38382   0.37693   0.37003   0.36314   0.35624   0.34935   0.34245   0.33556   0.32866   0.32177   0.31487   0.30798   0.30108   0.29419   0.28729   0.28040   0.27350   0.26660   0.25971   0.25281   0.24592   0.23902   0.23213
C95-03   0.46226   0.44786   0.43345   0.41904   0.40464   0.39023   0.37583   0.36142   0.34702   0.33261   0.31821   0.30380   0.28939   0.27499   0.26058   0.24618   0.23177   0.21737   0.20296   0.18856   0.17415   0.15974   0.14534   0.13093   0.11653   0.10212   0.08772   0.07331   0.05891   0.04450   0.03009   0.01569   0.00128   0.00000   0.00000   0.00000   0.00000   0.00000   0.00000   0.00000   0.00000   0.00000
E02-05   0.13879   0.13611   0.13344   0.13077   0.12810   0.12542   0.12275   0.12008   0.11740   0.11473   0.11206   0.10938   0.10671   0.10404   0.10136   0.09869   0.09602   0.09334   0.09067   0.08800   0.08532   0.08265   0.07998   0.07730   0.07463   0.07196   0.06929   0.06661   0.06394   0.06127   0.05859   0.05592   0.05325   0.05057   0.04790   0.04523   0.04255   0.03988   0.03721   0.03453   0.03186   0.02919
E02-06   0.13250   0.12893   0.12536   0.12179   0.11822   0.11465   0.11108   0.10751   0.10394   0.10037   0.09680   0.09323   0.08966   0.08609   0.08251   0.07894   0.07537   0.07180   0.06823   0.06466   0.06109   0.05752   0.05395   0.05038   0.04681   0.04324   0.03967   0.03610   0.03252   0.02895   0.02538   0.02181   0.01824   0.01467   0.01110   0.00753   0.00396   0.00039   0.00000   0.00000   0.00000   0.00000
E03-04   0.64337   0.63635   0.62933   0.62231   0.61529   0.60827   0.60125   0.59423   0.58721   0.58020   0.57318   0.56616   0.55914   0.55212   0.54510   0.53808   0.53106   0.52404   0.51702   0.51000   0.50299   0.49597   0.48895   0.48193   0.47491   0.46789   0.46087   0.45385   0.44683   0.43981   0.43280   0.42578   0.41876   0.41174   0.40472   0.39770   0.39068   0.38366   0.37664   0.36962   0.36260   0.35559
E03-05   0.58067   0.56469   0.54871   0.53274   0.51676   0.50079   0.48481   0.46883   0.45286   0.43688   0.42090   0.40493   0.38895   0.37298   0.35700   0.34102   0.32505   0.30907   0.29310   0.27712   0.26114   0.24517   0.22919   0.21321   0.19724   0.18126   0.16529   0.14931   0.13333   0.11736   0.10138   0.08540   0.06943   0.05345   0.03748   0.02150   0.00552   0.00000   0.00000   0.00000   0.00000   0.00000
E04-01   0.16808   0.16451   0.16094   0.15736   0.15379   0.15021   0.14664   0.14307   0.13949   0.13592   0.13235   0.12877   0.12520   0.12162   0.11805   0.11448   0.11090   0.10733   0.10375   0.10018   0.09661   0.09303   0.08946   0.08589   0.08231   0.07874   0.07516   0.07159   0.06802   0.06444   0.06087   0.05730   0.05372   0.05015   0.04657   0.04300   0.03943   0.03585   0.03228   0.02870   0.02513   0.02156
E06-02   0.16300   0.15870   0.15440   0.15010   0.14580   0.14150   0.13720   0.13290   0.12860   0.12430   0.12000   0.11570   0.11140   0.10710   0.10280   0.09850   0.09420   0.08990   0.08560   0.08130   0.07700   0.07270   0.06840   0.06410   0.05980   0.05550   0.05120   0.04690   0.04260   0.03830   0.03400   0.02970   0.02540   0.02110   0.01680   0.01250   0.00820   0.00390   0.00000   0.00000   0.00000   0.00000
E15-04   0.05943   0.05837   0.05730   0.05623   0.05517   0.05410   0.05303   0.05197   0.05090   0.04983   0.04877   0.04770   0.04663   0.04557   0.04450   0.04343   0.04237   0.04130   0.04023   0.03917   0.03810   0.03703   0.03597   0.03490   0.03383   0.03277   0.03170   0.03063   0.02957   0.02850   0.02743   0.02637   0.02530   0.02423   0.02317   0.02210   0.02103   0.01997   0.01890   0.01783   0.01677   0.01570
E15-05   0.03160   0.03103   0.03046   0.02989   0.02931   0.02874   0.02817   0.02760   0.02703   0.02646   0.02589   0.02531   0.02474   0.02417   0.02360   0.02303   0.02246   0.02189   0.02131   0.02074   0.02017   0.01960   0.01903   0.01846   0.01789   0.01731   0.01674   0.01617   0.01560   0.01503   0.01446   0.01389   0.01331   0.01274   0.01217   0.01160   0.01103   0.01046   0.00989   0.00931   0.00874   0.00817
E20-02   0.12220   0.11921   0.11623   0.11324   0.11026   0.10727   0.10429   0.10130   0.09831   0.09533   0.09234   0.08936   0.08637   0.08339   0.08040   0.07741   0.07443   0.07144   0.06846   0.06547   0.06249   0.05950   0.05651   0.05353   0.05054   0.04756   0.04457   0.04159   0.03860   0.03561   0.03263   0.02964   0.02666   0.02367   0.02069   0.01770   0.01471   0.01173   0.00874   0.00576   0.00277   0.00000
E21-07   0.15125   0.14839   0.14552   0.14266   0.13979   0.13693   0.13406   0.13120   0.12834   0.12547   0.12261   0.11974   0.11688   0.11401   0.11115   0.10829   0.10542   0.10256   0.09969   0.09683   0.09396   0.09110   0.08824   0.08537   0.08251   0.07964   0.07678   0.07391   0.07105   0.06819   0.06532   0.06246   0.05959   0.05673   0.05386   0.05100   0.04814   0.04527   0.04241   0.03954   0.03668   0.03381
E21-08   0.11370   0.11137   0.10904   0.10671   0.10439   0.10206   0.09973   0.09740   0.09507   0.09274   0.09041   0.08809   0.08576   0.08343   0.08110   0.07877   0.07644   0.07411   0.07179   0.06946   0.06713   0.06480   0.06247   0.06014   0.05781   0.05549   0.05316   0.05083   0.04850   0.04617   0.04384   0.04151   0.03919   0.03686   0.03453   0.03220   0.02987   0.02754   0.02521   0.02289   0.02056   0.01823
E21-18   0.11235   0.10983   0.10731   0.10479   0.10226   0.09974   0.09722   0.09470   0.09218   0.08966   0.08714   0.08461   0.08209   0.07957   0.07705   0.07453   0.07201   0.06949   0.06696   0.06444   0.06192   0.05940   0.05688   0.05436   0.05184   0.04931   0.04679   0.04427   0.04175   0.03923   0.03671   0.03419   0.03166   0.02914   0.02662   0.02410   0.02158   0.01906   0.01654   0.01401   0.01149   0.00897
E22-03  16.51090  16.46584  16.42079  16.37573  16.33067  16.28561  16.24056  16.19550  16.15044  16.10539  16.06033  16.01527  15.97021  15.92516  15.88010  15.83504  15.78999  15.74493  15.69987  15.65481  15.60976  15.56470  15.51964  15.47459  15.42953  15.38447  15.33941  15.29436  15.24930  15.20424  15.15919  15.11413  15.06907  15.02401  14.97896  14.93390  14.88884  14.84379  14.79873  14.75367  14.70861  14.66356
E22-05   0.12170   0.12024   0.11879   0.11733   0.11587   0.11441   0.11296   0.11150   0.11004   0.10859   0.10713   0.10567   0.10421   0.10276   0.10130   0.09984   0.09839   0.09693   0.09547   0.09401   0.09256   0.09110   0.08964   0.08819   0.08673   0.08527   0.08381   0.08236   0.08090   0.07944   0.07799   0.07653   0.07507   0.07361   0.07216   0.07070   0.06924   0.06779   0.06633   0.06487   0.06341   0.06196
E22-06   0.20250   0.20250   0.20250   0.20250   0.20250   0.20250   0.20250   0.20250   0.20250   0.20250   0.20250   0.20250   0.20250   0.20250   0.20250   0.20250   0.20250   0.20250   0.20250   0.20250   0.20250   0.20250   0.20250   0.20250   0.20250   0.20250   0.20250   0.20250   0.20250   0.20250   0.20250   0.20250   0.20250   0.20250   0.20250   0.20250   0.20250   0.20250   0.20250   0.20250   0.20250   0.20250
E22-07   0.13295   0.13123   0.12951   0.12779   0.12606   0.12434   0.12262   0.12090   0.11918   0.11746   0.11574   0.11401   0.11229   0.11057   0.10885   0.10713   0.10541   0.10369   0.10196   0.10024   0.09852   0.09680   0.09508   0.09336   0.09164   0.08991   0.08819   0.08647   0.08475   0.08303   0.08131   0.07959   0.07786   0.07614   0.07442   0.07270   0.07098   0.06926   0.06754   0.06581   0.06409   0.06237
E22-09   0.12973   0.12755   0.12537   0.12319   0.12101   0.11883   0.11665   0.11447   0.11229   0.11010   0.10792   0.10574   0.10356   0.10138   0.09920   0.09702   0.09484   0.09266   0.09048   0.08830   0.08611   0.08393   0.08175   0.07957   0.07739   0.07521   0.07303   0.07085   0.06867   0.06649   0.06430   0.06212   0.05994   0.05776   0.05558   0.05340   0.05122   0.04904   0.04686   0.04468   0.04250   0.04031
E22-10   0.30042   0.29628   0.29214   0.28800   0.28385   0.27971   0.27557   0.27143   0.26729   0.26315   0.25901   0.25487   0.25073   0.24659   0.24245   0.23831   0.23417   0.23003   0.22589   0.22175   0.21761   0.21347   0.20933   0.20519   0.20105   0.19690   0.19276   0.18862   0.18448   0.18034   0.17620   0.17206   0.16792   0.16378   0.15964   0.15550   0.15136   0.14722   0.14308   0.13894   0.13480   0.13066
E22-11   0.72335   0.71543   0.70751   0.69959   0.69166   0.68374   0.67582   0.66790   0.65998   0.65206   0.64414   0.63621   0.62829   0.62037   0.61245   0.60453   0.59661   0.58869   0.58076   0.57284   0.56492   0.55700   0.54908   0.54116   0.53324   0.52531   0.51739   0.50947   0.50155   0.49363   0.48571   0.47779   0.46986   0.46194   0.45402   0.44610   0.43818   0.43026   0.42234   0.41441   0.40649   0.39857
E22-12   0.14048   0.13940   0.13831   0.13722   0.13613   0.13504   0.13395   0.13287   0.13178   0.13069   0.12960   0.12851   0.12743   0.12634   0.12525   0.12416   0.12307   0.12199   0.12090   0.11981   0.11872   0.11763   0.11655   0.11546   0.11437   0.11328   0.11219   0.11110   0.11002   0.10893   0.10784   0.10675   0.10566   0.10458   0.10349   0.10240   0.10131   0.10022   0.09914   0.09805   0.09696   0.09587
E22-14   0.14917   0.14619   0.14321   0.14024   0.13726   0.13429   0.13131   0.12833   0.12536   0.12238   0.11940   0.11643   0.11345   0.11048   0.10750   0.10452   0.10155   0.09857   0.09560   0.09262   0.08964   0.08667   0.08369   0.08071   0.07774   0.07476   0.07179   0.06881   0.06583   0.06286   0.05988   0.05690   0.05393   0.05095   0.04798   0.04500   0.04202   0.03905   0.03607   0.03310   0.03012   0.02714
E22-15   0.19440   0.19396   0.19351   0.19307   0.19263   0.19219   0.19174   0.19130   0.19086   0.19041   0.18997   0.18953   0.18909   0.18864   0.18820   0.18776   0.18731   0.18687   0.18643   0.18599   0.18554   0.18510   0.18466   0.18421   0.18377   0.18333   0.18289   0.18244   0.18200   0.18156   0.18111   0.18067   0.18023   0.17979   0.17934   0.17890   0.17846   0.17801   0.17757   0.17713   0.17669   0.17624
E23-01   0.25647   0.24970   0.24294   0.23618   0.22942   0.22266   0.21590   0.20913   0.20237   0.19561   0.18885   0.18209   0.17532   0.16856   0.16180   0.15504   0.14828   0.14151   0.13475   0.12799   0.12123   0.11447   0.10770   0.10094   0.09418   0.08742   0.08066   0.07390   0.06713   0.06037   0.05361   0.04685   0.04009   0.03332   0.02656   0.01980   0.01304   0.00628   0.00000   0.00000   0.00000   0.00000
E23-02   0.33695   0.33437   0.33179   0.32921   0.32664   0.32406   0.32148   0.31890   0.31632   0.31374   0.31116   0.30859   0.30601   0.30343   0.30085   0.29827   0.29569   0.29311   0.29054   0.28796   0.28538   0.28280   0.28022   0.27764   0.27506   0.27249   0.26991   0.26733   0.26475   0.26217   0.25959   0.25701   0.25444   0.25186   0.24928   0.24670   0.24412   0.24154   0.23896   0.23639   0.23381   0.23123
E23-03   0.98870   0.98450   0.98030   0.97610   0.97190   0.96770   0.96350   0.95930   0.95510   0.95090   0.94670   0.94250   0.93830   0.93410   0.92990   0.92570   0.92150   0.91730   0.91310   0.90890   0.90470   0.90050   0.89630   0.89210   0.88790   0.88370   0.87950   0.87530   0.87110   0.86690   0.86270   0.85850   0.85430   0.85010   0.84590   0.84170   0.83750   0.83330   0.82910   0.82490   0.82070   0.81650
E23-04   0.74087   0.73545   0.73003   0.72461   0.71919   0.71377   0.70835   0.70293   0.69751   0.69210   0.68668   0.68126   0.67584   0.67042   0.66500   0.65958   0.65416   0.64874   0.64332   0.63790   0.63249   0.62707   0.62165   0.61623   0.61081   0.60539   0.59997   0.59455   0.58913   0.58371   0.57830   0.57288   0.56746   0.56204   0.55662   0.55120   0.54578   0.54036   0.53494   0.52952   0.52410   0.51869
E23-06   6.79423   6.76091   6.72759   6.69426   6.66094   6.62761   6.59429   6.56097   6.52764   6.49432   6.46100   6.42767   6.39435   6.36102   6.32770   6.29438   6.26105   6.22773   6.19440   6.16108   6.12776   6.09443   6.06111   6.02779   5.99446   5.96114   5.92781   5.89449   5.86117   5.82784   5.79452   5.76120   5.72787   5.69455   5.66122   5.62790   5.59458   5.56125   5.52793   5.49460   5.46128   5.42796
E23-09   0.10290   0.10241   0.10193   0.10144   0.10096   0.10047   0.09999   0.09950   0.09901   0.09853   0.09804   0.09756   0.09707   0.09659   0.09610   0.09561   0.09513   0.09464   0.09416   0.09367   0.09319   0.09270   0.09221   0.09173   0.09124   0.09076   0.09027   0.08979   0.08930   0.08881   0.08833   0.08784   0.08736   0.08687   0.08639   0.08590   0.08541   0.08493   0.08444   0.08396   0.08347   0.08299
E23-11   8.41968   8.36722   8.31476   8.26230   8.20985   8.15739   8.10493   8.05247   8.00001   7.94755   7.89509   7.84263   7.79017   7.73771   7.68525   7.63279   7.58033   7.52787   7.47541   7.42295   7.37049   7.31803   7.26557   7.21311   7.16065   7.10820   7.05574   7.00328   6.95082   6.89836   6.84590   6.79344   6.74098   6.68852   6.63606   6.58360   6.53114   6.47868   6.42622   6.37376   6.32130   6.26884
E23-12   0.55740   0.55104   0.54469   0.53833   0.53197   0.52561   0.51926   0.51290   0.50654   0.50019   0.49383   0.48747   0.48111   0.47476   0.46840   0.46204   0.45569   0.44933   0.44297   0.43661   0.43026   0.42390   0.41754   0.41119   0.40483   0.39847   0.39211   0.38576   0.37940   0.37304   0.36669   0.36033   0.35397   0.34761   0.34126   0.33490   0.32854   0.32219   0.31583   0.30947   0.30311   0.29676
E23-13   0.09605   0.09423   0.09241   0.09059   0.08876   0.08694   0.08512   0.08330   0.08148   0.07966   0.07784   0.07601   0.07419   0.07237   0.07055   0.06873   0.06691   0.06509   0.06326   0.06144   0.05962   0.05780   0.05598   0.05416   0.05234   0.05051   0.04869   0.04687   0.04505   0.04323   0.04141   0.03959   0.03776   0.03594   0.03412   0.03230   0.03048   0.02866   0.02684   0.02501   0.02319   0.02137
E23-15   0.08572   0.08403   0.08235   0.08067   0.07898   0.07730   0.07562   0.07393   0.07225   0.07057   0.06888   0.06720   0.06552   0.06383   0.06215   0.06047   0.05878   0.05710   0.05542   0.05373   0.05205   0.05037   0.04868   0.04700   0.04532   0.04363   0.04195   0.04027   0.03858   0.03690   0.03522   0.03353   0.03185   0.03017   0.02848   0.02680   0.02512   0.02343   0.02175   0.02007   0.01838   0.01670
E23-16   0.44088   0.43681   0.43274   0.42866   0.42459   0.42051   0.41644   0.41237   0.40829   0.40422   0.40015   0.39607   0.39200   0.38792   0.38385   0.37978   0.37570   0.37163   0.36755   0.36348   0.35941   0.35533   0.35126   0.34719   0.34311   0.33904   0.33496   0.33089   0.32682   0.32274   0.31867   0.31460   0.31052   0.30645   0.30237   0.29830   0.29423   0.29015   0.28608   0.28200   0.27793   0.27386
E23-17   0.24067   0.23799   0.23531   0.23264   0.22996   0.22729   0.22461   0.22193   0.21926   0.21658   0.21390   0.21123   0.20855   0.20588   0.20320   0.20052   0.19785   0.19517   0.19250   0.18982   0.18714   0.18447   0.18179   0.17911   0.17644   0.17376   0.17109   0.16841   0.16573   0.16306   0.16038   0.15770   0.15503   0.15235   0.14968   0.14700   0.14432   0.14165   0.13897   0.13630   0.13362   0.13094
E23-18   0.26698   0.26565   0.26432   0.26299   0.26166   0.26033   0.25900   0.25767   0.25634   0.25500   0.25367   0.25234   0.25101   0.24968   0.24835   0.24702   0.24569   0.24436   0.24303   0.24170   0.24036   0.23903   0.23770   0.23637   0.23504   0.23371   0.23238   0.23105   0.22972   0.22839   0.22705   0.22572   0.22439   0.22306   0.22173   0.22040   0.21907   0.21774   0.21641   0.21508   0.21375   0.21241
E24-01   0.15243   0.14921   0.14599   0.14276   0.13954   0.13631   0.13309   0.12987   0.12664   0.12342   0.12020   0.11697   0.11375   0.11052   0.10730   0.10408   0.10085   0.09763   0.09440   0.09118   0.08796   0.08473   0.08151   0.07829   0.07506   0.07184   0.06861   0.06539   0.06217   0.05894   0.05572   0.05250   0.04927   0.04605   0.04282   0.03960   0.03638   0.03315   0.02993   0.02670   0.02348   0.02026
E24-04   0.11483   0.11330   0.11176   0.11022   0.10868   0.10714   0.10560   0.10407   0.10253   0.10099   0.09945   0.09791   0.09638   0.09484   0.09330   0.09176   0.09022   0.08869   0.08715   0.08561   0.08407   0.08253   0.08100   0.07946   0.07792   0.07638   0.07484   0.07330   0.07177   0.07023   0.06869   0.06715   0.06561   0.06408   0.06254   0.06100   0.05946   0.05792   0.05639   0.05485   0.05331   0.05177
E24-05   0.23885   0.23591   0.23298   0.23004   0.22711   0.22417   0.22124   0.21830   0.21536   0.21243   0.20949   0.20656   0.20362   0.20069   0.19775   0.19481   0.19188   0.18894   0.18601   0.18307   0.18014   0.17720   0.17426   0.17133   0.16839   0.16546   0.16252   0.15959   0.15665   0.15371   0.15078   0.14784   0.14491   0.14197   0.13904   0.13610   0.13316   0.13023   0.12729   0.12436   0.12142   0.11849
E25-01   0.18672   0.18455   0.18238   0.18021   0.17804   0.17587   0.17370   0.17153   0.16936   0.16720   0.16503   0.16286   0.16069   0.15852   0.15635   0.15418   0.15201   0.14984   0.14767   0.14550   0.14334   0.14117   0.13900   0.13683   0.13466   0.13249   0.13032   0.12815   0.12598   0.12381   0.12165   0.11948   0.11731   0.11514   0.11297   0.11080   0.10863   0.10646   0.10429   0.10212   0.09995   0.09779
E25-03   0.26685   0.26550   0.26415   0.26280   0.26145   0.26010   0.25875   0.25740   0.25605   0.25470   0.25335   0.25200   0.25065   0.24930   0.24795   0.24660   0.24525   0.24390   0.24255   0.24120   0.23985   0.23850   0.23715   0.23580   0.23445   0.23310   0.23175   0.23040   0.22905   0.22770   0.22635   0.22500   0.22365   0.22230   0.22095   0.21960   0.21825   0.21690   0.21555   0.21420   0.21285   0.21150
E25-04   2.40940   2.39297   2.37654   2.36011   2.34369   2.32726   2.31083   2.29440   2.27797   2.26154   2.24511   2.22869   2.21226   2.19583   2.17940   2.16297   2.14654   2.13011   2.11369   2.09726   2.08083   2.06440   2.04797   2.03154   2.01511   1.99869   1.98226   1.96583   1.94940   1.93297   1.91654   1.90011   1.88369   1.86726   1.85083   1.83440   1.81797   1.80154   1.78511   1.76869   1.75226   1.73583
E25-06   1.27305   1.25331   1.23358   1.21384   1.19411   1.17437   1.15464   1.13490   1.11516   1.09543   1.07569   1.05596   1.03622   1.01649   0.99675   0.97701   0.95728   0.93754   0.91781   0.89807   0.87834   0.85860   0.83886   0.81913   0.79939   0.77966   0.75992   0.74019   0.72045   0.70071   0.68098   0.66124   0.64151   0.62177   0.60204   0.58230   0.56256   0.54283   0.52309   0.50336   0.48362   0.46389
E25-07   0.82645   0.81567   0.80489   0.79411   0.78334   0.77256   0.76178   0.75100   0.74022   0.72944   0.71866   0.70789   0.69711   0.68633   0.67555   0.66477   0.65399   0.64321   0.63244   0.62166   0.61088   0.60010   0.58932   0.57854   0.56776   0.55699   0.54621   0.53543   0.52465   0.51387   0.50309   0.49231   0.48154   0.47076   0.45998   0.44920   0.43842   0.42764   0.41686   0.40609   0.39531   0.38453
E26-01   2.45667   2.44065   2.42463   2.40861   2.39259   2.37657   2.36055   2.34453   2.32851   2.31250   2.29648   2.28046   2.26444   2.24842   2.23240   2.21638   2.20036   2.18434   2.16832   2.15230   2.13629   2.12027   2.10425   2.08823   2.07221   2.05619   2.04017   2.02415   2.00813   1.99211   1.97610   1.96008   1.94406   1.92804   1.91202   1.89600   1.87998   1.86396   1.84794   1.83192   1.81590   1.79989
E26-02   0.35497   0.34710   0.33924   0.33138   0.32352   0.31566   0.30780   0.29993   0.29207   0.28421   0.27635   0.26849   0.26062   0.25276   0.24490   0.23704   0.22918   0.22131   0.21345   0.20559   0.19773   0.18987   0.18200   0.17414   0.16628   0.15842   0.15056   0.14270   0.13483   0.12697   0.11911   0.11125   0.10339   0.09552   0.08766   0.07980   0.07194   0.06408   0.05621   0.04835   0.04049   0.03263
E26-04   0.13317   0.13085   0.12853   0.12621   0.12389   0.12157   0.11925   0.11693   0.11461   0.11230   0.10998   0.10766   0.10534   0.10302   0.10070   0.09838   0.09606   0.09374   0.09142   0.08910   0.08679   0.08447   0.08215   0.07983   0.07751   0.07519   0.07287   0.07055   0.06823   0.06591   0.06360   0.06128   0.05896   0.05664   0.05432   0.05200   0.04968   0.04736   0.04504   0.04272   0.04040   0.03809
E26-05   0.10320   0.10107   0.09894   0.09681   0.09469   0.09256   0.09043   0.08830   0.08617   0.08404   0.08191   0.07979   0.07766   0.07553   0.07340   0.07127   0.06914   0.06701   0.06489   0.06276   0.06063   0.05850   0.05637   0.05424   0.05211   0.04999   0.04786   0.04573   0.04360   0.04147   0.03934   0.03721   0.03509   0.03296   0.03083   0.02870   0.02657   0.02444   0.02231   0.02019   0.01806   0.01593
E26-08   0.10081   0.09834   0.09588   0.09341   0.09094   0.08847   0.08600   0.08353   0.08106   0.07859   0.07612   0.07365   0.07118   0.06871   0.06624   0.06377   0.06130   0.05883   0.05636   0.05389   0.05142   0.04896   0.04649   0.04402   0.04155   0.03908   0.03661   0.03414   0.03167   0.02920   0.02673   0.02426   0.02179   0.01932   0.01685   0.01438   0.01191   0.00944   0.00698   0.00451   0.00204   0.00000
E32-02   0.32472   0.31923   0.31375   0.30827   0.30278   0.29730   0.29182   0.28633   0.28085   0.27537   0.26988   0.26440   0.25892   0.25343   0.24795   0.24247   0.23698   0.23150   0.22602   0.22053   0.21505   0.20957   0.20408   0.19860   0.19312   0.18763   0.18215   0.17667   0.17118   0.16570   0.16022   0.15473   0.14925   0.14377   0.13828   0.13280   0.12732   0.12183   0.11635   0.11087   0.10538   0.09990
E33-01   0.12245   0.12164   0.12084   0.12003   0.11922   0.11841   0.11761   0.11680   0.11599   0.11519   0.11438   0.11357   0.11276   0.11196   0.11115   0.11034   0.10954   0.10873   0.10792   0.10711   0.10631   0.10550   0.10469   0.10389   0.10308   0.10227   0.10146   0.10066   0.09985   0.09904   0.09824   0.09743   0.09662   0.09581   0.09501   0.09420   0.09339   0.09259   0.09178   0.09097   0.09016   0.08936
E35-02   0.08560   0.08371   0.08183   0.07994   0.07806   0.07617   0.07429   0.07240   0.07051   0.06863   0.06674   0.06486   0.06297   0.06109   0.05920   0.05731   0.05543   0.05354   0.05166   0.04977   0.04789   0.04600   0.04411   0.04223   0.04034   0.03846   0.03657   0.03469   0.03280   0.03091   0.02903   0.02714   0.02526   0.02337   0.02149   0.01960   0.01771   0.01583   0.01394   0.01206   0.01017   0.00829
E35-04   0.42940   0.41931   0.40923   0.39914   0.38906   0.37897   0.36889   0.35880   0.34871   0.33863   0.32854   0.31846   0.30837   0.29829   0.28820   0.27811   0.26803   0.25794   0.24786   0.23777   0.22769   0.21760   0.20751   0.19743   0.18734   0.17726   0.16717   0.15709   0.14700   0.13691   0.12683   0.11674   0.10666   0.09657   0.08649   0.07640   0.06631   0.05623   0.04614   0.03606   0.02597   0.01589
E35-06   0.07865   0.07676   0.07486   0.07297   0.07108   0.06919   0.06729   0.06540   0.06351   0.06161   0.05972   0.05783   0.05594   0.05404   0.05215   0.05026   0.04836   0.04647   0.04458   0.04269   0.04079   0.03890   0.03701   0.03511   0.03322   0.03133   0.02944   0.02754   0.02565   0.02376   0.02186   0.01997   0.01808   0.01619   0.01429   0.01240   0.01051   0.00861   0.00672   0.00483   0.00294   0.00104
E35-08   0.08643   0.08467   0.08290   0.08113   0.07937   0.07760   0.07583   0.07407   0.07230   0.07053   0.06877   0.06700   0.06523   0.06347   0.06170   0.05993   0.05817   0.05640   0.05463   0.05287   0.05110   0.04933   0.04757   0.04580   0.04403   0.04227   0.04050   0.03873   0.03697   0.03520   0.03343   0.03167   0.02990   0.02813   0.02637   0.02460   0.02283   0.02107   0.01930   0.01753   0.01577   0.01400
E35-11   0.07848   0.07657   0.07465   0.07273   0.07082   0.06890   0.06698   0.06507   0.06315   0.06123   0.05932   0.05740   0.05548   0.05357   0.05165   0.04973   0.04782   0.04590   0.04398   0.04207   0.04015   0.03823   0.03632   0.03440   0.03248   0.03057   0.02865   0.02673   0.02482   0.02290   0.02098   0.01907   0.01715   0.01523   0.01332   0.01140   0.00948   0.00757   0.00565   0.00373   0.00182   0.00000
E35-12   0.54072   0.52796   0.51521   0.50245   0.48970   0.47694   0.46419   0.45143   0.43868   0.42592   0.41317   0.40041   0.38766   0.37490   0.36215   0.34940   0.33664   0.32389   0.31113   0.29838   0.28562   0.27287   0.26011   0.24736   0.23460   0.22185   0.20909   0.19634   0.18358   0.17083   0.15807   0.14532   0.13256   0.11981   0.10705   0.09430   0.08155   0.06879   0.05604   0.04328   0.03053   0.01777
E35-13   0.31268   0.30941   0.30614   0.30286   0.29959   0.29631   0.29304   0.28977   0.28649   0.28322   0.27995   0.27667   0.27340   0.27012   0.26685   0.26358   0.26030   0.25703   0.25375   0.25048   0.24721   0.24393   0.24066   0.23739   0.23411   0.23084   0.22756   0.22429   0.22102   0.21774   0.21447   0.21120   0.20792   0.20465   0.20137   0.19810   0.19483   0.19155   0.18828   0.18500   0.18173   0.17846
E35-15   0.52623   0.51927   0.51230   0.50533   0.49837   0.49140   0.48443   0.47747   0.47050   0.46353   0.45657   0.44960   0.44263   0.43567   0.42870   0.42173   0.41477   0.40780   0.40083   0.39387   0.38690   0.37993   0.37297   0.36600   0.35903   0.35207   0.34510   0.33813   0.33117   0.32420   0.31723   0.31027   0.30330   0.29633   0.28937   0.28240   0.27543   0.26847   0.26150   0.25453   0.24757   0.24060
E35-17   0.98592   0.97506   0.96421   0.95335   0.94250   0.93164   0.92079   0.90993   0.89908   0.88822   0.87737   0.86651   0.85566   0.84480   0.83395   0.82310   0.81224   0.80139   0.79053   0.77968   0.76882   0.75797   0.74711   0.73626   0.72540   0.71455   0.70369   0.69284   0.68198   0.67113   0.66027   0.64942   0.63856   0.62771   0.61685   0.60600   0.59515   0.58429   0.57344   0.56258   0.55173   0.54087
E35-18   0.13472   0.13146   0.12821   0.12495   0.12170   0.11844   0.11519   0.11193   0.10868   0.10542   0.10217   0.09891   0.09566   0.09240   0.08915   0.08590   0.08264   0.07939   0.07613   0.07288   0.06962   0.06637   0.06311   0.05986   0.05660   0.05335   0.05009   0.04684   0.04358   0.04033   0.03707   0.03382   0.03056   0.02731   0.02405   0.02080   0.01755   0.01429   0.01104   0.00778   0.00453   0.00127
E35-19   0.52712   0.52028   0.51344   0.50660   0.49975   0.49291   0.48607   0.47923   0.47239   0.46555   0.45871   0.45187   0.44503   0.43819   0.43135   0.42451   0.41767   0.41083   0.40399   0.39715   0.39031   0.38347   0.37663   0.36979   0.36295   0.35610   0.34926   0.34242   0.33558   0.32874   0.32190   0.31506   0.30822   0.30138   0.29454   0.28770   0.28086   0.27402   0.26718   0.26034   0.25350   0.24666
E35-23   0.29357   0.28658   0.27959   0.27260   0.26560   0.25861   0.25162   0.24463   0.23764   0.23065   0.22366   0.21667   0.20968   0.20269   0.19570   0.18871   0.18172   0.17473   0.16774   0.16075   0.15376   0.14677   0.13978   0.13279   0.12580   0.11880   0.11181   0.10482   0.09783   0.09084   0.08385   0.07686   0.06987   0.06288   0.05589   0.04890   0.04191   0.03492   0.02793   0.02094   0.01395   0.00696
E35-25   0.11238   0.11022   0.10806   0.10590   0.10375   0.10159   0.09943   0.09727   0.09511   0.09295   0.09079   0.08863   0.08647   0.08431   0.08215   0.07999   0.07783   0.07567   0.07351   0.07135   0.06919   0.06703   0.06487   0.06271   0.06055   0.05840   0.05624   0.05408   0.05192   0.04976   0.04760   0.04544   0.04328   0.04112   0.03896   0.03680   0.03464   0.03248   0.03032   0.02816   0.02600   0.02384
E41-03   0.22675   0.22254   0.21834   0.21413   0.20992   0.20571   0.20151   0.19730   0.19309   0.18889   0.18468   0.18047   0.17626   0.17206   0.16785   0.16364   0.15944   0.15523   0.15102   0.14681   0.14261   0.13840   0.13419   0.12999   0.12578   0.12157   0.11736   0.11316   0.10895   0.10474   0.10054   0.09633   0.09212   0.08791   0.08371   0.07950   0.07529   0.07109   0.06688   0.06267   0.05846   0.05426
E41-04   0.28373   0.27767   0.27160   0.26553   0.25947   0.25340   0.24733   0.24127   0.23520   0.22913   0.22307   0.21700   0.21093   0.20487   0.19880   0.19273   0.18667   0.18060   0.17453   0.16847   0.16240   0.15633   0.15027   0.14420   0.13813   0.13207   0.12600   0.11993   0.11387   0.10780   0.10173   0.09567   0.08960   0.08353   0.07747   0.07140   0.06533   0.05927   0.05320   0.04713   0.04107   0.03500
E42-01   0.35967   0.35319   0.34671   0.34024   0.33376   0.32729   0.32081   0.31433   0.30786   0.30138   0.29490   0.28843   0.28195   0.27548   0.26900   0.26252   0.25605   0.24957   0.24310   0.23662   0.23014   0.22367   0.21719   0.21071   0.20424   0.19776   0.19129   0.18481   0.17833   0.17186   0.16538   0.15890   0.15243   0.14595   0.13948   0.13300   0.12652   0.12005   0.11357   0.10710   0.10062   0.09414
E42-02   0.13975   0.13757   0.13539   0.13321   0.13104   0.12886   0.12668   0.12450   0.12232   0.12014   0.11796   0.11579   0.11361   0.11143   0.10925   0.10707   0.10489   0.10271   0.10054   0.09836   0.09618   0.09400   0.09182   0.08964   0.08746   0.08529   0.08311   0.08093   0.07875   0.07657   0.07439   0.07221   0.07004   0.06786   0.06568   0.06350   0.06132   0.05914   0.05696   0.05479   0.05261   0.05043
E42-08   0.43132   0.42445   0.41758   0.41071   0.40384   0.39697   0.39010   0.38323   0.37636   0.36950   0.36263   0.35576   0.34889   0.34202   0.33515   0.32828   0.32141   0.31454   0.30767   0.30080   0.29394   0.28707   0.28020   0.27333   0.26646   0.25959   0.25272   0.24585   0.23898   0.23211   0.22525   0.21838   0.21151   0.20464   0.19777   0.19090   0.18403   0.17716   0.17029   0.16342   0.15655   0.14969
E42-10   0.82098   0.80470   0.78841   0.77212   0.75583   0.73954   0.72325   0.70697   0.69068   0.67439   0.65810   0.64181   0.62553   0.60924   0.59295   0.57666   0.56037   0.54409   0.52780   0.51151   0.49522   0.47893   0.46265   0.44636   0.43007   0.41378   0.39749   0.38120   0.36492   0.34863   0.33234   0.31605   0.29976   0.28348   0.26719   0.25090   0.23461   0.21832   0.20204   0.18575   0.16946   0.15317
E42-12   0.11952   0.11659   0.11366   0.11074   0.10781   0.10489   0.10196   0.09903   0.09611   0.09318   0.09025   0.08733   0.08440   0.08148   0.07855   0.07562   0.07270   0.06977   0.06685   0.06392   0.06099   0.05807   0.05514   0.05221   0.04929   0.04636   0.04344   0.04051   0.03758   0.03466   0.03173   0.02880   0.02588   0.02295   0.02003   0.01710   0.01417   0.01125   0.00832   0.00540   0.00247   0.00000
E42-13   0.14302   0.14130   0.13959   0.13788   0.13617   0.13446   0.13275   0.13103   0.12932   0.12761   0.12590   0.12419   0.12247   0.12076   0.11905   0.11734   0.11563   0.11391   0.11220   0.11049   0.10878   0.10707   0.10535   0.10364   0.10193   0.10022   0.09851   0.09680   0.09508   0.09337   0.09166   0.08995   0.08824   0.08652   0.08481   0.08310   0.08139   0.07968   0.07796   0.07625   0.07454   0.07283
E42-14   0.27993   0.27591   0.27189   0.26786   0.26384   0.25981   0.25579   0.25177   0.24774   0.24372   0.23970   0.23567   0.23165   0.22762   0.22360   0.21958   0.21555   0.21153   0.20750   0.20348   0.19946   0.19543   0.19141   0.18739   0.18336   0.17934   0.17531   0.17129   0.16727   0.16324   0.15922   0.15520   0.15117   0.14715   0.14312   0.13910   0.13508   0.13105   0.12703   0.12300   0.11898   0.11496
E43-04   0.16368   0.16190   0.16011   0.15832   0.15653   0.15474   0.15295   0.15117   0.14938   0.14759   0.14580   0.14401   0.14223   0.14044   0.13865   0.13686   0.13507   0.13329   0.13150   0.12971   0.12792   0.12613   0.12435   0.12256   0.12077   0.11898   0.11719   0.11540   0.11362   0.11183   0.11004   0.10825   0.10646   0.10468   0.10289   0.10110   0.09931   0.09752   0.09574   0.09395   0.09216   0.09037
E43-06   0.12495   0.12236   0.11976   0.11717   0.11458   0.11199   0.10939   0.10680   0.10421   0.10161   0.09902   0.09643   0.09384   0.09124   0.08865   0.08606   0.08346   0.08087   0.07828   0.07569   0.07309   0.07050   0.06791   0.06531   0.06272   0.06013   0.05754   0.05494   0.05235   0.04976   0.04716   0.04457   0.04198   0.03939   0.03679   0.03420   0.03161   0.02901   0.02642   0.02383   0.02124   0.01864
E44-02   0.44558   0.43621   0.42684   0.41746   0.40809   0.39871   0.38934   0.37997   0.37059   0.36122   0.35185   0.34247   0.33310   0.32372   0.31435   0.30498   0.29560   0.28623   0.27685   0.26748   0.25811   0.24873   0.23936   0.22999   0.22061   0.21124   0.20186   0.19249   0.18312   0.17374   0.16437   0.15500   0.14562   0.13625   0.12687   0.11750   0.10813   0.09875   0.08938   0.08000   0.07063   0.06126
E44-04   1.42115   1.40337   1.38559   1.36782   1.35004   1.33226   1.31448   1.29670   1.27892   1.26115   1.24337   1.22559   1.20781   1.19003   1.17225   1.15448   1.13670   1.11892   1.10114   1.08336   1.06558   1.04781   1.03003   1.01225   0.99447   0.97669   0.95891   0.94114   0.92336   0.90558   0.88780   0.87002   0.85224   0.83446   0.81669   0.79891   0.78113   0.76335   0.74557   0.72779   0.71002   0.69224
E44-08   0.42607   0.41675   0.40743   0.39811   0.38879   0.37947   0.37015   0.36083   0.35151   0.34220   0.33288   0.32356   0.31424   0.30492   0.29560   0.28628   0.27696   0.26764   0.25832   0.24900   0.23969   0.23037   0.22105   0.21173   0.20241   0.19309   0.18377   0.17445   0.16513   0.15581   0.14650   0.13718   0.12786   0.11854   0.10922   0.09990   0.09058   0.08126   0.07194   0.06262   0.05330   0.04399
E45-07   0.16112   0.15896   0.15681   0.15465   0.15250   0.15034   0.14819   0.14603   0.14388   0.14172   0.13957   0.13741   0.13526   0.13310   0.13095   0.12880   0.12664   0.12449   0.12233   0.12018   0.11802   0.11587   0.11371   0.11156   0.10940   0.10725   0.10509   0.10294   0.10078   0.09863   0.09647   0.09432   0.09216   0.09001   0.08785   0.08570   0.08355   0.08139   0.07924   0.07708   0.07493   0.07277
E45-08   2.89100   2.84131   2.79163   2.74194   2.69226   2.64257   2.59289   2.54320   2.49351   2.44383   2.39414   2.34446   2.29477   2.24509   2.19540   2.14571   2.09603   2.04634   1.99666   1.94697   1.89729   1.84760   1.79791   1.74823   1.69854   1.64886   1.59917   1.54949   1.49980   1.45011   1.40043   1.35074   1.30106   1.25137   1.20169   1.15200   1.10231   1.05263   1.00294   0.95326   0.90357   0.85389
E45-09   0.11622   0.11353   0.11085   0.10817   0.10548   0.10280   0.10012   0.09743   0.09475   0.09207   0.08938   0.08670   0.08402   0.08133   0.07865   0.07597   0.07328   0.07060   0.06792   0.06523   0.06255   0.05987   0.05718   0.05450   0.05182   0.04913   0.04645   0.04377   0.04108   0.03840   0.03572   0.03303   0.03035   0.02767   0.02498   0.02230   0.01962   0.01693   0.01425   0.01157   0.00888   0.00620
E45-11   1.41343   1.39455   1.37567   1.35678   1.33790   1.31902   1.30014   1.28126   1.26238   1.24349   1.22461   1.20573   1.18685   1.16797   1.14909   1.13021   1.11132   1.09244   1.07356   1.05468   1.03580   1.01692   0.99803   0.97915   0.96027   0.94139   0.92251   0.90363   0.88474   0.86586   0.84698   0.82810   0.80922   0.79034   0.77146   0.75257   0.73369   0.71481   0.69593   0.67705   0.65817   0.63928
E46-01   0.44510   0.43850   0.43190   0.42530   0.41870   0.41210   0.40550   0.39890   0.39230   0.38570   0.37910   0.37250   0.36590   0.35930   0.35270   0.34610   0.33950   0.33290   0.32630   0.31970   0.31310   0.30650   0.29990   0.29330   0.28670   0.28010   0.27350   0.26690   0.26030   0.25370   0.24710   0.24050   0.23390   0.22730   0.22070   0.21410   0.20750   0.20090   0.19430   0.18770   0.18110   0.17450
E46-03   0.09372   0.09148   0.08924   0.08700   0.08475   0.08251   0.08027   0.07803   0.07579   0.07355   0.07131   0.06907   0.06683   0.06459   0.06235   0.06011   0.05787   0.05563   0.05339   0.05115   0.04891   0.04667   0.04443   0.04219   0.03995   0.03770   0.03546   0.03322   0.03098   0.02874   0.02650   0.02426   0.02202   0.01978   0.01754   0.01530   0.01306   0.01082   0.00858   0.00634   0.00410   0.00186
E46-04   0.11483   0.11195   0.10907   0.10619   0.10331   0.10043   0.09755   0.09467   0.09179   0.08890   0.08602   0.08314   0.08026   0.07738   0.07450   0.07162   0.06874   0.06586   0.06298   0.06010   0.05721   0.05433   0.05145   0.04857   0.04569   0.04281   0.03993   0.03705   0.03417   0.03129   0.02840   0.02552   0.02264   0.01976   0.01688   0.01400   0.01112   0.00824   0.00536   0.00248   0.00000   0.00000
E46-05   0.12418   0.12148   0.11878   0.11608   0.11337   0.11067   0.10797   0.10527   0.10256   0.09986   0.09716   0.09446   0.09175   0.08905   0.08635   0.08365   0.08094   0.07824   0.07554   0.07284   0.07013   0.06743   0.06473   0.06203   0.05932   0.05662   0.05392   0.05122   0.04851   0.04581   0.04311   0.04041   0.03770   0.03500   0.03230   0.02960   0.02690   0.02419   0.02149   0.01879   0.01609   0.01338
E46-06   0.20909   0.20530   0.20151   0.19772   0.19393   0.19015   0.18636   0.18257   0.17878   0.17500   0.17121   0.16742   0.16363   0.15984   0.15606   0.15227   0.14848   0.14469   0.14090   0.13712   0.13333   0.12954   0.12575   0.12197   0.11818   0.11439   0.11060   0.10681   0.10303   0.09924   0.09545   0.09166   0.08788   0.08409   0.08030   0.07651   0.07272   0.06894   0.06515   0.06136   0.05757   0.05379
E50-02   0.31249   0.30713   0.30177   0.29641   0.29106   0.28570   0.28034   0.27498   0.26962   0.26426   0.25890   0.25355   0.24819   0.24283   0.23747   0.23211   0.22675   0.22140   0.21604   0.21068   0.20532   0.19996   0.19460   0.18924   0.18389   0.17853   0.17317   0.16781   0.16245   0.15709   0.15173   0.14638   0.14102   0.13566   0.13030   0.12494   0.11958   0.11422   0.10887   0.10351   0.09815   0.09279
E50-04   0.10672   0.10464   0.10255   0.10047   0.09839   0.09630   0.09422   0.09214   0.09006   0.08797   0.08589   0.08381   0.08172   0.07964   0.07756   0.07548   0.07339   0.07131   0.06923   0.06714   0.06506   0.06298   0.06090   0.05881   0.05673   0.05465   0.05256   0.05048   0.04840   0.04631   0.04423   0.04215   0.04007   0.03798   0.03590   0.03382   0.03173   0.02965   0.02757   0.02549   0.02340   0.02132
E50-06   0.57145   0.56746   0.56347   0.55947   0.55548   0.55149   0.54750   0.54350   0.53951   0.53552   0.53152   0.52753   0.52354   0.51955   0.51555   0.51156   0.50757   0.50358   0.49958   0.49559   0.49160   0.48760   0.48361   0.47962   0.47563   0.47163   0.46764   0.46365   0.45966   0.45566   0.45167   0.44768   0.44369   0.43969   0.43570   0.43171   0.42771   0.42372   0.41973   0.41574   0.41174   0.40775
E50-07   2.07679   2.07070   2.06461   2.05852   2.05243   2.04635   2.04026   2.03417   2.02808   2.02200   2.01591   2.00982   2.00373   1.99764   1.99156   1.98547   1.97938   1.97329   1.96720   1.96112   1.95503   1.94894   1.94285   1.93677   1.93068   1.92459   1.91850   1.91241   1.90633   1.90024   1.89415   1.88806   1.88198   1.87589   1.86980   1.86371   1.85762   1.85154   1.84545   1.83936   1.83327   1.82719
E51-02   0.74649   0.72491   0.70334   0.68177   0.66020   0.63862   0.61705   0.59548   0.57390   0.55233   0.53076   0.50918   0.48761   0.46604   0.44446   0.42289   0.40132   0.37974   0.35817   0.33660   0.31502   0.29345   0.27188   0.25030   0.22873   0.20716   0.18559   0.16401   0.14244   0.12087   0.09929   0.07772   0.05615   0.03457   0.01300   0.00000   0.00000   0.00000   0.00000   0.00000   0.00000   0.00000
E51-03   0.80962   0.79707   0.78452   0.77196   0.75941   0.74686   0.73430   0.72175   0.70920   0.69664   0.68409   0.67153   0.65898   0.64643   0.63387   0.62132   0.60877   0.59621   0.58366   0.57110   0.55855   0.54600   0.53344   0.52089   0.50834   0.49578   0.48323   0.47068   0.45812   0.44557   0.43301   0.42046   0.40791   0.39535   0.38280   0.37025   0.35769   0.34514   0.33259   0.32003   0.30748   0.29492
E51-04   0.07303   0.07220   0.07138   0.07056   0.06973   0.06891   0.06808   0.06726   0.06643   0.06561   0.06479   0.06396   0.06314   0.06231   0.06149   0.06066   0.05984   0.05901   0.05819   0.05737   0.05654   0.05572   0.05489   0.05407   0.05324   0.05242   0.05160   0.05077   0.04995   0.04912   0.04830   0.04747   0.04665   0.04582   0.04500   0.04418   0.04335   0.04253   0.04170   0.04088   0.04005   0.03923
E51-06   0.28249   0.28123   0.27997   0.27871   0.27746   0.27620   0.27494   0.27368   0.27242   0.27116   0.26990   0.26865   0.26739   0.26613   0.26487   0.26361   0.26235   0.26110   0.25984   0.25858   0.25732   0.25606   0.25480   0.25354   0.25229   0.25103   0.24977   0.24851   0.24725   0.24599   0.24473   0.24348   0.24222   0.24096   0.23970   0.23844   0.23718   0.23592   0.23467   0.23341   0.23215   0.23089
E51-11   0.07150   0.06993   0.06836   0.06679   0.06522   0.06365   0.06208   0.06051   0.05894   0.05737   0.05580   0.05423   0.05266   0.05109   0.04951   0.04794   0.04637   0.04480   0.04323   0.04166   0.04009   0.03852   0.03695   0.03538   0.03381   0.03224   0.03067   0.02910   0.02752   0.02595   0.02438   0.02281   0.02124   0.01967   0.01810   0.01653   0.01496   0.01339   0.01182   0.01025   0.00868   0.00710
E52-02   0.27376   0.27089   0.26803   0.26517   0.26230   0.25944   0.25658   0.25371   0.25085   0.24799   0.24512   0.24226   0.23940   0.23653   0.23367   0.23080   0.22794   0.22508   0.22221   0.21935   0.21649   0.21362   0.21076   0.20790   0.20503   0.20217   0.19931   0.19644   0.19358   0.19072   0.18785   0.18499   0.18213   0.17926   0.17640   0.17354   0.17067   0.16781   0.16495   0.16208   0.15922   0.15636
E52-03   0.47367   0.46741   0.46115   0.45489   0.44863   0.44237   0.43611   0.42985   0.42359   0.41732   0.41106   0.40480   0.39854   0.39228   0.38602   0.37976   0.37350   0.36724   0.36098   0.35471   0.34845   0.34219   0.33593   0.32967   0.32341   0.31715   0.31089   0.30463   0.29837   0.29210   0.28584   0.27958   0.27332   0.26706   0.26080   0.25454   0.24828   0.24202   0.23576   0.22950   0.22323   0.21697
E52-05   0.93478   0.92555   0.91631   0.90708   0.89785   0.88862   0.87939   0.87016   0.86092   0.85169   0.84246   0.83323   0.82400   0.81477   0.80553   0.79630   0.78707   0.77784   0.76861   0.75938   0.75014   0.74091   0.73168   0.72245   0.71322   0.70399   0.69475   0.68552   0.67629   0.66706   0.65783   0.64860   0.63936   0.63013   0.62090   0.61167   0.60244   0.59320   0.58397   0.57474   0.56551   0.55628
E52-06   0.10312   0.10294   0.10275   0.10257   0.10239   0.10220   0.10202   0.10184   0.10166   0.10147   0.10129   0.10111   0.10092   0.10074   0.10056   0.10038   0.10019   0.10001   0.09983   0.09964   0.09946   0.09928   0.09910   0.09891   0.09873   0.09855   0.09836   0.09818   0.09800   0.09781   0.09763   0.09745   0.09727   0.09708   0.09690   0.09672   0.09653   0.09635   0.09617   0.09599   0.09580   0.09562
E52-07   0.24693   0.24364   0.24034   0.23705   0.23375   0.23046   0.22716   0.22387   0.22057   0.21728   0.21398   0.21069   0.20739   0.20410   0.20080   0.19751   0.19421   0.19092   0.18762   0.18433   0.18103   0.17774   0.17444   0.17115   0.16785   0.16456   0.16126   0.15797   0.15467   0.15138   0.14808   0.14479   0.14149   0.13820   0.13490   0.13160   0.12831   0.12501   0.12172   0.11842   0.11513   0.11183
E54-01   0.24092   0.23677   0.23262   0.22846   0.22431   0.22016   0.21600   0.21185   0.20770   0.20354   0.19939   0.19523   0.19108   0.18693   0.18277   0.17862   0.17447   0.17031   0.16616   0.16200   0.15785   0.15370   0.14954   0.14539   0.14124   0.13708   0.13293   0.12878   0.12462   0.12047   0.11631   0.11216   0.10801   0.10385   0.09970   0.09555   0.09139   0.08724   0.08309   0.07893   0.07478   0.07062
E56-01   0.12522   0.12382   0.12242   0.12102   0.11963   0.11823   0.11683   0.11543   0.11404   0.11264   0.11124   0.10984   0.10845   0.10705   0.10565   0.10425   0.10286   0.10146   0.10006   0.09866   0.09727   0.09587   0.09447   0.09307   0.09168   0.09028   0.08888   0.08748   0.08609   0.08469   0.08329   0.08189   0.08050   0.07910   0.07770   0.07630   0.07490   0.07351   0.07211   0.07071   0.06931   0.06792
E56-04   0.23099   0.22541   0.21984   0.21427   0.20870   0.20312   0.19755   0.19198   0.18640   0.18083   0.17526   0.16968   0.16411   0.15854   0.15296   0.14739   0.14182   0.13624   0.13067   0.12510   0.11952   0.11395   0.10838   0.10280   0.09723   0.09166   0.08609   0.08051   0.07494   0.06937   0.06379   0.05822   0.05265   0.04707   0.04150   0.03593   0.03035   0.02478   0.01921   0.01363   0.00806   0.00249
E73-02   0.29486   0.28679   0.27873   0.27067   0.26260   0.25454   0.24648   0.23841   0.23035   0.22229   0.21422   0.20616   0.19810   0.19003   0.18197   0.17390   0.16584   0.15778   0.14971   0.14165   0.13359   0.12552   0.11746   0.10940   0.10133   0.09327   0.08521   0.07714   0.06908   0.06102   0.05295   0.04489   0.03683   0.02876   0.02070   0.01264   0.00457   0.00000   0.00000   0.00000   0.00000   0.00000
E73-03   0.29310   0.28478   0.27647   0.26815   0.25984   0.25152   0.24321   0.23490   0.22658   0.21827   0.20995   0.20164   0.19332   0.18501   0.17669   0.16838   0.16006   0.15175   0.14343   0.13512   0.12680   0.11849   0.11018   0.10186   0.09355   0.08523   0.07692   0.06860   0.06029   0.05197   0.04366   0.03534   0.02703   0.01871   0.01040   0.00209   0.00000   0.00000   0.00000   0.00000   0.00000   0.00000
E73-04   0.12479   0.12333   0.12187   0.12041   0.11896   0.11750   0.11604   0.11458   0.11312   0.11166   0.11020   0.10875   0.10729   0.10583   0.10437   0.10291   0.10145   0.10000   0.09854   0.09708   0.09562   0.09416   0.09270   0.09124   0.08979   0.08833   0.08687   0.08541   0.08395   0.08249   0.08103   0.07958   0.07812   0.07666   0.07520   0.07374   0.07228   0.07082   0.06937   0.06791   0.06645   0.06499
E73-05   0.12208   0.12023   0.11838   0.11654   0.11469   0.11284   0.11100   0.10915   0.10730   0.10546   0.10361   0.10177   0.09992   0.09807   0.09623   0.09438   0.09253   0.09069   0.08884   0.08700   0.08515   0.08330   0.08146   0.07961   0.07776   0.07592   0.07407   0.07222   0.07038   0.06853   0.06669   0.06484   0.06299   0.06115   0.05930   0.05745   0.05561   0.05376   0.05191   0.05007   0.04822   0.04638
