Glacier volumes in km3 between 1980 and 2021 for Swiss glaciers
SGI-ID 1980  1981  1982  1983  1984  1985  1986  1987  1988  1989  1990  1991  1992  1993  1994  1995  1996  1997  1998  1999  2000  2001  2002  2003  2004  2005  2006  2007  2008  2009  2010  2011  2012  2013  2014  2015  2016  2017  2018  2019  2020  2021  
A10g-02  0.024958  0.024851  0.023953  0.023385  0.023515  0.022561  0.021834  0.021543  0.021092  0.020582  0.019722  0.018612  0.017786  0.017393  0.016907  0.016770  0.016374  0.015934  0.014993  0.014795  0.014593  0.014565  0.014021  0.012749  0.012521  0.011925  0.011244  0.010788  0.010357  0.009868  0.009607  0.008857  0.008376  0.008219  0.007974  0.007470  0.007187  0.006673  0.006124  0.005832  0.005560  0.005443
A10g-04  0.001397  0.001411  0.001322  0.001275  0.001316  0.001220  0.001152  0.001138  0.001104  0.001062  0.000980  0.000870  0.000795  0.000768  0.000730  0.000730  0.000701  0.000668  0.000585  0.000577  0.000567  0.000572  0.000530  0.000425  0.000413  0.000371  0.000324  0.000296  0.000271  0.000243  0.000232  0.000191  0.000170  0.000168  0.000162  0.000145  0.000140  0.000129  0.000120  0.000123  0.000128  0.000138
A10g-05  0.218973  0.220061  0.216482  0.214794  0.217260  0.213173  0.210393  0.210239  0.209061  0.207483  0.203627  0.198073  0.194233  0.193129  0.191369  0.191891  0.190659  0.189074  0.183962  0.183915  0.183820  0.184955  0.182346  0.174295  0.173790  0.170472  0.166389  0.163908  0.161532  0.158604  0.157403  0.152113  0.148872  0.148259  0.146835  0.143042  0.141072  0.136885  0.132179  0.129693  0.127262  0.126221
A10g-07  0.006733  0.006792  0.006561  0.006448  0.006590  0.006331  0.006153  0.006135  0.006056  0.005953  0.005717  0.005385  0.005156  0.005087  0.004981  0.005006  0.004931  0.004837  0.004548  0.004542  0.004533  0.004590  0.004445  0.004012  0.003984  0.003809  0.003597  0.003471  0.003353  0.003208  0.003152  0.002896  0.002744  0.002722  0.002662  0.002491  0.002409  0.002226  0.002024  0.001927  0.001835  0.001807
A10g-08  0.053273  0.053365  0.051940  0.051138  0.051680  0.050112  0.048975  0.048682  0.048067  0.047329  0.045879  0.043908  0.042488  0.041931  0.041175  0.041130  0.040546  0.039860  0.038104  0.037901  0.037685  0.037840  0.036874  0.034297  0.033981  0.032839  0.031483  0.030609  0.029776  0.028791  0.028315  0.026675  0.025636  0.025352  0.024845  0.023682  0.023041  0.021795  0.020424  0.019676  0.018955  0.018619
A10g-09  0.004283  0.004294  0.004153  0.004075  0.004131  0.003976  0.003864  0.003836  0.003776  0.003704  0.003560  0.003363  0.003221  0.003167  0.003092  0.003089  0.003031  0.002963  0.002786  0.002767  0.002746  0.002763  0.002666  0.002405  0.002374  0.002258  0.002121  0.002032  0.001947  0.001847  0.001798  0.001630  0.001523  0.001494  0.001442  0.001322  0.001255  0.001126  0.000983  0.000905  0.000829  0.000793
A10g-11  0.005512  0.005450  0.005107  0.004885  0.004903  0.004550  0.004280  0.004156  0.003980  0.003787  0.003487  0.003119  0.002845  0.002704  0.002538  0.002473  0.002336  0.002190  0.001918  0.001842  0.001764  0.001728  0.001572  0.001266  0.001195  0.001053  0.000904  0.000805  0.000717  0.000627  0.000579  0.000470  0.000409  0.000394  0.000373  0.000337  0.000329  0.000317  0.000320  0.000346  0.000373  0.000373
A10g-12  0.023653  0.023635  0.022931  0.022510  0.022698  0.021934  0.021365  0.021179  0.020847  0.020463  0.019760  0.018825  0.018139  0.017841  0.017456  0.017388  0.017082  0.016730  0.015906  0.015772  0.015634  0.015660  0.015192  0.014015  0.013837  0.013297  0.012665  0.012247  0.011849  0.011386  0.011147  0.010403  0.009923  0.009773  0.009527  0.008999  0.008699  0.008141  0.007531  0.007192  0.006867  0.006708
A10g-14  0.004405  0.004403  0.004235  0.004135  0.004182  0.004000  0.003866  0.003823  0.003745  0.003655  0.003489  0.003269  0.003108  0.003040  0.002951  0.002937  0.002866  0.002786  0.002594  0.002565  0.002534  0.002542  0.002435  0.002165  0.002126  0.002003  0.001861  0.001768  0.001679  0.001577  0.001525  0.001360  0.001255  0.001225  0.001173  0.001059  0.000996  0.000876  0.000746  0.000677  0.000610  0.000581
A10g-15  0.004651  0.004665  0.004507  0.004419  0.004484  0.004308  0.004180  0.004150  0.004082  0.004000  0.003835  0.003608  0.003445  0.003382  0.003295  0.003291  0.003225  0.003145  0.002939  0.002916  0.002891  0.002912  0.002797  0.002488  0.002450  0.002312  0.002147  0.002040  0.001937  0.001815  0.001755  0.001550  0.001419  0.001381  0.001315  0.001166  0.001081  0.000920  0.000741  0.000640  0.000542  0.000492
A10g-18  0.012342  0.012191  0.011422  0.010921  0.010953  0.010170  0.009571  0.009297  0.008911  0.008490  0.007839  0.007040  0.006451  0.006156  0.005810  0.005684  0.005405  0.005108  0.004543  0.004404  0.004265  0.004216  0.003914  0.003295  0.003181  0.002919  0.002646  0.002484  0.002349  0.002214  0.002167  0.002004  0.001943  0.001976  0.002002  0.002007  0.002068  0.002135  0.002239  0.002349  0.002349  0.002349
A10g-21  0.004385  0.004342  0.004024  0.003824  0.003858  0.003533  0.003288  0.003186  0.003033  0.002866  0.002598  0.002267  0.002027  0.001914  0.001778  0.001735  0.001627  0.001511  0.001284  0.001234  0.001183  0.001167  0.001050  0.000810  0.000769  0.000672  0.000574  0.000519  0.000475  0.000434  0.000424  0.000381  0.000375  0.000397  0.000420  0.000446  0.000475  0.000475  0.000475  0.000475  0.000475  0.000475
A10g-24  0.003760  0.003748  0.003481  0.003321  0.003377  0.003098  0.002892  0.002816  0.002692  0.002552  0.002318  0.002023  0.001812  0.001715  0.001596  0.001561  0.001465  0.001359  0.001148  0.001100  0.001049  0.001030  0.000914  0.000681  0.000633  0.000530  0.000424  0.000356  0.000298  0.000239  0.000209  0.000144  0.000113  0.000107  0.000100  0.000092  0.000098  0.000100  0.000100  0.000100  0.000100  0.000100
A10g-27  0.012652  0.012389  0.011540  0.010946  0.010859  0.010004  0.009325  0.008952  0.008477  0.007971  0.007256  0.006409  0.005761  0.005384  0.004963  0.004742  0.004386  0.004017  0.003417  0.003193  0.002970  0.002823  0.002467  0.001861  0.001673  0.001373  0.001075  0.000869  0.000691  0.000522  0.000421  0.000262  0.000180  0.000155  0.000137  0.000136  0.000137  0.000137  0.000137  0.000137  0.000137  0.000137
A12d-03  0.021377  0.021287  0.020329  0.019734  0.019897  0.018884  0.018121  0.017826  0.017359  0.016831  0.015937  0.014788  0.013943  0.013549  0.013062  0.012930  0.012536  0.012099  0.011166  0.010975  0.010778  0.010749  0.010221  0.009011  0.008798  0.008244  0.007621  0.007210  0.006830  0.006404  0.006185  0.005550  0.005158  0.005045  0.004862  0.004476  0.004277  0.003909  0.003530  0.003358  0.003210  0.003179
A12d-08  0.002977  0.002955  0.002822  0.002736  0.002747  0.002607  0.002499  0.002452  0.002383  0.002306  0.002181  0.002022  0.001903  0.001843  0.001771  0.001746  0.001687  0.001622  0.001490  0.001457  0.001425  0.001416  0.001338  0.001165  0.001130  0.001047  0.000954  0.000891  0.000831  0.000765  0.000728  0.000629  0.000566  0.000544  0.000511  0.000446  0.000410  0.000345  0.000278  0.000243  0.000211  0.000197
A12d-10  0.015903  0.015872  0.015278  0.014918  0.015053  0.014416  0.013940  0.013773  0.013491  0.013166  0.012591  0.011836  0.011282  0.011036  0.010722  0.010657  0.010406  0.010122  0.009479  0.009366  0.009249  0.009256  0.008893  0.008007  0.007867  0.007463  0.006997  0.006690  0.006400  0.006068  0.005897  0.005375  0.005044  0.004945  0.004782  0.004430  0.004237  0.003876  0.003488  0.003284  0.003093  0.003013
A12e-04  0.138227  0.137242  0.132718  0.129679  0.129791  0.125023  0.121286  0.119522  0.117037  0.114297  0.109971  0.104510  0.100341  0.098139  0.095520  0.094500  0.092309  0.089918  0.085230  0.083953  0.082667  0.082192  0.079342  0.073126  0.071736  0.068644  0.065155  0.062708  0.060381  0.057787  0.056258  0.052433  0.049865  0.048831  0.047384  0.044702  0.043073  0.040336  0.037422  0.035738  0.034146  0.033303
A12e-06  0.002328  0.002309  0.002185  0.002106  0.002116  0.001988  0.001889  0.001846  0.001783  0.001714  0.001602  0.001462  0.001358  0.001306  0.001243  0.001221  0.001170  0.001114  0.001005  0.000977  0.000949  0.000939  0.000876  0.000742  0.000714  0.000652  0.000584  0.000538  0.000496  0.000451  0.000427  0.000364  0.000327  0.000315  0.000297  0.000264  0.000248  0.000220  0.000193  0.000184  0.000179  0.000183
A12e-07  0.003984  0.004049  0.003958  0.003930  0.004042  0.003933  0.003867  0.003889  0.003877  0.003851  0.003746  0.003581  0.003474  0.003462  0.003426  0.003470  0.003452  0.003422  0.003265  0.003288  0.003310  0.003376  0.003306  0.003038  0.003043  0.002944  0.002816  0.002746  0.002680  0.002592  0.002567  0.002389  0.002286  0.002281  0.002246  0.002119  0.002061  0.001916  0.001750  0.001668  0.001588  0.001562
A12e-09  0.001504  0.001500  0.001411  0.001358  0.001378  0.001285  0.001216  0.001191  0.001150  0.001103  0.001023  0.000920  0.000845  0.000812  0.000770  0.000759  0.000726  0.000688  0.000609  0.000593  0.000576  0.000573  0.000529  0.000431  0.000413  0.000369  0.000321  0.000290  0.000262  0.000231  0.000215  0.000172  0.000147  0.000140  0.000130  0.000108  0.000098  0.000081  0.000065  0.000061  0.000060  0.000065
A12e-10  0.008328  0.008245  0.007957  0.007756  0.007737  0.007437  0.007198  0.007073  0.006908  0.006728  0.006459  0.006126  0.005869  0.005724  0.005556  0.005479  0.005337  0.005184  0.004905  0.004816  0.004728  0.004684  0.004511  0.004154  0.004064  0.003881  0.003679  0.003534  0.003397  0.003247  0.003155  0.002943  0.002800  0.002738  0.002655  0.002510  0.002421  0.002277  0.002126  0.002039  0.001959  0.001917
A12f-01  0.005490  0.005418  0.005119  0.004917  0.004913  0.004605  0.004364  0.004245  0.004082  0.003906  0.003641  0.003316  0.003070  0.002936  0.002781  0.002713  0.002584  0.002446  0.002196  0.002119  0.002042  0.002003  0.001855  0.001564  0.001491  0.001349  0.001197  0.001093  0.000998  0.000898  0.000840  0.000711  0.000631  0.000603  0.000565  0.000500  0.000469  0.000419  0.000376  0.000366  0.000365  0.000380
A12g-02  0.001944  0.001936  0.001814  0.001740  0.001762  0.001635  0.001540  0.001504  0.001446  0.001380  0.001272  0.001134  0.001034  0.000987  0.000930  0.000913  0.000867  0.000816  0.000712  0.000689  0.000665  0.000656  0.000599  0.000477  0.000453  0.000398  0.000340  0.000302  0.000267  0.000231  0.000212  0.000166  0.000139  0.000132  0.000122  0.000103  0.000096  0.000085  0.000079  0.000083  0.000091  0.000103
A12g-04  0.006864  0.006864  0.006582  0.006417  0.006498  0.006195  0.005972  0.005902  0.005775  0.005627  0.005356  0.004997  0.004738  0.004629  0.004488  0.004466  0.004355  0.004227  0.003928  0.003883  0.003835  0.003846  0.003681  0.003271  0.003213  0.003031  0.002821  0.002686  0.002560  0.002414  0.002344  0.002113  0.001971  0.001935  0.001870  0.001721  0.001644  0.001494  0.001334  0.001255  0.001184  0.001160
A12g-06  0.002211  0.002222  0.002132  0.002084  0.002123  0.002025  0.001955  0.001940  0.001904  0.001860  0.001771  0.001650  0.001564  0.001533  0.001490  0.001490  0.001458  0.001419  0.001315  0.001306  0.001296  0.001308  0.001253  0.001104  0.001089  0.001025  0.000950  0.000904  0.000860  0.000808  0.000785  0.000698  0.000645  0.000635  0.000612  0.000554  0.000525  0.000465  0.000399  0.000367  0.000337  0.000326
A12h-02  0.001801  0.001800  0.001705  0.001648  0.001675  0.001573  0.001498  0.001474  0.001431  0.001381  0.001291  0.001174  0.001090  0.001055  0.001009  0.001001  0.000965  0.000924  0.000830  0.000815  0.000799  0.000800  0.000749  0.000628  0.000610  0.000556  0.000496  0.000458  0.000423  0.000383  0.000365  0.000305  0.000269  0.000261  0.000246  0.000212  0.000196  0.000164  0.000133  0.000120  0.000111  0.000111
A12i-03  0.012474  0.012522  0.012111  0.011888  0.012070  0.011617  0.011294  0.011224  0.011057  0.010854  0.010440  0.009873  0.009471  0.009324  0.009119  0.009122  0.008967  0.008782  0.008288  0.008245  0.008197  0.008256  0.007992  0.007271  0.007196  0.006887  0.006519  0.006289  0.006071  0.005813  0.005696  0.005259  0.004990  0.004930  0.004808  0.004510  0.004355  0.004038  0.003691  0.003513  0.003344  0.003277
A12i-04  0.006296  0.006328  0.006109  0.005992  0.006095  0.005854  0.005684  0.005651  0.005565  0.005460  0.005242  0.004943  0.004733  0.004659  0.004554  0.004559  0.004480  0.004386  0.004131  0.004111  0.004089  0.004122  0.003988  0.003618  0.003583  0.003427  0.003243  0.003129  0.003022  0.002895  0.002840  0.002625  0.002495  0.002470  0.002414  0.002272  0.002201  0.002052  0.001890  0.001810  0.001736  0.001711
A12j-02  0.007483  0.007405  0.006922  0.006611  0.006645  0.006147  0.005767  0.005595  0.005349  0.005078  0.004657  0.004139  0.003755  0.003558  0.003326  0.003233  0.003040  0.002833  0.002456  0.002346  0.002233  0.002174  0.001956  0.001543  0.001439  0.001244  0.001043  0.000907  0.000787  0.000668  0.000598  0.000464  0.000389  0.000364  0.000335  0.000299  0.000292  0.000295  0.000299  0.000299  0.000299  0.000299
A12k-02  0.011360  0.011077  0.010364  0.009841  0.009694  0.008982  0.008402  0.008051  0.007626  0.007180  0.006580  0.005884  0.005337  0.004993  0.004619  0.004398  0.004076  0.003747  0.003244  0.003027  0.002814  0.002661  0.002350  0.001843  0.001663  0.001396  0.001129  0.000937  0.000766  0.000603  0.000496  0.000336  0.000241  0.000197  0.000158  0.000125  0.000123  0.000125  0.000125  0.000125  0.000125  0.000125
A12l-02  0.003975  0.003903  0.003729  0.003599  0.003560  0.003383  0.003236  0.003147  0.003038  0.002922  0.002764  0.002575  0.002423  0.002328  0.002223  0.002162  0.002071  0.001975  0.001817  0.001754  0.001691  0.001651  0.001549  0.001359  0.001298  0.001194  0.001081  0.000997  0.000917  0.000832  0.000776  0.000663  0.000584  0.000544  0.000495  0.000418  0.000368  0.000293  0.000217  0.000171  0.000129  0.000106
A12l-03  0.009132  0.009146  0.008654  0.008372  0.008524  0.007999  0.007619  0.007502  0.007287  0.007037  0.006583  0.005990  0.005569  0.005394  0.005167  0.005131  0.004952  0.004750  0.004290  0.004217  0.004138  0.004141  0.003893  0.003312  0.003225  0.002974  0.002695  0.002519  0.002360  0.002184  0.002100  0.001844  0.001696  0.001666  0.001608  0.001478  0.001423  0.001316  0.001217  0.001193  0.001184  0.001211
A12l-04  0.002319  0.002316  0.002169  0.002083  0.002118  0.001963  0.001850  0.001810  0.001743  0.001666  0.001534  0.001365  0.001244  0.001190  0.001123  0.001106  0.001052  0.000991  0.000865  0.000839  0.000812  0.000805  0.000736  0.000586  0.000558  0.000492  0.000420  0.000375  0.000334  0.000290  0.000268  0.000212  0.000180  0.000172  0.000160  0.000138  0.000130  0.000118  0.000112  0.000117  0.000128  0.000138
A12l-05  0.009749  0.009771  0.009282  0.009006  0.009167  0.008645  0.008267  0.008158  0.007947  0.007701  0.007247  0.006651  0.006228  0.006057  0.005832  0.005802  0.005626  0.005425  0.004958  0.004889  0.004815  0.004827  0.004576  0.003975  0.003890  0.003632  0.003343  0.003162  0.002996  0.002812  0.002726  0.002450  0.002291  0.002259  0.002196  0.002050  0.001986  0.001859  0.001737  0.001699  0.001676  0.001696
A13b-03  0.014935  0.014957  0.014459  0.014174  0.014350  0.013804  0.013405  0.013296  0.013077  0.012816  0.012313  0.011634  0.011143  0.010946  0.010682  0.010659  0.010453  0.010213  0.009613  0.009537  0.009457  0.009502  0.009170  0.008299  0.008187  0.007799  0.007341  0.007045  0.006762  0.006431  0.006268  0.005721  0.005375  0.005278  0.005109  0.004724  0.004512  0.004102  0.003654  0.003410  0.003176  0.003068
A13c-01  0.002904  0.002877  0.002733  0.002639  0.002647  0.002497  0.002381  0.002329  0.002253  0.002170  0.002039  0.001874  0.001750  0.001687  0.001612  0.001584  0.001521  0.001454  0.001322  0.001287  0.001252  0.001240  0.001162  0.000997  0.000962  0.000883  0.000797  0.000738  0.000683  0.000624  0.000591  0.000506  0.000453  0.000435  0.000409  0.000359  0.000332  0.000286  0.000240  0.000219  0.000202  0.000200
A13e-03  0.007961  0.007884  0.007482  0.007218  0.007236  0.006819  0.006496  0.006348  0.006137  0.005905  0.005542  0.005090  0.004751  0.004576  0.004369  0.004289  0.004117  0.003932  0.003577  0.003481  0.003384  0.003344  0.003137  0.002705  0.002610  0.002404  0.002179  0.002027  0.001888  0.001737  0.001654  0.001447  0.001319  0.001277  0.001216  0.001102  0.001044  0.000946  0.000853  0.000818  0.000794  0.000801
A13g-05  0.004928  0.004890  0.004662  0.004514  0.004533  0.004293  0.004109  0.004028  0.003910  0.003779  0.003568  0.003301  0.003101  0.003001  0.002881  0.002839  0.002740  0.002631  0.002415  0.002362  0.002307  0.002289  0.002163  0.001889  0.001833  0.001702  0.001558  0.001460  0.001369  0.001268  0.001213  0.001069  0.000977  0.000946  0.000900  0.000812  0.000764  0.000681  0.000596  0.000555  0.000521  0.000511
A13g-07  0.007295  0.007223  0.006950  0.006762  0.006753  0.006467  0.006241  0.006126  0.005970  0.005801  0.005541  0.005218  0.004967  0.004829  0.004668  0.004597  0.004460  0.004312  0.004034  0.003950  0.003866  0.003828  0.003655  0.003291  0.003202  0.003016  0.002808  0.002660  0.002518  0.002362  0.002266  0.002040  0.001886  0.001819  0.001729  0.001569  0.001469  0.001307  0.001134  0.001032  0.000935  0.000881
A13g-10  0.010126  0.009842  0.009260  0.008813  0.008632  0.008055  0.007573  0.007255  0.006885  0.006504  0.006012  0.005451  0.004998  0.004694  0.004369  0.004158  0.003876  0.003588  0.003170  0.002970  0.002773  0.002626  0.002356  0.001930  0.001762  0.001524  0.001283  0.001102  0.000939  0.000779  0.000668  0.000500  0.000388  0.000330  0.000272  0.000203  0.000170  0.000139  0.000131  0.000151  0.000170  0.000170
A13h-01  0.001610  0.001669  0.001571  0.001536  0.001633  0.001521  0.001452  0.001463  0.001442  0.001409  0.001311  0.001169  0.001079  0.001064  0.001031  0.001056  0.001036  0.001006  0.000895  0.000903  0.000909  0.000939  0.000888  0.000731  0.000728  0.000671  0.000604  0.000569  0.000536  0.000497  0.000487  0.000418  0.000383  0.000385  0.000377  0.000342  0.000331  0.000300  0.000269  0.000262  0.000259  0.000267
A13h-02  0.009347  0.009315  0.008915  0.008669  0.008744  0.008320  0.008001  0.007882  0.007688  0.007469  0.007093  0.006606  0.006249  0.006085  0.005881  0.005829  0.005665  0.005481  0.005081  0.005003  0.004923  0.004915  0.004690  0.004163  0.004074  0.003833  0.003561  0.003382  0.003215  0.003027  0.002931  0.002646  0.002469  0.002418  0.002334  0.002156  0.002063  0.001888  0.001707  0.001620  0.001544  0.001522
A13i-01  0.012175  0.012072  0.011422  0.011004  0.011058  0.010382  0.009865  0.009637  0.009306  0.008939  0.008354  0.007624  0.007081  0.006808  0.006482  0.006365  0.006097  0.005806  0.005241  0.005095  0.004947  0.004890  0.004565  0.003885  0.003739  0.003421  0.003076  0.002845  0.002634  0.002409  0.002286  0.001982  0.001797  0.001740  0.001658  0.001502  0.001429  0.001304  0.001193  0.001163  0.001153  0.001183
A13i-02  0.048973  0.048679  0.046826  0.045625  0.045803  0.043843  0.042335  0.041687  0.040722  0.039646  0.037882  0.035630  0.033939  0.033098  0.032076  0.031740  0.030900  0.029974  0.028070  0.027620  0.027163  0.027047  0.025927  0.023394  0.022893  0.021681  0.020306  0.019368  0.018483  0.017490  0.016937  0.015446  0.014475  0.014131  0.013619  0.012613  0.012034  0.011018  0.009939  0.009353  0.008808  0.008560
A13i-04  0.002575  0.002562  0.002444  0.002371  0.002388  0.002265  0.002171  0.002134  0.002076  0.002011  0.001901  0.001761  0.001657  0.001608  0.001548  0.001531  0.001482  0.001427  0.001313  0.001288  0.001263  0.001259  0.001193  0.001045  0.001018  0.000949  0.000871  0.000820  0.000772  0.000719  0.000691  0.000612  0.000562  0.000547  0.000523  0.000474  0.000448  0.000401  0.000352  0.000328  0.000308  0.000303
A13i-05  0.007715  0.007663  0.007244  0.006980  0.007032  0.006595  0.006264  0.006126  0.005918  0.005686  0.005308  0.004832  0.004481  0.004310  0.004104  0.004036  0.003867  0.003683  0.003314  0.003226  0.003136  0.003106  0.002896  0.002449  0.002359  0.002153  0.001928  0.001780  0.001644  0.001499  0.001421  0.001222  0.001103  0.001068  0.001016  0.000914  0.000867  0.000786  0.000712  0.000694  0.000687  0.000707
A13j-02  0.013930  0.013704  0.013090  0.012644  0.012545  0.011918  0.011409  0.011114  0.010746  0.010355  0.009803  0.009140  0.008619  0.008304  0.007952  0.007764  0.007461  0.007144  0.006608  0.006409  0.006212  0.006093  0.005756  0.005116  0.004928  0.004591  0.004228  0.003964  0.003717  0.003455  0.003289  0.002942  0.002707  0.002601  0.002468  0.002249  0.002117  0.001915  0.001713  0.001606  0.001514  0.001479
A13k-02  0.011173  0.010969  0.010255  0.009761  0.009707  0.008983  0.008411  0.008105  0.007708  0.007283  0.006671  0.005941  0.005383  0.005063  0.004703  0.004520  0.004215  0.003896  0.003365  0.003174  0.002982  0.002860  0.002542  0.001983  0.001815  0.001536  0.001252  0.001054  0.000879  0.000707  0.000601  0.000420  0.000315  0.000273  0.000231  0.000186  0.000178  0.000186  0.000186  0.000186  0.000186  0.000186
A13k-03  0.014259  0.014156  0.013503  0.013083  0.013143  0.012459  0.011935  0.011708  0.011373  0.011001  0.010398  0.009636  0.009068  0.008785  0.008444  0.008329  0.008049  0.007743  0.007127  0.006978  0.006827  0.006782  0.006425  0.005641  0.005484  0.005115  0.004704  0.004428  0.004171  0.003888  0.003734  0.003325  0.003067  0.002984  0.002858  0.002609  0.002477  0.002242  0.002003  0.001893  0.001799  0.001778
A13l-02  0.002824  0.002838  0.002735  0.002679  0.002728  0.002614  0.002532  0.002516  0.002475  0.002425  0.002320  0.002174  0.002072  0.002035  0.001983  0.001986  0.001947  0.001900  0.001772  0.001762  0.001751  0.001768  0.001700  0.001510  0.001491  0.001410  0.001313  0.001253  0.001195  0.001126  0.001095  0.000978  0.000906  0.000889  0.000856  0.000775  0.000732  0.000645  0.000549  0.000499  0.000451  0.000431
A13l-04  0.032851  0.032926  0.031730  0.031058  0.031500  0.030198  0.029258  0.029011  0.028502  0.027895  0.026722  0.025144  0.024016  0.023577  0.022984  0.022945  0.022489  0.021956  0.020616  0.020460  0.020294  0.020402  0.019679  0.017788  0.017561  0.016741  0.015781  0.015175  0.014605  0.013940  0.013632  0.012539  0.011871  0.011716  0.011416  0.010697  0.010327  0.009584  0.008781  0.008383  0.008013  0.007884
A13l-07  0.001537  0.001527  0.001415  0.001347  0.001365  0.001249  0.001164  0.001130  0.001078  0.001020  0.000924  0.000805  0.000719  0.000680  0.000632  0.000618  0.000580  0.000539  0.000456  0.000439  0.000421  0.000416  0.000373  0.000283  0.000268  0.000231  0.000193  0.000171  0.000153  0.000136  0.000130  0.000111  0.000106  0.000111  0.000116  0.000122  0.000133  0.000136  0.000136  0.000136  0.000136  0.000136
A13n-01  0.010789  0.010623  0.010012  0.009593  0.009561  0.008937  0.008445  0.008190  0.007852  0.007489  0.006953  0.006305  0.005810  0.005534  0.005218  0.005069  0.004803  0.004522  0.004031  0.003869  0.003707  0.003616  0.003323  0.002767  0.002618  0.002344  0.002055  0.001855  0.001674  0.001487  0.001376  0.001145  0.001004  0.000952  0.000886  0.000782  0.000734  0.000666  0.000617  0.000620  0.000641  0.000686
A13n-02  0.015572  0.015661  0.014985  0.014624  0.014928  0.014190  0.013668  0.013558  0.013291  0.012966  0.012308  0.011415  0.010789  0.010564  0.010250  0.010257  0.010021  0.009740  0.008999  0.008936  0.008864  0.008946  0.008559  0.007520  0.007415  0.006981  0.006473  0.006162  0.005872  0.005532  0.005387  0.004824  0.004492  0.004433  0.004298  0.003947  0.003780  0.003426  0.003048  0.002878  0.002725  0.002693
A13n-03  0.004449  0.004403  0.004135  0.003962  0.003979  0.003702  0.003489  0.003393  0.003255  0.003104  0.002866  0.002573  0.002354  0.002242  0.002110  0.002059  0.001949  0.001832  0.001610  0.001549  0.001487  0.001458  0.001330  0.001075  0.001016  0.000896  0.000769  0.000683  0.000606  0.000525  0.000480  0.000379  0.000320  0.000301  0.000275  0.000232  0.000214  0.000188  0.000171  0.000177  0.000191  0.000214
A13n-04  0.056388  0.056749  0.055007  0.054115  0.055104  0.053121  0.051725  0.051525  0.050857  0.050004  0.048099  0.045402  0.043488  0.042835  0.041875  0.041978  0.041262  0.040379  0.037834  0.037667  0.037478  0.037874  0.036492  0.032509  0.032115  0.030372  0.028252  0.026895  0.025583  0.023997  0.023245  0.020493  0.018730  0.018251  0.017369  0.015314  0.014151  0.011880  0.009338  0.007893  0.006468  0.005736
A13n-06  0.169584  0.168782  0.162030  0.157777  0.158738  0.151621  0.146228  0.144064  0.140719  0.136964  0.130681  0.122638  0.116697  0.113879  0.110416  0.109432  0.106631  0.103533  0.096988  0.095611  0.094205  0.093980  0.090272  0.081762  0.080256  0.076356  0.071958  0.069065  0.066378  0.063374  0.061832  0.057323  0.054538  0.053755  0.052471  0.049716  0.048309  0.045657  0.042911  0.041667  0.040594  0.040387
A13n-07  0.022816  0.022464  0.021437  0.020701  0.020568  0.019515  0.018665  0.018190  0.017586  0.016939  0.016008  0.014878  0.013995  0.013477  0.012891  0.012596  0.012096  0.011568  0.010645  0.010326  0.010010  0.009837  0.009263  0.008134  0.007827  0.007244  0.006608  0.006153  0.005727  0.005269  0.004987  0.004359  0.003939  0.003762  0.003530  0.003127  0.002889  0.002505  0.002113  0.001907  0.001725  0.001654
A13o-01  0.021514  0.021178  0.020244  0.019569  0.019426  0.018473  0.017700  0.017257  0.016702  0.016111  0.015273  0.014266  0.013477  0.013004  0.012473  0.012193  0.011738  0.011261  0.010451  0.010155  0.009860  0.009685  0.009179  0.008217  0.007937  0.007434  0.006891  0.006499  0.006134  0.005746  0.005502  0.004990  0.004646  0.004494  0.004302  0.003985  0.003797  0.003508  0.003221  0.003075  0.002952  0.002910
A13o-03  0.013499  0.013260  0.012479  0.011933  0.011858  0.011066  0.010436  0.010093  0.009652  0.009181  0.008505  0.007697  0.007075  0.006716  0.006311  0.006104  0.005761  0.005402  0.004798  0.004582  0.004367  0.004234  0.003870  0.003209  0.003017  0.002685  0.002340  0.002098  0.001880  0.001660  0.001526  0.001269  0.001113  0.001052  0.000981  0.000878  0.000835  0.000784  0.000762  0.000791  0.000843  0.000878
A14c-03  0.095309  0.093970  0.090018  0.087186  0.086688  0.082617  0.079326  0.077491  0.075146  0.072634  0.069000  0.064580  0.061117  0.059079  0.056764  0.055594  0.053613  0.051512  0.047838  0.046554  0.045275  0.044564  0.042249  0.037694  0.036425  0.034041  0.031427  0.029534  0.027746  0.025815  0.024597  0.021945  0.020132  0.019311  0.018254  0.016469  0.015362  0.013624  0.011830  0.010804  0.009867  0.009392
A14d-01  0.005225  0.005123  0.004791  0.004559  0.004526  0.004190  0.003923  0.003776  0.003589  0.003389  0.003105  0.002767  0.002507  0.002356  0.002186  0.002098  0.001954  0.001804  0.001558  0.001466  0.001375  0.001316  0.001168  0.000908  0.000828  0.000697  0.000564  0.000471  0.000388  0.000307  0.000256  0.000169  0.000118  0.000098  0.000077  0.000053  0.000048  0.000049  0.000053  0.000053  0.000053  0.000053
A14d-04  0.003941  0.003997  0.003871  0.003819  0.003927  0.003782  0.003689  0.003695  0.003662  0.003615  0.003481  0.003284  0.003153  0.003124  0.003071  0.003102  0.003068  0.003021  0.002845  0.002855  0.002863  0.002915  0.002832  0.002553  0.002547  0.002440  0.002306  0.002230  0.002158  0.002067  0.002037  0.001866  0.001766  0.001757  0.001721  0.001604  0.001550  0.001421  0.001276  0.001207  0.001140  0.001120
A14d-06  0.013894  0.013830  0.013125  0.012690  0.012807  0.012066  0.011509  0.011293  0.010951  0.010566  0.009921  0.009098  0.008495  0.008213  0.007865  0.007767  0.007485  0.007174  0.006526  0.006388  0.006245  0.006213  0.005848  0.005037  0.004888  0.004519  0.004110  0.003842  0.003597  0.003328  0.003189  0.002803  0.002571  0.002507  0.002404  0.002192  0.002090  0.001905  0.001725  0.001661  0.001616  0.001632
A14d-08  0.013088  0.012997  0.012278  0.011824  0.011911  0.011161  0.010592  0.010354  0.009996  0.009598  0.008951  0.008138  0.007538  0.007246  0.006893  0.006775  0.006486  0.006171  0.005546  0.005394  0.005239  0.005184  0.004829  0.004079  0.003925  0.003579  0.003205  0.002957  0.002732  0.002491  0.002363  0.002039  0.001846  0.001790  0.001707  0.001549  0.001478  0.001358  0.001255  0.001237  0.001240  0.001284
A14d-09  0.020143  0.019819  0.018894  0.018228  0.018099  0.017152  0.016385  0.015952  0.015404  0.014819  0.013983  0.012974  0.012184  0.011715  0.011186  0.010913  0.010460  0.009983  0.009165  0.008872  0.008580  0.008412  0.007900  0.006914  0.006633  0.006119  0.005561  0.005159  0.004783  0.004381  0.004129  0.003591  0.003229  0.003068  0.002864  0.002523  0.002319  0.002001  0.001681  0.001511  0.001365  0.001306
A14d-10  0.089696  0.089412  0.086845  0.085220  0.085630  0.082859  0.080741  0.079905  0.078585  0.077085  0.074510  0.071146  0.068622  0.067409  0.065900  0.065475  0.064235  0.062844  0.059829  0.059181  0.058518  0.058427  0.056630  0.052375  0.051576  0.049518  0.047137  0.045495  0.043918  0.042114  0.041091  0.038285  0.036404  0.035689  0.034633  0.032571  0.031314  0.029129  0.026749  0.025337  0.023967  0.023198
A14d-14  0.002768  0.002790  0.002603  0.002503  0.002579  0.002379  0.002238  0.002204  0.002129  0.002040  0.001870  0.001647  0.001492  0.001434  0.001356  0.001350  0.001290  0.001220  0.001055  0.001034  0.001011  0.001016  0.000931  0.000730  0.000703  0.000621  0.000532  0.000478  0.000431  0.000381  0.000359  0.000289  0.000254  0.000252  0.000243  0.000220  0.000217  0.000207  0.000206  0.000222  0.000243  0.000254
A14d-15  0.018220  0.018274  0.017676  0.017345  0.017591  0.016933  0.016459  0.016347  0.016097  0.015795  0.015191  0.014365  0.013776  0.013553  0.013246  0.013240  0.013006  0.012729  0.012003  0.011930  0.011852  0.011929  0.011536  0.010472  0.010353  0.009891  0.009341  0.008992  0.008661  0.008269  0.008087  0.007426  0.007015  0.006915  0.006723  0.006265  0.006020  0.005531  0.004993  0.004710  0.004438  0.004323
A14d-17  0.056329  0.055907  0.053611  0.052102  0.052255  0.049833  0.047956  0.047119  0.045901  0.044550  0.042366  0.039589  0.037492  0.036427  0.035144  0.034697  0.033638  0.032474  0.030116  0.029535  0.028949  0.028783  0.027385  0.024246  0.023608  0.022092  0.020374  0.019196  0.018082  0.016832  0.016130  0.014256  0.013029  0.012586  0.011933  0.010656  0.009916  0.008619  0.007239  0.006481  0.005774  0.005444
A14d-19  0.023728  0.023379  0.022354  0.021621  0.021491  0.020439  0.019591  0.019118  0.018516  0.017871  0.016939  0.015809  0.014925  0.014408  0.013822  0.013528  0.013029  0.012501  0.011575  0.011257  0.010941  0.010769  0.010194  0.009057  0.008750  0.008164  0.007524  0.007065  0.006636  0.006173  0.005889  0.005253  0.004828  0.004648  0.004413  0.004002  0.003760  0.003368  0.002966  0.002753  0.002564  0.002488
A14d-21  0.002727  0.002742  0.002558  0.002456  0.002522  0.002326  0.002187  0.002148  0.002072  0.001982  0.001817  0.001602  0.001452  0.001393  0.001315  0.001305  0.001243  0.001174  0.001017  0.000994  0.000968  0.000968  0.000885  0.000699  0.000672  0.000595  0.000512  0.000462  0.000419  0.000373  0.000353  0.000292  0.000263  0.000261  0.000255  0.000239  0.000239  0.000237  0.000246  0.000263  0.000263  0.000263
A14e-06  0.001399  0.001389  0.001322  0.001279  0.001286  0.001215  0.001161  0.001138  0.001104  0.001066  0.001003  0.000924  0.000864  0.000835  0.000800  0.000788  0.000759  0.000727  0.000662  0.000647  0.000632  0.000627  0.000590  0.000506  0.000489  0.000450  0.000406  0.000376  0.000348  0.000317  0.000301  0.000256  0.000227  0.000218  0.000203  0.000175  0.000160  0.000133  0.000105  0.000091  0.000080  0.000076
A14f-03  0.026204  0.025491  0.024031  0.022908  0.022454  0.021006  0.019794  0.018995  0.018067  0.017107  0.015871  0.014458  0.013317  0.012552  0.011732  0.011201  0.010488  0.009762  0.008703  0.008197  0.007701  0.007331  0.006646  0.005556  0.005130  0.004520  0.003901  0.003435  0.003013  0.002598  0.002312  0.001865  0.001568  0.001413  0.001255  0.001061  0.000962  0.000860  0.000809  0.000838  0.000910  0.000962
A14f-07  0.006788  0.006691  0.006364  0.006136  0.006110  0.005774  0.005506  0.005364  0.005178  0.004978  0.004684  0.004327  0.004051  0.003894  0.003715  0.003629  0.003477  0.003316  0.003032  0.002937  0.002843  0.002791  0.002618  0.002278  0.002188  0.002016  0.001830  0.001699  0.001577  0.001448  0.001369  0.001197  0.001084  0.001038  0.000978  0.000876  0.000818  0.000727  0.000640  0.000598  0.000566  0.000560
A14f-09  0.017348  0.017274  0.016693  0.016323  0.016403  0.015781  0.015304  0.015111  0.014811  0.014473  0.013903  0.013164  0.012609  0.012340  0.012008  0.011909  0.011637  0.011333  0.010685  0.010542  0.010396  0.010370  0.009987  0.009092  0.008922  0.008491  0.007997  0.007658  0.007334  0.006965  0.006759  0.006192  0.005817  0.005678  0.005472  0.005068  0.004826  0.004404  0.003948  0.003684  0.003432  0.003298
A14f-11  0.019032  0.019135  0.018558  0.018259  0.018560  0.017918  0.017466  0.017392  0.017172  0.016897  0.016304  0.015478  0.014897  0.014700  0.014414  0.014443  0.014231  0.013973  0.013240  0.013195  0.013144  0.013256  0.012871  0.011770  0.011672  0.011207  0.010646  0.010299  0.009969  0.009572  0.009398  0.008710  0.008287  0.008197  0.008008  0.007529  0.007279  0.006763  0.006192  0.005895  0.005608  0.005490
A14f-12  0.029500  0.029740  0.029067  0.028764  0.029267  0.028501  0.027990  0.027984  0.027782  0.027504  0.026794  0.025768  0.025071  0.024891  0.024589  0.024712  0.024508  0.024240  0.023324  0.023342  0.023350  0.023581  0.023131  0.021705  0.021642  0.021077  0.020381  0.019973  0.019586  0.019106  0.018930  0.018046  0.017524  0.017458  0.017253  0.016647  0.016355  0.015693  0.014951  0.014586  0.014234  0.014114
A14f-13  0.003702  0.003661  0.003447  0.003306  0.003315  0.003093  0.002922  0.002842  0.002730  0.002607  0.002416  0.002180  0.002003  0.001911  0.001803  0.001759  0.001669  0.001572  0.001393  0.001341  0.001289  0.001263  0.001158  0.000949  0.000899  0.000799  0.000692  0.000619  0.000553  0.000484  0.000444  0.000355  0.000302  0.000283  0.000258  0.000216  0.000196  0.000166  0.000143  0.000141  0.000144  0.000157
A14f-14  0.003838  0.003801  0.003588  0.003450  0.003464  0.003244  0.003074  0.002998  0.002888  0.002767  0.002576  0.002339  0.002162  0.002071  0.001964  0.001923  0.001834  0.001738  0.001555  0.001505  0.001454  0.001433  0.001326  0.001108  0.001059  0.000956  0.000844  0.000768  0.000699  0.000626  0.000585  0.000488  0.000429  0.000408  0.000381  0.000331  0.000307  0.000268  0.000234  0.000225  0.000222  0.000231
A14f-15  0.076360  0.075527  0.072398  0.070246  0.070123  0.066881  0.064316  0.063011  0.061257  0.059354  0.056484  0.052943  0.050224  0.048722  0.046981  0.046206  0.044739  0.043166  0.040274  0.039385  0.038494  0.038066  0.036306  0.032709  0.031817  0.030014  0.028031  0.026636  0.025330  0.023913  0.023066  0.021093  0.019792  0.019266  0.018559  0.017300  0.016567  0.015370  0.014149  0.013511  0.012948  0.012725
A14f-16  0.005161  0.005304  0.005054  0.004963  0.005207  0.004921  0.004742  0.004769  0.004715  0.004630  0.004377  0.004005  0.003766  0.003725  0.003638  0.003706  0.003653  0.003576  0.003273  0.003299  0.003318  0.003408  0.003271  0.002822  0.002818  0.002656  0.002460  0.002355  0.002258  0.002139  0.002107  0.001884  0.001767  0.001771  0.001740  0.001613  0.001566  0.001438  0.001302  0.001255  0.001215  0.001223
A14g-02  0.130662  0.130878  0.127963  0.126322  0.127476  0.124229  0.121865  0.121269  0.119989  0.118443  0.115370  0.111158  0.108102  0.106889  0.105239  0.105127  0.103840  0.102318  0.098427  0.097948  0.097440  0.097764  0.095571  0.089718  0.088949  0.086289  0.083116  0.081026  0.079011  0.076627  0.075410  0.071441  0.068856  0.068046  0.066693  0.063746  0.062031  0.058825  0.055272  0.053219  0.051207  0.050136
A14g-03  0.010503  0.010481  0.010108  0.009880  0.009962  0.009561  0.009260  0.009153  0.008973  0.008766  0.008401  0.007921  0.007568  0.007409  0.007207  0.007163  0.007001  0.006818  0.006403  0.006328  0.006251  0.006253  0.006017  0.005441  0.005347  0.005081  0.004774  0.004569  0.004375  0.004153  0.004036  0.003686  0.003460  0.003389  0.003274  0.003032  0.002895  0.002644  0.002372  0.002224  0.002084  0.002019
A14g-05  0.004635  0.004609  0.004473  0.004383  0.004390  0.004243  0.004128  0.004075  0.003998  0.003912  0.003773  0.003594  0.003456  0.003382  0.003294  0.003259  0.003184  0.003101  0.002934  0.002888  0.002841  0.002824  0.002718  0.002484  0.002429  0.002307  0.002168  0.002067  0.001969  0.001858  0.001788  0.001622  0.001504  0.001450  0.001376  0.001247  0.001161  0.001023  0.000873  0.000775  0.000680  0.000618
A14g-07  0.022111  0.021974  0.021129  0.020580  0.020658  0.019764  0.019075  0.018777  0.018335  0.017843  0.017038  0.016012  0.015240  0.014855  0.014387  0.014230  0.013845  0.013421  0.012553  0.012344  0.012133  0.012076  0.011563  0.010411  0.010179  0.009625  0.008998  0.008569  0.008163  0.007709  0.007454  0.006775  0.006331  0.006171  0.005935  0.005475  0.005209  0.004745  0.004254  0.003985  0.003734  0.003618
A14g-08  0.003056  0.003123  0.002970  0.002907  0.003030  0.002859  0.002748  0.002751  0.002709  0.002651  0.002500  0.002285  0.002143  0.002111  0.002053  0.002081  0.002042  0.001991  0.001818  0.001823  0.001824  0.001864  0.001782  0.001535  0.001525  0.001432  0.001322  0.001261  0.001204  0.001137  0.001115  0.000996  0.000932  0.000930  0.000911  0.000845  0.000819  0.000755  0.000688  0.000665  0.000647  0.000652
A14g-09  0.015777  0.015803  0.015264  0.014958  0.015147  0.014562  0.014137  0.014020  0.013786  0.013510  0.012981  0.012271  0.011762  0.011560  0.011289  0.011265  0.011055  0.010811  0.010206  0.010131  0.010050  0.010093  0.009763  0.008911  0.008803  0.008430  0.007994  0.007716  0.007454  0.007149  0.007004  0.006507  0.006200  0.006124  0.005982  0.005651  0.005478  0.005136  0.004766  0.004578  0.004403  0.004338
A14g-10  0.005659  0.005614  0.005416  0.005282  0.005285  0.005075  0.004909  0.004830  0.004718  0.004595  0.004400  0.004154  0.003964  0.003862  0.003740  0.003691  0.003588  0.003476  0.003256  0.003194  0.003131  0.003106  0.002969  0.002670  0.002600  0.002447  0.002274  0.002150  0.002030  0.001896  0.001814  0.001616  0.001479  0.001419  0.001336  0.001189  0.001095  0.000941  0.000776  0.000673  0.000574  0.000514
A14g-11  0.001258  0.001260  0.001206  0.001175  0.001193  0.001135  0.001093  0.001080  0.001057  0.001029  0.000977  0.000907  0.000857  0.000836  0.000809  0.000807  0.000786  0.000761  0.000703  0.000695  0.000687  0.000690  0.000658  0.000577  0.000566  0.000530  0.000489  0.000463  0.000438  0.000409  0.000396  0.000349  0.000321  0.000314  0.000301  0.000271  0.000256  0.000226  0.000193  0.000177  0.000162  0.000157
A14g-12  0.008922  0.008950  0.008583  0.008379  0.008519  0.008121  0.007835  0.007762  0.007608  0.007424  0.007069  0.006593  0.006255  0.006125  0.005949  0.005938  0.005802  0.005644  0.005249  0.005203  0.005154  0.005184  0.004973  0.004425  0.004360  0.004125  0.003852  0.003681  0.003521  0.003336  0.003252  0.002952  0.002772  0.002733  0.002655  0.002467  0.002373  0.002183  0.001981  0.001887  0.001801  0.001779
A14g-13  0.001652  0.001677  0.001622  0.001599  0.001648  0.001584  0.001543  0.001546  0.001532  0.001512  0.001453  0.001366  0.001309  0.001297  0.001274  0.001288  0.001274  0.001254  0.001177  0.001182  0.001186  0.001210  0.001174  0.001054  0.001051  0.001006  0.000949  0.000917  0.000887  0.000849  0.000837  0.000765  0.000724  0.000721  0.000707  0.000659  0.000637  0.000584  0.000525  0.000498  0.000472  0.000465
A14g-14  0.002991  0.002972  0.002823  0.002728  0.002747  0.002590  0.002471  0.002422  0.002347  0.002263  0.002126  0.001951  0.001822  0.001759  0.001683  0.001659  0.001596  0.001528  0.001388  0.001355  0.001322  0.001313  0.001233  0.001056  0.001021  0.000939  0.000847  0.000786  0.000729  0.000667  0.000633  0.000544  0.000488  0.000470  0.000444  0.000391  0.000363  0.000314  0.000265  0.000244  0.000226  0.000223
A14g-15  0.007393  0.007334  0.007106  0.006948  0.006940  0.006698  0.006503  0.006404  0.006269  0.006121  0.005893  0.005605  0.005380  0.005253  0.005104  0.005037  0.004909  0.004769  0.004506  0.004423  0.004339  0.004299  0.004129  0.003769  0.003675  0.003483  0.003266  0.003107  0.002952  0.002779  0.002667  0.002415  0.002235  0.002147  0.002032  0.001837  0.001706  0.001500  0.001278  0.001133  0.000991  0.000898
A14g-16  0.104571  0.104642  0.102486  0.101240  0.101978  0.099603  0.097858  0.097363  0.096389  0.095232  0.093012  0.090007  0.087819  0.086918  0.085718  0.085584  0.084640  0.083539  0.080819  0.080443  0.080049  0.080221  0.078684  0.074679  0.074124  0.072299  0.070140  0.068716  0.067349  0.065744  0.064922  0.062285  0.060575  0.060042  0.059155  0.057233  0.056125  0.054056  0.051776  0.050479  0.049216  0.048565
A14g-17  0.086572  0.086865  0.084979  0.083983  0.084916  0.082816  0.081331  0.081057  0.080317  0.079399  0.077452  0.074750  0.072838  0.072167  0.071207  0.071269  0.070552  0.069683  0.067267  0.067091  0.066894  0.067233  0.065945  0.062320  0.061967  0.060413  0.058545  0.057373  0.056256  0.054917  0.054311  0.052010  0.050579  0.050246  0.049583  0.047960  0.047094  0.045342  0.043401  0.042368  0.041369  0.040932
A14g-18  0.003503  0.003466  0.003289  0.003172  0.003176  0.002993  0.002850  0.002783  0.002689  0.002585  0.002425  0.002225  0.002075  0.001995  0.001902  0.001865  0.001787  0.001703  0.001544  0.001499  0.001455  0.001435  0.001341  0.001146  0.001101  0.001007  0.000903  0.000832  0.000766  0.000695  0.000655  0.000556  0.000494  0.000471  0.000440  0.000382  0.000351  0.000299  0.000248  0.000225  0.000207  0.000205
A14g-19  0.002873  0.002855  0.002689  0.002586  0.002612  0.002439  0.002310  0.002259  0.002180  0.002091  0.001944  0.001756  0.001620  0.001557  0.001479  0.001459  0.001398  0.001330  0.001187  0.001160  0.001131  0.001128  0.001051  0.000877  0.000849  0.000774  0.000691  0.000640  0.000594  0.000544  0.000523  0.000451  0.000412  0.000409  0.000398  0.000367  0.000359  0.000336  0.000317  0.000320  0.000329  0.000350
A14g-20  0.002983  0.002964  0.002815  0.002721  0.002741  0.002584  0.002465  0.002417  0.002342  0.002259  0.002121  0.001947  0.001817  0.001755  0.001679  0.001655  0.001592  0.001524  0.001384  0.001352  0.001319  0.001310  0.001229  0.001051  0.001017  0.000934  0.000841  0.000780  0.000723  0.000660  0.000626  0.000535  0.000478  0.000461  0.000433  0.000379  0.000351  0.000301  0.000250  0.000227  0.000209  0.000206
A14h-01  0.008149  0.008054  0.007709  0.007471  0.007452  0.007095  0.006811  0.006665  0.006470  0.006258  0.005940  0.005547  0.005245  0.005076  0.004881  0.004792  0.004627  0.004450  0.004125  0.004024  0.003922  0.003873  0.003674  0.003266  0.003164  0.002957  0.002730  0.002569  0.002417  0.002252  0.002152  0.001920  0.001765  0.001701  0.001615  0.001462  0.001371  0.001223  0.001070  0.000987  0.000911  0.000876
A14h-02  0.017768  0.017724  0.017103  0.016721  0.016849  0.016182  0.015681  0.015498  0.015196  0.014850  0.014245  0.013453  0.012868  0.012602  0.012266  0.012188  0.011917  0.011611  0.010930  0.010802  0.010670  0.010669  0.010279  0.009337  0.009181  0.008744  0.008241  0.007906  0.007588  0.007224  0.007032  0.006463  0.006097  0.005979  0.005792  0.005401  0.005180  0.004776  0.004340  0.004103  0.003879  0.003776
A14h-04  0.002351  0.002374  0.002253  0.002190  0.002252  0.002119  0.002027  0.002010  0.001965  0.001909  0.001792  0.001634  0.001524  0.001487  0.001433  0.001437  0.001397  0.001350  0.001222  0.001212  0.001201  0.001216  0.001150  0.000976  0.000959  0.000888  0.000805  0.000756  0.000710  0.000657  0.000635  0.000549  0.000500  0.000493  0.000475  0.000426  0.000404  0.000357  0.000309  0.000291  0.000276  0.000277
A14h-05  0.002478  0.002476  0.002323  0.002233  0.002271  0.002109  0.001991  0.001950  0.001880  0.001800  0.001661  0.001484  0.001356  0.001300  0.001229  0.001211  0.001154  0.001091  0.000956  0.000929  0.000900  0.000894  0.000819  0.000657  0.000627  0.000555  0.000477  0.000427  0.000381  0.000333  0.000308  0.000243  0.000205  0.000195  0.000180  0.000151  0.000139  0.000120  0.000106  0.000107  0.000112  0.000124
A14h-07  0.000979  0.001015  0.000980  0.000974  0.001029  0.000987  0.000963  0.000979  0.000979  0.000973  0.000935  0.000872  0.000834  0.000835  0.000826  0.000849  0.000848  0.000841  0.000786  0.000801  0.000814  0.000843  0.000822  0.000729  0.000736  0.000707  0.000667  0.000649  0.000632  0.000608  0.000606  0.000553  0.000526  0.000532  0.000527  0.000494  0.000483  0.000446  0.000403  0.000387  0.000372  0.000372
A14h-21  0.002531  0.002532  0.002381  0.002293  0.002334  0.002174  0.002057  0.002018  0.001950  0.001872  0.001733  0.001555  0.001427  0.001371  0.001301  0.001287  0.001230  0.001167  0.001030  0.001005  0.000978  0.000975  0.000900  0.000730  0.000701  0.000626  0.000544  0.000492  0.000444  0.000392  0.000366  0.000294  0.000252  0.000242  0.000224  0.000189  0.000174  0.000147  0.000124  0.000120  0.000120  0.000129
A14i-02  0.004455  0.004442  0.004253  0.004137  0.004175  0.003974  0.003823  0.003767  0.003676  0.003573  0.003393  0.003160  0.002989  0.002911  0.002813  0.002790  0.002712  0.002624  0.002430  0.002393  0.002355  0.002353  0.002244  0.001986  0.001943  0.001825  0.001691  0.001602  0.001520  0.001426  0.001378  0.001235  0.001145  0.001119  0.001076  0.000984  0.000935  0.000844  0.000748  0.000701  0.000658  0.000643
A14i-03  0.001429  0.001544  0.001389  0.001343  0.001514  0.001338  0.001234  0.001259  0.001232  0.001185  0.001041  0.000834  0.000709  0.000694  0.000654  0.000693  0.000667  0.000631  0.000492  0.000504  0.000510  0.000539  0.000479  0.000316  0.000313  0.000261  0.000208  0.000184  0.000166  0.000148  0.000148  0.000132  0.000137  0.000148  0.000148  0.000148  0.000148  0.000148  0.000148  0.000148  0.000148  0.000148
A14i-04  0.031392  0.031314  0.030310  0.029690  0.029889  0.028810  0.027997  0.027697  0.027205  0.026643  0.025661  0.024378  0.023429  0.022993  0.022444  0.022313  0.021869  0.021370  0.020262  0.020049  0.019831  0.019824  0.019186  0.017651  0.017391  0.016676  0.015851  0.015299  0.014775  0.014175  0.013855  0.012918  0.012312  0.012113  0.011799  0.011150  0.010779  0.010105  0.009378  0.008978  0.008599  0.008418
A14i-05  0.017539  0.017529  0.016909  0.016542  0.016711  0.016042  0.015548  0.015388  0.015103  0.014771  0.014168  0.013371  0.012791  0.012543  0.012221  0.012167  0.011913  0.011622  0.010944  0.010837  0.010725  0.010746  0.010367  0.009427  0.009289  0.008866  0.008376  0.008057  0.007756  0.007409  0.007236  0.006686  0.006340  0.006242  0.006075  0.005707  0.005508  0.005129  0.004722  0.004511  0.004314  0.004234
A14i-09  0.004977  0.004832  0.004550  0.004331  0.004234  0.003956  0.003722  0.003564  0.003382  0.003195  0.002957  0.002688  0.002469  0.002319  0.002160  0.002053  0.001914  0.001773  0.001571  0.001470  0.001372  0.001298  0.001166  0.000960  0.000877  0.000760  0.000641  0.000551  0.000470  0.000390  0.000334  0.000249  0.000192  0.000161  0.000130  0.000093  0.000074  0.000054  0.000044  0.000050  0.000063  0.000074
A14j-01  0.002610  0.002613  0.002507  0.002446  0.002481  0.002366  0.002283  0.002259  0.002212  0.002157  0.002054  0.001915  0.001816  0.001775  0.001722  0.001716  0.001674  0.001626  0.001508  0.001493  0.001476  0.001483  0.001419  0.001254  0.001232  0.001160  0.001075  0.001021  0.000970  0.000911  0.000883  0.000787  0.000728  0.000712  0.000685  0.000621  0.000588  0.000523  0.000452  0.000416  0.000383  0.000370
A14j-03  0.009562  0.009574  0.009181  0.008956  0.009083  0.008659  0.008351  0.008261  0.008089  0.007887  0.007511  0.007014  0.006657  0.006512  0.006321  0.006297  0.006148  0.005976  0.005567  0.005510  0.005449  0.005467  0.005245  0.004691  0.004616  0.004374  0.004097  0.003920  0.003756  0.003569  0.003480  0.003184  0.003005  0.002962  0.002884  0.002700  0.002609  0.002428  0.002239  0.002152  0.002075  0.002057
A14j-04  0.004542  0.004520  0.004300  0.004164  0.004199  0.003967  0.003793  0.003724  0.003617  0.003495  0.003292  0.003033  0.002842  0.002752  0.002642  0.002610  0.002520  0.002421  0.002214  0.002169  0.002123  0.002112  0.001995  0.001732  0.001683  0.001562  0.001428  0.001339  0.001257  0.001167  0.001119  0.000988  0.000907  0.000883  0.000846  0.000770  0.000731  0.000661  0.000592  0.000562  0.000539  0.000537
A14j-08  0.001045  0.001057  0.000985  0.000948  0.000982  0.000905  0.000852  0.000841  0.000814  0.000782  0.000717  0.000630  0.000571  0.000551  0.000523  0.000524  0.000504  0.000479  0.000415  0.000411  0.000405  0.000411  0.000380  0.000301  0.000294  0.000264  0.000230  0.000212  0.000196  0.000178  0.000173  0.000146  0.000135  0.000137  0.000137  0.000130  0.000131  0.000129  0.000130  0.000138  0.000149  0.000163
A14k-01  0.000661  0.000670  0.000635  0.000617  0.000638  0.000599  0.000572  0.000568  0.000556  0.000540  0.000505  0.000458  0.000425  0.000415  0.000400  0.000402  0.000391  0.000378  0.000339  0.000337  0.000335  0.000341  0.000321  0.000268  0.000263  0.000242  0.000217  0.000202  0.000189  0.000173  0.000166  0.000140  0.000125  0.000123  0.000118  0.000103  0.000096  0.000081  0.000066  0.000060  0.000055  0.000056
A14l-03  0.001192  0.001193  0.001134  0.001100  0.001118  0.001054  0.001008  0.000994  0.000968  0.000937  0.000881  0.000807  0.000755  0.000733  0.000704  0.000700  0.000678  0.000652  0.000593  0.000584  0.000574  0.000576  0.000544  0.000465  0.000453  0.000419  0.000380  0.000355  0.000332  0.000305  0.000293  0.000253  0.000229  0.000223  0.000213  0.000189  0.000177  0.000154  0.000131  0.000121  0.000112  0.000112
A14l-04  0.006097  0.006108  0.005741  0.005531  0.005642  0.005252  0.004969  0.004881  0.004719  0.004532  0.004197  0.003764  0.003456  0.003326  0.003159  0.003127  0.002994  0.002844  0.002517  0.002458  0.002395  0.002386  0.002207  0.001810  0.001742  0.001568  0.001380  0.001259  0.001151  0.001035  0.000976  0.000820  0.000731  0.000709  0.000674  0.000605  0.000578  0.000533  0.000502  0.000507  0.000523  0.000552
A14l-06  0.003808  0.003824  0.003697  0.003628  0.003686  0.003545  0.003444  0.003423  0.003372  0.003308  0.003178  0.002998  0.002871  0.002824  0.002759  0.002761  0.002711  0.002652  0.002493  0.002479  0.002464  0.002483  0.002398  0.002161  0.002137  0.002034  0.001912  0.001835  0.001762  0.001674  0.001634  0.001485  0.001393  0.001370  0.001327  0.001223  0.001167  0.001055  0.000932  0.000866  0.000803  0.000775
A14l-10  0.007411  0.007428  0.007155  0.007001  0.007104  0.006806  0.006590  0.006535  0.006418  0.006280  0.006007  0.005639  0.005374  0.005272  0.005134  0.005128  0.005022  0.004897  0.004577  0.004543  0.004506  0.004537  0.004365  0.003901  0.003848  0.003647  0.003409  0.003259  0.003117  0.002949  0.002872  0.002591  0.002417  0.002377  0.002298  0.002107  0.002007  0.001804  0.001582  0.001468  0.001360  0.001318
A14l-11  0.027119  0.027135  0.026403  0.025979  0.026219  0.025419  0.024832  0.024662  0.024334  0.023947  0.023209  0.022216  0.021495  0.021200  0.020808  0.020766  0.020460  0.020104  0.019224  0.019107  0.018985  0.019045  0.018557  0.017279  0.017111  0.016539  0.015864  0.015425  0.015007  0.014517  0.014275  0.013466  0.012953  0.012808  0.012555  0.011984  0.011668  0.011059  0.010390  0.010026  0.009675  0.009513
A14l-12  0.003426  0.003429  0.003265  0.003170  0.003223  0.003046  0.002918  0.002880  0.002809  0.002725  0.002568  0.002360  0.002211  0.002151  0.002072  0.002064  0.002004  0.001933  0.001761  0.001740  0.001718  0.001730  0.001639  0.001402  0.001374  0.001273  0.001155  0.001083  0.001015  0.000936  0.000902  0.000774  0.000698  0.000684  0.000654  0.000574  0.000537  0.000458  0.000373  0.000336  0.000303  0.000299
A14l-13  0.003797  0.003784  0.003619  0.003517  0.003549  0.003372  0.003240  0.003191  0.003111  0.003020  0.002860  0.002653  0.002500  0.002430  0.002342  0.002322  0.002252  0.002173  0.001995  0.001963  0.001930  0.001931  0.001831  0.001587  0.001548  0.001436  0.001307  0.001222  0.001142  0.001050  0.001003  0.000858  0.000766  0.000739  0.000694  0.000597  0.000543  0.000443  0.000334  0.000277  0.000224  0.000203
A14l-14  0.008364  0.008314  0.007990  0.007781  0.007815  0.007472  0.007209  0.007098  0.006931  0.006744  0.006435  0.006039  0.005742  0.005596  0.005419  0.005364  0.005218  0.005058  0.004721  0.004645  0.004569  0.004555  0.004359  0.003905  0.003820  0.003605  0.003360  0.003195  0.003038  0.002862  0.002766  0.002495  0.002321  0.002263  0.002173  0.001990  0.001887  0.001699  0.001498  0.001391  0.001291  0.001247
A14l-15  0.001766  0.001800  0.001687  0.001634  0.001705  0.001581  0.001499  0.001491  0.001455  0.001408  0.001304  0.001162  0.001067  0.001040  0.000999  0.001010  0.000980  0.000945  0.000840  0.000838  0.000834  0.000851  0.000801  0.000668  0.000660  0.000612  0.000557  0.000528  0.000504  0.000475  0.000469  0.000425  0.000406  0.000412  0.000413  0.000401  0.000404  0.000400  0.000401  0.000415  0.000433  0.000456
A14l-16  0.001853  0.001889  0.001777  0.001725  0.001798  0.001675  0.001594  0.001588  0.001552  0.001507  0.001402  0.001258  0.001162  0.001136  0.001095  0.001107  0.001079  0.001043  0.000935  0.000935  0.000933  0.000952  0.000901  0.000760  0.000753  0.000702  0.000643  0.000612  0.000585  0.000553  0.000546  0.000494  0.000471  0.000477  0.000476  0.000457  0.000457  0.000446  0.000438  0.000447  0.000460  0.000480
A14l-18  0.005173  0.005143  0.004856  0.004678  0.004724  0.004424  0.004199  0.004112  0.003975  0.003821  0.003563  0.003234  0.002994  0.002884  0.002748  0.002713  0.002605  0.002485  0.002230  0.002182  0.002132  0.002127  0.001989  0.001671  0.001621  0.001482  0.001329  0.001232  0.001145  0.001050  0.001007  0.000865  0.000786  0.000775  0.000749  0.000680  0.000655  0.000597  0.000542  0.000534  0.000535  0.000561
A14l-20  0.001995  0.002080  0.001994  0.001976  0.002105  0.002002  0.001945  0.001979  0.001977  0.001960  0.001869  0.001723  0.001636  0.001637  0.001617  0.001667  0.001662  0.001646  0.001526  0.001556  0.001583  0.001644  0.001598  0.001403  0.001418  0.001358  0.001279  0.001243  0.001211  0.001167  0.001165  0.001067  0.001020  0.001034  0.001029  0.000974  0.000960  0.000900  0.000834  0.000815  0.000798  0.000808
A14l-22  0.034242  0.034193  0.033176  0.032559  0.032803  0.031704  0.030882  0.030600  0.030116  0.029556  0.028550  0.027218  0.026240  0.025807  0.025253  0.025147  0.024705  0.024202  0.023036  0.022840  0.022638  0.022668  0.022006  0.020355  0.020103  0.019346  0.018463  0.017879  0.017324  0.016681  0.016350  0.015318  0.014656  0.014454  0.014119  0.013396  0.012989  0.012227  0.011396  0.010940  0.010505  0.010301
A14l-24  0.001941  0.001956  0.001864  0.001817  0.001863  0.001762  0.001692  0.001680  0.001646  0.001604  0.001516  0.001395  0.001312  0.001284  0.001244  0.001249  0.001220  0.001185  0.001088  0.001083  0.001077  0.001092  0.001043  0.000907  0.000897  0.000843  0.000779  0.000742  0.000708  0.000668  0.000654  0.000585  0.000547  0.000545  0.000533  0.000494  0.000479  0.000440  0.000399  0.000385  0.000373  0.000377
A14l-25  0.002609  0.002584  0.002467  0.002388  0.002390  0.002268  0.002173  0.002127  0.002064  0.001994  0.001885  0.001749  0.001646  0.001591  0.001527  0.001501  0.001447  0.001389  0.001277  0.001245  0.001214  0.001202  0.001134  0.000991  0.000959  0.000888  0.000810  0.000756  0.000705  0.000649  0.000617  0.000537  0.000484  0.000464  0.000436  0.000384  0.000354  0.000303  0.000251  0.000223  0.000198  0.000188
A14m-03  0.003336  0.003407  0.003316  0.003290  0.003408  0.003298  0.003234  0.003260  0.003251  0.003227  0.003125  0.002964  0.002863  0.002855  0.002825  0.002872  0.002859  0.002833  0.002688  0.002715  0.002739  0.002805  0.002744  0.002500  0.002510  0.002426  0.002316  0.002259  0.002206  0.002135  0.002121  0.001971  0.001890  0.001895  0.001873  0.001773  0.001733  0.001621  0.001492  0.001436  0.001381  0.001371
A14m-04  0.016880  0.016719  0.015980  0.015487  0.015505  0.014737  0.014139  0.013858  0.013465  0.013033  0.012354  0.011503  0.010860  0.010527  0.010132  0.009985  0.009660  0.009307  0.008612  0.008434  0.008256  0.008198  0.007793  0.006905  0.006724  0.006302  0.005830  0.005512  0.005216  0.004889  0.004712  0.004231  0.003927  0.003832  0.003687  0.003388  0.003231  0.002942  0.002642  0.002502  0.002380  0.002353
A14m-05  0.012377  0.012598  0.012320  0.012242  0.012612  0.012273  0.012073  0.012159  0.012131  0.012059  0.011732  0.011211  0.010877  0.010848  0.010744  0.010897  0.010851  0.010763  0.010266  0.010352  0.010432  0.010657  0.010441  0.009578  0.009604  0.009293  0.008886  0.008668  0.008460  0.008181  0.008111  0.007534  0.007205  0.007200  0.007092  0.006683  0.006501  0.006033  0.005492  0.005231  0.004974  0.004894
A14m-06  0.002553  0.002623  0.002533  0.002508  0.002622  0.002515  0.002453  0.002478  0.002468  0.002445  0.002348  0.002195  0.002099  0.002092  0.002064  0.002109  0.002097  0.002074  0.001940  0.001965  0.001989  0.002049  0.001994  0.001773  0.001783  0.001708  0.001611  0.001562  0.001517  0.001456  0.001446  0.001317  0.001249  0.001257  0.001241  0.001159  0.001129  0.001037  0.000933  0.000891  0.000850  0.000848
A14m-07  0.001763  0.001819  0.001725  0.001692  0.001786  0.001679  0.001613  0.001626  0.001607  0.001577  0.001484  0.001346  0.001259  0.001247  0.001217  0.001245  0.001228  0.001203  0.001093  0.001106  0.001117  0.001154  0.001107  0.000946  0.000948  0.000893  0.000826  0.000792  0.000762  0.000724  0.000718  0.000644  0.000608  0.000615  0.000610  0.000572  0.000563  0.000525  0.000486  0.000478  0.000473  0.000484
A14m-08  0.023878  0.023289  0.021621  0.020433  0.020186  0.018530  0.017207  0.016454  0.015518  0.014536  0.013179  0.011595  0.010381  0.009666  0.008880  0.008460  0.007805  0.007134  0.006067  0.005671  0.005283  0.005033  0.004432  0.003421  0.003131  0.002666  0.002221  0.001940  0.001717  0.001527  0.001450  0.001323  0.001324  0.001406  0.001450  0.001450  0.001450  0.001450  0.001450  0.001450  0.001450  0.001450
A14m-09  0.055720  0.055641  0.054259  0.053413  0.053729  0.052226  0.051094  0.050695  0.050017  0.049235  0.047834  0.045977  0.044600  0.043977  0.043181  0.043009  0.042367  0.041635  0.039962  0.039657  0.039343  0.039361  0.038387  0.035979  0.035581  0.034446  0.033121  0.032224  0.031364  0.030367  0.029827  0.028237  0.027188  0.026822  0.026255  0.025090  0.024399  0.023155  0.021793  0.021000  0.020231  0.019816
A14m-11  0.002010  0.001984  0.001870  0.001794  0.001796  0.001679  0.001588  0.001545  0.001485  0.001420  0.001320  0.001196  0.001103  0.001054  0.000998  0.000976  0.000929  0.000879  0.000784  0.000759  0.000734  0.000725  0.000671  0.000558  0.000535  0.000483  0.000426  0.000389  0.000356  0.000321  0.000303  0.000254  0.000225  0.000220  0.000210  0.000187  0.000179  0.000161  0.000145  0.000144  0.000147  0.000158
A14m-12  0.002003  0.002021  0.001930  0.001885  0.001934  0.001834  0.001765  0.001755  0.001723  0.001682  0.001593  0.001470  0.001385  0.001359  0.001319  0.001326  0.001298  0.001263  0.001161  0.001158  0.001153  0.001171  0.001121  0.000974  0.000965  0.000907  0.000838  0.000798  0.000761  0.000716  0.000700  0.000622  0.000578  0.000574  0.000559  0.000512  0.000492  0.000444  0.000391  0.000370  0.000351  0.000351
A14n-02  0.012425  0.012542  0.012133  0.011938  0.012208  0.011746  0.011432  0.011410  0.011275  0.011097  0.010670  0.010061  0.009642  0.009522  0.009331  0.009387  0.009255  0.009085  0.008542  0.008539  0.008531  0.008651  0.008379  0.007543  0.007495  0.007157  0.006743  0.006497  0.006263  0.005976  0.005865  0.005344  0.005033  0.004987  0.004861  0.004503  0.004326  0.003936  0.003499  0.003282  0.003072  0.002998
A14n-03  0.029416  0.029570  0.028766  0.028351  0.028789  0.027885  0.027250  0.027154  0.026849  0.026463  0.025615  0.024423  0.023583  0.023300  0.022886  0.022935  0.022629  0.022253  0.021166  0.021104  0.021032  0.021209  0.020633  0.018965  0.018817  0.018105  0.017242  0.016701  0.016184  0.015559  0.015279  0.014187  0.013506  0.013348  0.013031  0.012246  0.011824  0.010967  0.010010  0.009493  0.008989  0.008760
A14n-04  0.002656  0.002731  0.002642  0.002619  0.002741  0.002634  0.002572  0.002602  0.002595  0.002575  0.002475  0.002318  0.002219  0.002214  0.002187  0.002237  0.002227  0.002204  0.002062  0.002092  0.002119  0.002188  0.002130  0.001889  0.001901  0.001820  0.001712  0.001658  0.001608  0.001539  0.001528  0.001381  0.001302  0.001310  0.001291  0.001194  0.001156  0.001046  0.000920  0.000866  0.000814  0.000807
A14n-05  0.038529  0.038662  0.037848  0.037421  0.037834  0.036925  0.036284  0.036172  0.035856  0.035462  0.034617  0.033439  0.032607  0.032319  0.031904  0.031939  0.031632  0.031257  0.030197  0.030127  0.030049  0.030209  0.029647  0.028043  0.027895  0.027210  0.026384  0.025868  0.025376  0.024782  0.024518  0.023490  0.022852  0.022707  0.022414  0.021686  0.021299  0.020509  0.019630  0.019163  0.018710  0.018512
A14n-06  0.001417  0.001458  0.001410  0.001397  0.001463  0.001405  0.001371  0.001387  0.001384  0.001372  0.001319  0.001233  0.001179  0.001177  0.001162  0.001189  0.001183  0.001171  0.001094  0.001110  0.001125  0.001162  0.001131  0.001000  0.001007  0.000963  0.000905  0.000875  0.000848  0.000811  0.000805  0.000726  0.000683  0.000687  0.000677  0.000624  0.000604  0.000545  0.000477  0.000448  0.000420  0.000416
A14n-08  0.118398  0.117638  0.113482  0.110764  0.111047  0.106701  0.103351  0.101867  0.099711  0.097326  0.093485  0.088625  0.084985  0.083163  0.080974  0.080238  0.078451  0.076496  0.072522  0.071588  0.070648  0.070416  0.068130  0.062990  0.062014  0.059614  0.056914  0.055116  0.053443  0.051579  0.050604  0.047819  0.046080  0.045573  0.044761  0.043034  0.042143  0.040464  0.038712  0.037903  0.037198  0.037050
A14n-10  0.043746  0.043574  0.042231  0.041374  0.041562  0.040122  0.039020  0.038574  0.037884  0.037103  0.035780  0.034062  0.032773  0.032151  0.031382  0.031160  0.030530  0.029827  0.028314  0.027988  0.027656  0.027611  0.026718  0.024612  0.024223  0.023214  0.022051  0.021257  0.020498  0.019631  0.019151  0.017805  0.016916  0.016596  0.016114  0.015149  0.014578  0.013566  0.012467  0.011837  0.011231  0.010914
A14n-11  0.034492  0.034292  0.032870  0.031961  0.032127  0.030628  0.029482  0.029005  0.028284  0.027477  0.026144  0.024440  0.023173  0.022557  0.021805  0.021574  0.020961  0.020285  0.018878  0.018564  0.018245  0.018178  0.017368  0.015524  0.015180  0.014319  0.013346  0.012696  0.012087  0.011407  0.011044  0.010023  0.009378  0.009175  0.008859  0.008208  0.007856  0.007215  0.006544  0.006212  0.005915  0.005816
A14n-12  0.001741  0.001754  0.001661  0.001612  0.001655  0.001555  0.001484  0.001470  0.001435  0.001392  0.001304  0.001185  0.001102  0.001074  0.001035  0.001037  0.001008  0.000973  0.000879  0.000873  0.000866  0.000878  0.000831  0.000702  0.000692  0.000641  0.000582  0.000548  0.000516  0.000480  0.000467  0.000406  0.000373  0.000372  0.000362  0.000329  0.000318  0.000287  0.000255  0.000246  0.000240  0.000247
A14n-13  0.000978  0.001010  0.000960  0.000944  0.000998  0.000940  0.000905  0.000914  0.000906  0.000891  0.000839  0.000762  0.000713  0.000707  0.000691  0.000709  0.000701  0.000688  0.000624  0.000633  0.000641  0.000665  0.000638  0.000540  0.000543  0.000510  0.000468  0.000447  0.000428  0.000403  0.000399  0.000349  0.000324  0.000328  0.000323  0.000295  0.000286  0.000256  0.000223  0.000213  0.000204  0.000208
A14n-14  0.001687  0.001699  0.001605  0.001555  0.001596  0.001495  0.001424  0.001408  0.001372  0.001328  0.001241  0.001123  0.001041  0.001013  0.000973  0.000974  0.000945  0.000910  0.000818  0.000811  0.000803  0.000814  0.000768  0.000645  0.000635  0.000586  0.000530  0.000498  0.000469  0.000435  0.000423  0.000368  0.000338  0.000338  0.000330  0.000302  0.000294  0.000269  0.000244  0.000240  0.000238  0.000247
A14n-15  0.001806  0.001820  0.001726  0.001677  0.001720  0.001619  0.001548  0.001534  0.001498  0.001455  0.001367  0.001249  0.001167  0.001138  0.001098  0.001101  0.001072  0.001037  0.000943  0.000937  0.000930  0.000942  0.000895  0.000767  0.000757  0.000707  0.000648  0.000614  0.000583  0.000548  0.000535  0.000475  0.000443  0.000442  0.000433  0.000401  0.000390  0.000361  0.000331  0.000323  0.000318  0.000325
A14n-18  0.000901  0.000906  0.000842  0.000807  0.000830  0.000763  0.000715  0.000702  0.000676  0.000646  0.000589  0.000515  0.000464  0.000445  0.000419  0.000417  0.000397  0.000374  0.000321  0.000314  0.000307  0.000310  0.000283  0.000219  0.000212  0.000187  0.000159  0.000144  0.000131  0.000116  0.000112  0.000092  0.000084  0.000086  0.000086  0.000083  0.000085  0.000086  0.000090  0.000100  0.000111  0.000112
A14n-21  0.017885  0.017427  0.015920  0.014880  0.014736  0.013249  0.012083  0.011452  0.010649  0.009804  0.008623  0.007250  0.006223  0.005642  0.005002  0.004676  0.004151  0.003618  0.002784  0.002486  0.002193  0.001996  0.001561  0.000901  0.000715  0.000454  0.000245  0.000145  0.000103  0.000103  0.000103  0.000103  0.000103  0.000103  0.000103  0.000103  0.000103  0.000103  0.000103  0.000103  0.000103  0.000103
A14p-01  0.110895  0.110010  0.105706  0.102846  0.103010  0.098502  0.094993  0.093368  0.091062  0.088520  0.084497  0.079431  0.075596  0.073606  0.071238  0.070351  0.068388  0.066249  0.062034  0.060933  0.059823  0.059442  0.056940  0.051477  0.050313  0.047666  0.044697  0.042658  0.040742  0.038617  0.037416  0.034302  0.032277  0.031547  0.030487  0.028442  0.027279  0.025258  0.023140  0.022025  0.021010  0.020592
A14p-03  0.036358  0.036211  0.034894  0.034063  0.034271  0.032862  0.031789  0.031367  0.030703  0.029951  0.028666  0.026997  0.025754  0.025164  0.024431  0.024230  0.023634  0.022966  0.021520  0.021220  0.020914  0.020880  0.020037  0.018043  0.017686  0.016744  0.015660  0.014928  0.014231  0.013437  0.013005  0.011773  0.010970  0.010695  0.010271  0.009410  0.008912  0.008018  0.007053  0.006515  0.006003  0.005752
A14p-06  0.003180  0.003143  0.002962  0.002842  0.002848  0.002661  0.002516  0.002448  0.002353  0.002249  0.002088  0.001889  0.001741  0.001663  0.001572  0.001536  0.001461  0.001381  0.001229  0.001187  0.001145  0.001126  0.001039  0.000861  0.000821  0.000738  0.000648  0.000588  0.000534  0.000477  0.000446  0.000371  0.000326  0.000313  0.000295  0.000260  0.000246  0.000221  0.000200  0.000200  0.000205  0.000219
A14p-07  0.004162  0.004156  0.003992  0.003894  0.003935  0.003759  0.003628  0.003583  0.003507  0.003418  0.003258  0.003048  0.002894  0.002826  0.002740  0.002724  0.002656  0.002578  0.002397  0.002368  0.002337  0.002342  0.002241  0.001989  0.001952  0.001838  0.001706  0.001620  0.001538  0.001444  0.001397  0.001247  0.001152  0.001125  0.001079  0.000978  0.000922  0.000817  0.000704  0.000644  0.000588  0.000565
A14p-08  0.001198  0.001198  0.001137  0.001101  0.001117  0.001052  0.001005  0.000989  0.000962  0.000930  0.000873  0.000798  0.000745  0.000722  0.000693  0.000687  0.000664  0.000638  0.000578  0.000568  0.000558  0.000560  0.000527  0.000448  0.000436  0.000401  0.000362  0.000337  0.000314  0.000287  0.000275  0.000235  0.000210  0.000205  0.000195  0.000171  0.000160  0.000137  0.000114  0.000104  0.000096  0.000096
A14p-12  0.007693  0.007678  0.007267  0.007021  0.007118  0.006683  0.006362  0.006250  0.006061  0.005845  0.005468  0.004981  0.004629  0.004475  0.004281  0.004239  0.004084  0.003911  0.003531  0.003463  0.003392  0.003389  0.003181  0.002701  0.002625  0.002415  0.002180  0.002032  0.001896  0.001747  0.001676  0.001457  0.001330  0.001303  0.001254  0.001140  0.001091  0.000993  0.000900  0.000875  0.000861  0.000883
A15b-01  0.001203  0.001202  0.001141  0.001105  0.001121  0.001056  0.001008  0.000993  0.000965  0.000933  0.000876  0.000802  0.000748  0.000725  0.000696  0.000691  0.000668  0.000641  0.000581  0.000572  0.000562  0.000563  0.000530  0.000451  0.000440  0.000405  0.000366  0.000341  0.000318  0.000292  0.000279  0.000239  0.000215  0.000210  0.000200  0.000176  0.000165  0.000143  0.000120  0.000111  0.000103  0.000103
A15b-02  0.014165  0.014136  0.013593  0.013264  0.013388  0.012805  0.012370  0.012217  0.011959  0.011662  0.011135  0.010443  0.009935  0.009709  0.009421  0.009362  0.009133  0.008873  0.008280  0.008178  0.008071  0.008080  0.007746  0.006926  0.006798  0.006424  0.005991  0.005707  0.005438  0.005129  0.004971  0.004483  0.004173  0.004081  0.003929  0.003598  0.003417  0.003075  0.002707  0.002513  0.002331  0.002254
A15b-03  0.007037  0.007004  0.006582  0.006324  0.006398  0.005957  0.005628  0.005501  0.005300  0.005075  0.004697  0.004219  0.003872  0.003711  0.003513  0.003457  0.003297  0.003121  0.002761  0.002683  0.002603  0.002581  0.002382  0.001952  0.001872  0.001681  0.001474  0.001341  0.001223  0.001096  0.001033  0.000863  0.000768  0.000748  0.000714  0.000642  0.000618  0.000572  0.000540  0.000551  0.000575  0.000618
A15b-04  0.035613  0.035234  0.033739  0.032717  0.032688  0.031126  0.029892  0.029279  0.028443  0.027529  0.026125  0.024372  0.023026  0.022294  0.021436  0.021075  0.020354  0.019575  0.018095  0.017664  0.017232  0.017050  0.016147  0.014229  0.013779  0.012819  0.011745  0.010989  0.010275  0.009485  0.009017  0.007874  0.007110  0.006802  0.006376  0.005596  0.005127  0.004346  0.003521  0.003057  0.002626  0.002412
A15b-05  0.015251  0.015235  0.014701  0.014381  0.014520  0.013942  0.013513  0.013371  0.013121  0.012831  0.012304  0.011606  0.011096  0.010875  0.010589  0.010539  0.010313  0.010054  0.009449  0.009351  0.009250  0.009269  0.008928  0.008076  0.007949  0.007561  0.007110  0.006814  0.006533  0.006208  0.006042  0.005521  0.005189  0.005091  0.004926  0.004566  0.004366  0.003989  0.003580  0.003360  0.003151  0.003056
A15b-13  0.003555  0.003527  0.003351  0.003238  0.003254  0.003070  0.002929  0.002869  0.002779  0.002680  0.002519  0.002317  0.002166  0.002092  0.002002  0.001972  0.001899  0.001819  0.001659  0.001621  0.001582  0.001571  0.001479  0.001280  0.001240  0.001148  0.001045  0.000978  0.000915  0.000847  0.000811  0.000714  0.000655  0.000638  0.000611  0.000556  0.000530  0.000481  0.000433  0.000415  0.000402  0.000405
A22-02  0.000739  0.000758  0.000728  0.000716  0.000742  0.000714  0.000693  0.000690  0.000683  0.000670  0.000635  0.000588  0.000565  0.000558  0.000551  0.000561  0.000554  0.000541  0.000497  0.000494  0.000486  0.000505  0.000488  0.000418  0.000410  0.000381  0.000345  0.000326  0.000311  0.000288  0.000284  0.000240  0.000217  0.000218  0.000207  0.000181  0.000172  0.000144  0.000112  0.000100  0.000086  0.000086
A50d-01  0.006666  0.006657  0.006266  0.006061  0.006183  0.005784  0.005501  0.005509  0.005360  0.005177  0.004823  0.004353  0.004027  0.003899  0.003736  0.003730  0.003586  0.003433  0.003103  0.003080  0.003043  0.003024  0.002811  0.002390  0.002344  0.002169  0.001982  0.001858  0.001745  0.001614  0.001559  0.001368  0.001268  0.001253  0.001208  0.001120  0.001092  0.001020  0.000954  0.000941  0.000937  0.000965
A50d-03  0.009977  0.009795  0.009135  0.008715  0.008708  0.008056  0.007555  0.007416  0.007088  0.006725  0.006162  0.005470  0.004961  0.004689  0.004383  0.004261  0.003986  0.003706  0.003238  0.003115  0.002978  0.002864  0.002552  0.002043  0.001921  0.001680  0.001438  0.001266  0.001112  0.000955  0.000869  0.000690  0.000596  0.000568  0.000530  0.000483  0.000478  0.000475  0.000501  0.000530  0.000530  0.000530
A50h-03  0.009457  0.009456  0.009020  0.008794  0.008948  0.008496  0.008176  0.008199  0.008038  0.007835  0.007421  0.006858  0.006467  0.006319  0.006126  0.006133  0.005964  0.005780  0.005356  0.005342  0.005310  0.005307  0.005027  0.004436  0.004384  0.004137  0.003861  0.003677  0.003503  0.003292  0.003204  0.002866  0.002677  0.002640  0.002540  0.002341  0.002255  0.002053  0.001839  0.001736  0.001639  0.001626
A50h-04  0.006219  0.006220  0.005962  0.005828  0.005921  0.005652  0.005462  0.005477  0.005382  0.005261  0.005010  0.004667  0.004427  0.004337  0.004218  0.004224  0.004119  0.004005  0.003737  0.003730  0.003711  0.003711  0.003532  0.003148  0.003114  0.002951  0.002767  0.002643  0.002524  0.002379  0.002316  0.002079  0.001942  0.001911  0.001835  0.001686  0.001616  0.001459  0.001290  0.001201  0.001114  0.001090
A50h-05  0.011700  0.011767  0.011487  0.011371  0.011565  0.011257  0.011053  0.011140  0.011067  0.010955  0.010647  0.010191  0.009882  0.009795  0.009661  0.009722  0.009606  0.009472  0.009079  0.009113  0.009128  0.009176  0.008910  0.008270  0.008246  0.007983  0.007672  0.007463  0.007259  0.006996  0.006888  0.006421  0.006147  0.006085  0.005924  0.005596  0.005434  0.005067  0.004655  0.004416  0.004174  0.004076
A50h-09  0.024553  0.023963  0.022308  0.021198  0.021011  0.019395  0.018122  0.017655  0.016777  0.015826  0.014440  0.012785  0.011536  0.010815  0.010024  0.009637  0.008926  0.008211  0.007105  0.006738  0.006347  0.006007  0.005263  0.004127  0.003795  0.003232  0.002680  0.002277  0.001924  0.001575  0.001371  0.001021  0.000838  0.000777  0.000714  0.000667  0.000692  0.000714  0.000714  0.000714  0.000714  0.000714
A50h-10  0.025024  0.024443  0.022793  0.021689  0.021512  0.019899  0.018630  0.018171  0.017298  0.016352  0.014967  0.013307  0.012057  0.011339  0.010548  0.010167  0.009458  0.008743  0.007629  0.007266  0.006878  0.006543  0.005793  0.004638  0.004306  0.003735  0.003172  0.002762  0.002401  0.002041  0.001832  0.001461  0.001264  0.001199  0.001126  0.001061  0.001075  0.001126  0.001126  0.001126  0.001126  0.001126
A50h-11  0.001558  0.001642  0.001521  0.001497  0.001645  0.001513  0.001441  0.001520  0.001515  0.001489  0.001370  0.001187  0.001079  0.001073  0.001047  0.001102  0.001081  0.001053  0.000929  0.000966  0.000993  0.001028  0.000957  0.000774  0.000787  0.000730  0.000664  0.000630  0.000599  0.000556  0.000552  0.000473  0.000440  0.000450  0.000442  0.000409  0.000405  0.000376  0.000349  0.000346  0.000347  0.000362
A50h-13  0.001918  0.001923  0.001787  0.001719  0.001770  0.001631  0.001534  0.001543  0.001494  0.001433  0.001311  0.001148  0.001038  0.000997  0.000943  0.000944  0.000897  0.000847  0.000737  0.000731  0.000719  0.000713  0.000644  0.000508  0.000493  0.000438  0.000380  0.000342  0.000309  0.000270  0.000255  0.000202  0.000176  0.000174  0.000164  0.000145  0.000142  0.000131  0.000125  0.000131  0.000140  0.000155
A50h-14  0.009681  0.009489  0.008823  0.008396  0.008376  0.007721  0.007216  0.007066  0.006732  0.006363  0.005800  0.005114  0.004606  0.004331  0.004023  0.003893  0.003617  0.003336  0.002879  0.002750  0.002608  0.002487  0.002182  0.001699  0.001575  0.001344  0.001115  0.000952  0.000809  0.000664  0.000584  0.000432  0.000355  0.000332  0.000305  0.000281  0.000289  0.000305  0.000305  0.000305  0.000305  0.000305
A50i-01  0.001234  0.001255  0.001205  0.001189  0.001235  0.001181  0.001147  0.001171  0.001164  0.001149  0.001097  0.001017  0.000966  0.000957  0.000940  0.000959  0.000946  0.000929  0.000866  0.000880  0.000890  0.000906  0.000867  0.000765  0.000769  0.000732  0.000689  0.000663  0.000638  0.000604  0.000596  0.000531  0.000497  0.000497  0.000482  0.000442  0.000427  0.000382  0.000332  0.000308  0.000284  0.000281
A50i-02  0.011010  0.011116  0.010828  0.010727  0.010977  0.010658  0.010456  0.010584  0.010531  0.010434  0.010115  0.009627  0.009306  0.009237  0.009115  0.009215  0.009113  0.008991  0.008575  0.008643  0.008690  0.008775  0.008504  0.007807  0.007810  0.007540  0.007217  0.007011  0.006809  0.006540  0.006448  0.005948  0.005667  0.005626  0.005474  0.005132  0.004977  0.004590  0.004153  0.003912  0.003667  0.003585
A50i-03  0.001807  0.001802  0.001679  0.001614  0.001650  0.001526  0.001438  0.001439  0.001393  0.001336  0.001228  0.001084  0.000986  0.000947  0.000898  0.000897  0.000854  0.000809  0.000711  0.000706  0.000696  0.000692  0.000631  0.000509  0.000498  0.000450  0.000399  0.000366  0.000338  0.000304  0.000293  0.000244  0.000222  0.000223  0.000217  0.000200  0.000199  0.000189  0.000181  0.000187  0.000197  0.000214
A50i-06  0.124672  0.125001  0.121820  0.120312  0.121924  0.118511  0.116158  0.116697  0.115659  0.114252  0.110938  0.106223  0.102965  0.101873  0.100339  0.100679  0.099339  0.097833  0.093915  0.094015  0.093943  0.094178  0.091521  0.085461  0.085071  0.082513  0.079555  0.077547  0.075597  0.073139  0.072082  0.067877  0.065405  0.064804  0.063351  0.060481  0.059056  0.055903  0.052409  0.050411  0.048401  0.047620
A50i-07  0.025130  0.024884  0.023655  0.022912  0.023035  0.021795  0.020864  0.020708  0.020144  0.019496  0.018386  0.016961  0.015927  0.015436  0.014853  0.014714  0.014197  0.013657  0.012611  0.012452  0.012258  0.012130  0.011429  0.010095  0.009891  0.009294  0.008651  0.008205  0.007792  0.007316  0.007092  0.006391  0.005997  0.005905  0.005702  0.005325  0.005171  0.004819  0.004464  0.004322  0.004204  0.004241
A50i-08  0.009999  0.009981  0.009355  0.009027  0.009220  0.008585  0.008137  0.008150  0.007915  0.007629  0.007073  0.006336  0.005830  0.005636  0.005387  0.005385  0.005169  0.004939  0.004435  0.004412  0.004365  0.004348  0.004032  0.003400  0.003346  0.003096  0.002828  0.002660  0.002510  0.002336  0.002277  0.002018  0.001898  0.001905  0.001869  0.001775  0.001769  0.001704  0.001654  0.001681  0.001723  0.001810
A50i-10  0.001800  0.001834  0.001712  0.001664  0.001749  0.001621  0.001540  0.001576  0.001547  0.001505  0.001390  0.001228  0.001124  0.001100  0.001061  0.001085  0.001053  0.001015  0.000904  0.000919  0.000927  0.000942  0.000876  0.000722  0.000724  0.000670  0.000611  0.000577  0.000546  0.000508  0.000500  0.000433  0.000405  0.000411  0.000404  0.000377  0.000375  0.000352  0.000331  0.000332  0.000336  0.000353
A50i-12  0.189398  0.189842  0.185910  0.184055  0.186101  0.181854  0.178925  0.179626  0.178342  0.176587  0.172414  0.166447  0.162310  0.160918  0.158957  0.159386  0.157665  0.155725  0.150675  0.150786  0.150675  0.150963  0.147501  0.139602  0.139056  0.135679  0.131764  0.129080  0.126460  0.123160  0.121697  0.116061  0.112700  0.111810  0.109781  0.105851  0.103838  0.099498  0.094678  0.091852  0.088996  0.087793
A50i-13  0.019637  0.019838  0.019407  0.019273  0.019706  0.019223  0.018929  0.019165  0.019110  0.018985  0.018501  0.017748  0.017263  0.017182  0.017016  0.017206  0.017074  0.016907  0.016269  0.016409  0.016515  0.016682  0.016276  0.015186  0.015221  0.014818  0.014329  0.014028  0.013734  0.013332  0.013214  0.012440  0.012019  0.011984  0.011769  0.011250  0.011032  0.010440  0.009768  0.009411  0.009047  0.008946
A50i-15  0.010358  0.010314  0.009846  0.009584  0.009696  0.009215  0.008865  0.008852  0.008659  0.008427  0.007986  0.007400  0.006984  0.006809  0.006589  0.006570  0.006377  0.006170  0.005724  0.005688  0.005636  0.005614  0.005315  0.004703  0.004634  0.004369  0.004075  0.003874  0.003684  0.003457  0.003356  0.002998  0.002794  0.002747  0.002636  0.002422  0.002326  0.002108  0.001877  0.001763  0.001655  0.001637
A50i-16  0.009296  0.009221  0.008737  0.008455  0.008530  0.008042  0.007681  0.007638  0.007428  0.007182  0.006748  0.006184  0.005782  0.005600  0.005381  0.005341  0.005148  0.004945  0.004538  0.004489  0.004425  0.004386  0.004118  0.003600  0.003531  0.003306  0.003065  0.002901  0.002750  0.002576  0.002500  0.002241  0.002101  0.002077  0.002011  0.001880  0.001834  0.001716  0.001599  0.001562  0.001535  0.001564
A50i-17  0.026061  0.026128  0.025171  0.024708  0.025142  0.024140  0.023449  0.023574  0.023257  0.022842  0.021912  0.020617  0.019731  0.019434  0.019023  0.019105  0.018751  0.018359  0.017363  0.017389  0.017370  0.017425  0.016777  0.015325  0.015247  0.014661  0.013995  0.013561  0.013150  0.012634  0.012440  0.011566  0.011087  0.011017  0.010771  0.010242  0.010021  0.009464  0.008859  0.008563  0.008277  0.008233
A50i-18  0.033694  0.033542  0.032132  0.031339  0.031645  0.030207  0.029159  0.029100  0.028514  0.027816  0.026517  0.024803  0.023588  0.023070  0.022428  0.022359  0.021795  0.021195  0.019926  0.019815  0.019655  0.019579  0.018740  0.017050  0.016857  0.016132  0.015338  0.014802  0.014301  0.013708  0.013452  0.012534  0.012027  0.011929  0.011671  0.011162  0.010956  0.010459  0.009944  0.009723  0.009528  0.009550
A50i-19  0.392184  0.394597  0.389687  0.388231  0.393329  0.387821  0.384505  0.387328  0.386779  0.385417  0.379899  0.371264  0.365723  0.364881  0.363044  0.365335  0.363890  0.362046  0.354740  0.356444  0.357761  0.359781  0.355165  0.342633  0.343120  0.338542  0.332968  0.329564  0.326248  0.321676  0.320397  0.311519  0.306725  0.306415  0.304007  0.298078  0.295643  0.288879  0.281174  0.277127  0.272992  0.271918
A50i-21  0.014773  0.014849  0.014230  0.013945  0.014270  0.013616  0.013173  0.013287  0.013099  0.012842  0.012230  0.011367  0.010782  0.010601  0.010341  0.010421  0.010198  0.009949  0.009279  0.009318  0.009325  0.009384  0.008950  0.007951  0.007913  0.007517  0.007062  0.006770  0.006491  0.006137  0.006010  0.005397  0.005062  0.005018  0.004848  0.004472  0.004316  0.003914  0.003474  0.003256  0.003044  0.003007
A50i-22  0.005420  0.005386  0.005080  0.004908  0.004971  0.004661  0.004435  0.004420  0.004293  0.004143  0.003866  0.003504  0.003248  0.003138  0.003003  0.002987  0.002868  0.002743  0.002482  0.002457  0.002423  0.002405  0.002235  0.001897  0.001858  0.001715  0.001561  0.001457  0.001362  0.001251  0.001205  0.001036  0.000947  0.000934  0.000893  0.000808  0.000779  0.000702  0.000625  0.000601  0.000583  0.000602
A50i-25  0.007557  0.007619  0.007368  0.007266  0.007441  0.007169  0.006992  0.007071  0.007010  0.006916  0.006654  0.006269  0.006013  0.005948  0.005843  0.005903  0.005815  0.005713  0.005402  0.005440  0.005462  0.005510  0.005309  0.004815  0.004809  0.004618  0.004392  0.004249  0.004110  0.003929  0.003867  0.003538  0.003357  0.003334  0.003240  0.003026  0.002935  0.002698  0.002435  0.002297  0.002158  0.002121
A50i-27  0.004025  0.004043  0.003882  0.003807  0.003889  0.003719  0.003602  0.003631  0.003580  0.003512  0.003351  0.003124  0.002970  0.002921  0.002851  0.002871  0.002811  0.002744  0.002565  0.002574  0.002575  0.002589  0.002472  0.002205  0.002193  0.002085  0.001962  0.001881  0.001804  0.001707  0.001670  0.001501  0.001408  0.001393  0.001344  0.001238  0.001192  0.001079  0.000953  0.000889  0.000826  0.000812
A50i-35  0.001718  0.001709  0.001585  0.001517  0.001548  0.001423  0.001334  0.001331  0.001282  0.001223  0.001116  0.000976  0.000879  0.000840  0.000791  0.000786  0.000743  0.000698  0.000606  0.000598  0.000586  0.000579  0.000522  0.000414  0.000402  0.000359  0.000315  0.000288  0.000264  0.000238  0.000229  0.000194  0.000181  0.000184  0.000183  0.000178  0.000183  0.000186  0.000195  0.000211  0.000229  0.000229
A50i-37  0.000896  0.000902  0.000853  0.000830  0.000855  0.000803  0.000768  0.000777  0.000762  0.000741  0.000693  0.000625  0.000579  0.000565  0.000545  0.000551  0.000533  0.000514  0.000462  0.000465  0.000466  0.000470  0.000437  0.000361  0.000358  0.000328  0.000294  0.000272  0.000251  0.000225  0.000216  0.000171  0.000147  0.000144  0.000132  0.000105  0.000095  0.000067  0.000036  0.000021  0.000007  0.000006
A50i-38  0.000584  0.000618  0.000557  0.000541  0.000604  0.000539  0.000502  0.000533  0.000526  0.000510  0.000453  0.000370  0.000321  0.000315  0.000301  0.000321  0.000309  0.000295  0.000244  0.000256  0.000263  0.000273  0.000244  0.000177  0.000180  0.000159  0.000137  0.000126  0.000117  0.000106  0.000106  0.000089  0.000085  0.000090  0.000093  0.000093  0.000098  0.000104  0.000106  0.000106  0.000106  0.000106
A50j-02  0.015220  0.015254  0.014689  0.014413  0.014662  0.014069  0.013658  0.013727  0.013536  0.013286  0.012731  0.011956  0.011424  0.011241  0.010990  0.011034  0.010816  0.010575  0.009969  0.009979  0.009963  0.009992  0.009592  0.008699  0.008645  0.008278  0.007860  0.007584  0.007320  0.006990  0.006859  0.006301  0.005988  0.005931  0.005763  0.005413  0.005258  0.004885  0.004477  0.004267  0.004061  0.004012
A50j-03  0.011282  0.011381  0.011011  0.010864  0.011131  0.010731  0.010472  0.010594  0.010508  0.010373  0.009988  0.009420  0.009044  0.008952  0.008801  0.008895  0.008769  0.008622  0.008163  0.008224  0.008262  0.008338  0.008043  0.007313  0.007309  0.007029  0.006698  0.006489  0.006288  0.006023  0.005935  0.005451  0.005186  0.005157  0.005021  0.004708  0.004576  0.004230  0.003843  0.003642  0.003440  0.003390
A50j-05  0.004087  0.004108  0.003890  0.003788  0.003893  0.003667  0.003512  0.003545  0.003477  0.003386  0.003178  0.002889  0.002693  0.002631  0.002543  0.002566  0.002491  0.002407  0.002191  0.002201  0.002200  0.002215  0.002078  0.001768  0.001755  0.001634  0.001497  0.001410  0.001328  0.001226  0.001191  0.001017  0.000925  0.000918  0.000875  0.000777  0.000741  0.000640  0.000531  0.000484  0.000440  0.000443
A50j-06  0.086972  0.086686  0.083774  0.082136  0.082822  0.079802  0.077589  0.077501  0.076272  0.074791  0.071965  0.068178  0.065463  0.064299  0.062841  0.062694  0.061396  0.060002  0.056994  0.056726  0.056346  0.056173  0.054104  0.049849  0.049324  0.047417  0.045287  0.043792  0.042359  0.040637  0.039807  0.037077  0.035444  0.034962  0.033987  0.032205  0.031299  0.029424  0.027397  0.026260  0.025147  0.024741
A50j-07  0.020317  0.020439  0.019959  0.019765  0.020104  0.019583  0.019241  0.019396  0.019279  0.019098  0.018587  0.017834  0.017330  0.017200  0.016992  0.017107  0.016932  0.016727  0.016102  0.016174  0.016215  0.016310  0.015900  0.014895  0.014878  0.014482  0.014014  0.013712  0.013418  0.013034  0.012895  0.012201  0.011811  0.011749  0.011536  0.011072  0.010862  0.010345  0.009765  0.009449  0.009130  0.009029
A50j-08  0.001896  0.001897  0.001753  0.001681  0.001730  0.001585  0.001484  0.001490  0.001438  0.001375  0.001251  0.001088  0.000978  0.000937  0.000884  0.000884  0.000838  0.000790  0.000685  0.000680  0.000670  0.000664  0.000601  0.000480  0.000469  0.000424  0.000377  0.000349  0.000325  0.000300  0.000293  0.000261  0.000251  0.000258  0.000261  0.000262  0.000273  0.000285  0.000293  0.000293  0.000293  0.000293
A50j-09  0.005330  0.005219  0.004882  0.004660  0.004636  0.004306  0.004049  0.003966  0.003794  0.003607  0.003323  0.002978  0.002722  0.002581  0.002425  0.002360  0.002221  0.002081  0.001849  0.001788  0.001722  0.001668  0.001516  0.001262  0.001207  0.001090  0.000973  0.000892  0.000822  0.000748  0.000714  0.000626  0.000585  0.000583  0.000574  0.000556  0.000565  0.000568  0.000583  0.000620  0.000667  0.000714
A50j-10  0.007811  0.007964  0.007732  0.007682  0.007977  0.007713  0.007565  0.007740  0.007738  0.007692  0.007428  0.007000  0.006735  0.006717  0.006647  0.006794  0.006744  0.006673  0.006315  0.006431  0.006527  0.006660  0.006443  0.005810  0.005862  0.005647  0.005380  0.005227  0.005079  0.004865  0.004824  0.004383  0.004157  0.004167  0.004067  0.003781  0.003679  0.003350  0.002970  0.002784  0.002593  0.002562
A50j-11  0.003809  0.003775  0.003586  0.003473  0.003496  0.003304  0.003161  0.003140  0.003054  0.002955  0.002781  0.002555  0.002391  0.002315  0.002223  0.002204  0.002123  0.002037  0.001867  0.001844  0.001814  0.001796  0.001681  0.001457  0.001424  0.001323  0.001214  0.001137  0.001065  0.000981  0.000941  0.000814  0.000741  0.000721  0.000681  0.000607  0.000573  0.000500  0.000424  0.000387  0.000354  0.000351
A50j-12  0.017625  0.017954  0.017456  0.017348  0.017981  0.017415  0.017097  0.017473  0.017467  0.017370  0.016803  0.015882  0.015312  0.015274  0.015123  0.015439  0.015332  0.015180  0.014410  0.014660  0.014866  0.015151  0.014685  0.013324  0.013436  0.012975  0.012401  0.012073  0.011755  0.011294  0.011206  0.010258  0.009773  0.009794  0.009579  0.008965  0.008746  0.008038  0.007223  0.006822  0.006410  0.006346
A50j-13  0.006457  0.006568  0.006344  0.006279  0.006508  0.006263  0.006117  0.006242  0.006218  0.006159  0.005925  0.005564  0.005339  0.005311  0.005242  0.005341  0.005289  0.005222  0.004941  0.005016  0.005074  0.005157  0.004989  0.004529  0.004559  0.004403  0.004214  0.004107  0.004005  0.003862  0.003835  0.003551  0.003410  0.003422  0.003365  0.003195  0.003141  0.002952  0.002739  0.002644  0.002550  0.002550
A50j-14  0.004980  0.004862  0.004522  0.004295  0.004264  0.003932  0.003672  0.003583  0.003408  0.003218  0.002935  0.002594  0.002340  0.002199  0.002043  0.001974  0.001836  0.001697  0.001472  0.001409  0.001341  0.001285  0.001139  0.000904  0.000849  0.000742  0.000635  0.000563  0.000500  0.000438  0.000410  0.000342  0.000314  0.000318  0.000319  0.000319  0.000338  0.000362  0.000401  0.000410  0.000410  0.000410
A50k-01  0.003368  0.003432  0.003195  0.003103  0.003263  0.003017  0.002861  0.002927  0.002870  0.002787  0.002571  0.002267  0.002073  0.002027  0.001953  0.001996  0.001934  0.001863  0.001663  0.001686  0.001697  0.001719  0.001600  0.001336  0.001336  0.001245  0.001146  0.001091  0.001042  0.000982  0.000972  0.000876  0.000839  0.000853  0.000849  0.000823  0.000830  0.000816  0.000811  0.000833  0.000862  0.000903
A50k-04  0.114402  0.114365  0.111317  0.109720  0.110784  0.107591  0.105316  0.105479  0.104326  0.102875  0.099866  0.095738  0.092838  0.091723  0.090262  0.090317  0.089031  0.087625  0.084334  0.084227  0.083985  0.083982  0.081754  0.076953  0.076516  0.074449  0.072109  0.070507  0.068969  0.067081  0.066240  0.063136  0.061322  0.060869  0.059822  0.057800  0.056818  0.054662  0.052310  0.051017  0.049741  0.049312
A50k-07  0.001329  0.001332  0.001262  0.001227  0.001257  0.001183  0.001131  0.001139  0.001115  0.001084  0.001015  0.000921  0.000857  0.000834  0.000804  0.000809  0.000782  0.000753  0.000682  0.000683  0.000680  0.000683  0.000637  0.000534  0.000528  0.000486  0.000439  0.000408  0.000379  0.000343  0.000329  0.000268  0.000235  0.000231  0.000214  0.000178  0.000163  0.000126  0.000085  0.000066  0.000048  0.000046
A51-06  0.001438  0.001419  0.001324  0.001266  0.001268  0.001182  0.001112  0.001093  0.001048  0.000995  0.000909  0.000807  0.000738  0.000699  0.000661  0.000647  0.000610  0.000570  0.000498  0.000480  0.000459  0.000447  0.000404  0.000324  0.000305  0.000269  0.000231  0.000212  0.000186  0.000163  0.000151  0.000123  0.000108  0.000105  0.000101  0.000092  0.000091  0.000089  0.000091  0.000099  0.000108  0.000108
A51c-01  0.001858  0.001890  0.001771  0.001723  0.001792  0.001684  0.001607  0.001630  0.001599  0.001550  0.001430  0.001276  0.001184  0.001155  0.001125  0.001147  0.001117  0.001076  0.000961  0.000968  0.000964  0.000979  0.000920  0.000769  0.000759  0.000704  0.000642  0.000622  0.000581  0.000545  0.000534  0.000468  0.000438  0.000444  0.000440  0.000410  0.000403  0.000376  0.000353  0.000352  0.000355  0.000371
A51c-02  0.121693  0.122722  0.120262  0.119425  0.121415  0.119105  0.117515  0.118446  0.118003  0.117068  0.114194  0.110231  0.107874  0.107284  0.106632  0.107570  0.106905  0.105881  0.102381  0.102843  0.102943  0.103794  0.101934  0.096379  0.096090  0.093979  0.091377  0.090511  0.088573  0.086719  0.085999  0.082232  0.080157  0.080056  0.079332  0.076683  0.075456  0.072425  0.069219  0.067585  0.065885  0.065452
A51c-03  0.001459  0.001480  0.001404  0.001374  0.001419  0.001350  0.001300  0.001317  0.001298  0.001266  0.001186  0.001080  0.001015  0.000995  0.000974  0.000992  0.000970  0.000941  0.000854  0.000860  0.000858  0.000873  0.000827  0.000700  0.000691  0.000643  0.000586  0.000566  0.000525  0.000487  0.000472  0.000397  0.000358  0.000358  0.000346  0.000298  0.000279  0.000227  0.000175  0.000151  0.000128  0.000127
A51c-05  0.041238  0.040395  0.038435  0.037039  0.036561  0.034759  0.033222  0.032476  0.031341  0.030091  0.028326  0.026312  0.024800  0.023808  0.022829  0.022287  0.021356  0.020369  0.018823  0.018266  0.017644  0.017212  0.016206  0.014466  0.013893  0.012985  0.012031  0.011456  0.010722  0.010049  0.009615  0.008718  0.008157  0.007943  0.007664  0.007155  0.006891  0.006442  0.006038  0.005876  0.005753  0.005802
A51c-06  0.001918  0.001947  0.001874  0.001849  0.001905  0.001837  0.001790  0.001816  0.001802  0.001774  0.001690  0.001576  0.001508  0.001490  0.001471  0.001497  0.001477  0.001447  0.001348  0.001360  0.001362  0.001385  0.001332  0.001176  0.001167  0.001108  0.001035  0.001011  0.000957  0.000905  0.000885  0.000781  0.000724  0.000721  0.000702  0.000629  0.000596  0.000513  0.000426  0.000383  0.000337  0.000327
A51c-07  0.000391  0.000406  0.000376  0.000367  0.000393  0.000365  0.000347  0.000358  0.000353  0.000343  0.000311  0.000269  0.000245  0.000241  0.000235  0.000245  0.000240  0.000231  0.000200  0.000205  0.000206  0.000213  0.000198  0.000156  0.000155  0.000141  0.000124  0.000120  0.000110  0.000101  0.000099  0.000081  0.000073  0.000076  0.000076  0.000068  0.000067  0.000060  0.000054  0.000054  0.000055  0.000060
A51c-08  0.001717  0.001722  0.001647  0.001610  0.001637  0.001567  0.001514  0.001517  0.001490  0.001453  0.001373  0.001270  0.001204  0.001176  0.001147  0.001153  0.001124  0.001088  0.001001  0.000997  0.000986  0.000991  0.000940  0.000814  0.000797  0.000743  0.000681  0.000653  0.000605  0.000559  0.000536  0.000455  0.000407  0.000397  0.000376  0.000320  0.000290  0.000229  0.000165  0.000130  0.000095  0.000084
A51c-09  0.008919  0.008802  0.008397  0.008133  0.008102  0.007725  0.007413  0.007305  0.007091  0.006843  0.006452  0.005987  0.005651  0.005452  0.005254  0.005174  0.004981  0.004767  0.004387  0.004287  0.004165  0.004097  0.003851  0.003372  0.003243  0.003004  0.002740  0.002592  0.002383  0.002187  0.002063  0.001769  0.001582  0.001511  0.001409  0.001210  0.001094  0.000891  0.000689  0.000574  0.000464  0.000420
A51c-10  0.003498  0.003520  0.003422  0.003380  0.003435  0.003342  0.003273  0.003292  0.003263  0.003216  0.003101  0.002946  0.002847  0.002811  0.002773  0.002792  0.002753  0.002701  0.002558  0.002560  0.002548  0.002564  0.002480  0.002258  0.002231  0.002135  0.002021  0.001971  0.001880  0.001792  0.001747  0.001584  0.001486  0.001463  0.001416  0.001294  0.001227  0.001088  0.000941  0.000855  0.000766  0.000728
A51c-11  0.001542  0.001543  0.001466  0.001426  0.001448  0.001377  0.001322  0.001322  0.001293  0.001253  0.001175  0.001075  0.001010  0.000982  0.000952  0.000955  0.000926  0.000890  0.000809  0.000803  0.000791  0.000793  0.000745  0.000633  0.000616  0.000568  0.000512  0.000488  0.000446  0.000407  0.000387  0.000319  0.000280  0.000273  0.000256  0.000211  0.000189  0.000142  0.000093  0.000069  0.000045  0.000039
A51d-03  0.009391  0.009364  0.009016  0.008820  0.008885  0.008558  0.008301  0.008272  0.008122  0.007929  0.007569  0.007118  0.006812  0.006662  0.006509  0.006494  0.006343  0.006165  0.005782  0.005733  0.005656  0.005641  0.005406  0.004877  0.004778  0.004536  0.004258  0.004122  0.003905  0.003698  0.003581  0.003236  0.003025  0.002964  0.002859  0.002616  0.002482  0.002220  0.001952  0.001801  0.001648  0.001588
A51d-04  0.045853  0.045937  0.044771  0.044193  0.044626  0.043531  0.042699  0.042761  0.042342  0.041754  0.040496  0.038871  0.037813  0.037372  0.036915  0.037004  0.036548  0.035976  0.034573  0.034514  0.034335  0.034408  0.033583  0.031545  0.031258  0.030378  0.029346  0.028888  0.028090  0.027327  0.026935  0.025579  0.024772  0.024597  0.024231  0.023268  0.022759  0.021700  0.020599  0.019992  0.019374  0.019147
A51d-05  0.010695  0.010619  0.010239  0.010004  0.010016  0.009656  0.009361  0.009286  0.009093  0.008860  0.008464  0.007977  0.007631  0.007437  0.007240  0.007180  0.006985  0.006762  0.006335  0.006241  0.006119  0.006060  0.005778  0.005196  0.005049  0.004756  0.004425  0.004239  0.003967  0.003706  0.003538  0.003128  0.002857  0.002746  0.002588  0.002279  0.002086  0.001753  0.001411  0.001194  0.000975  0.000857
A51d-06  0.047821  0.047894  0.046383  0.045618  0.046133  0.044718  0.043637  0.043684  0.043125  0.042354  0.040745  0.038676  0.037325  0.036748  0.036151  0.036239  0.035647  0.034911  0.033143  0.033049  0.032807  0.032878  0.031836  0.029299  0.028929  0.027829  0.026547  0.025973  0.024983  0.024039  0.023553  0.021890  0.020904  0.020690  0.020243  0.019076  0.018462  0.017185  0.015864  0.015143  0.014412  0.014153
A51d-07  0.051679  0.051609  0.050119  0.049297  0.049630  0.048219  0.047108  0.047021  0.046383  0.045552  0.043947  0.041913  0.040532  0.039865  0.039178  0.039130  0.038447  0.037627  0.035833  0.035613  0.035254  0.035195  0.034074  0.031511  0.031022  0.029826  0.028446  0.027750  0.026643  0.025577  0.024956  0.023166  0.022037  0.021674  0.021077  0.019750  0.018974  0.017519  0.016007  0.015100  0.014175  0.013736
A51d-08  0.013524  0.013628  0.013217  0.013046  0.013293  0.012906  0.012626  0.012718  0.012608  0.012426  0.011962  0.011339  0.010953  0.010826  0.010690  0.010786  0.010650  0.010461  0.009916  0.009945  0.009921  0.010006  0.009701  0.008867  0.008791  0.008454  0.008049  0.007893  0.007585  0.007290  0.007157  0.006594  0.006271  0.006229  0.006100  0.005700  0.005502  0.005052  0.004580  0.004329  0.004071  0.003989
A51d-10  1.658351  1.659820  1.641027  1.631674  1.638825  1.620906  1.607187  1.608231  1.601252  1.591396  1.570145  1.542444  1.524176  1.516328  1.508128  1.509359  1.501118  1.490751  1.465642  1.464116  1.460465  1.461324  1.445983  1.408452  1.402489  1.385574  1.365679  1.356236  1.340313  1.324884  1.316321  1.289240  1.272405  1.267587  1.258983  1.238604  1.226907  1.204123  1.180215  1.165947  1.151259  1.144384
A51d-11  0.002660  0.002706  0.002624  0.002601  0.002682  0.002605  0.002554  0.002596  0.002587  0.002560  0.002461  0.002322  0.002241  0.002226  0.002209  0.002251  0.002234  0.002202  0.002078  0.002102  0.002113  0.002152  0.002089  0.001886  0.001882  0.001808  0.001716  0.001689  0.001622  0.001558  0.001536  0.001398  0.001325  0.001326  0.001304  0.001208  0.001166  0.001055  0.000937  0.000879  0.000818  0.000806
A51d-13  0.011277  0.011219  0.010748  0.010475  0.010532  0.010095  0.009746  0.009685  0.009472  0.009208  0.008739  0.008162  0.007767  0.007565  0.007359  0.007319  0.007117  0.006884  0.006413  0.006336  0.006225  0.006186  0.005896  0.005278  0.005149  0.004862  0.004541  0.004377  0.004128  0.003893  0.003758  0.003386  0.003159  0.003090  0.002978  0.002729  0.002593  0.002336  0.002079  0.001940  0.001805  0.001758
A51d-14  0.037110  0.036881  0.035490  0.034656  0.034758  0.033461  0.032415  0.032187  0.031527  0.030723  0.029332  0.027632  0.026449  0.025818  0.025178  0.025016  0.024389  0.023671  0.022263  0.021996  0.021632  0.021480  0.020596  0.018746  0.018328  0.017445  0.016458  0.015935  0.015158  0.014423  0.013982  0.012828  0.012105  0.011862  0.011484  0.010690  0.010235  0.009408  0.008574  0.008100  0.007633  0.007441
A51d-15  0.209342  0.209169  0.204721  0.202289  0.203319  0.199124  0.195830  0.195602  0.193727  0.191277  0.186532  0.180525  0.176467  0.174530  0.172537  0.172429  0.170451  0.168071  0.162836  0.162229  0.161213  0.161071  0.157833  0.150411  0.149030  0.145604  0.141656  0.139692  0.136552  0.133536  0.131806  0.126735  0.123571  0.122599  0.120963  0.117260  0.115132  0.111091  0.106906  0.104440  0.101935  0.100796
A51d-16  0.009696  0.009647  0.009287  0.009075  0.009114  0.008777  0.008506  0.008456  0.008289  0.008081  0.007714  0.007260  0.006946  0.006781  0.006614  0.006578  0.006414  0.006223  0.005838  0.005771  0.005677  0.005643  0.005401  0.004881  0.004768  0.004521  0.004241  0.004094  0.003872  0.003660  0.003533  0.003194  0.002980  0.002907  0.002793  0.002552  0.002411  0.002154  0.001892  0.001738  0.001585  0.001515
A51d-18  0.026060  0.026149  0.025474  0.025154  0.025457  0.024813  0.024326  0.024398  0.024165  0.023824  0.023049  0.022029  0.021365  0.021097  0.020814  0.020890  0.020605  0.020238  0.019309  0.019278  0.019166  0.019226  0.018667  0.017257  0.017054  0.016431  0.015693  0.015355  0.014767  0.014197  0.013890  0.012870  0.012243  0.012078  0.011766  0.010999  0.010567  0.009705  0.008798  0.008263  0.007710  0.007460
A51d-19  0.005237  0.005265  0.005103  0.005029  0.005109  0.004957  0.004844  0.004867  0.004816  0.004739  0.004560  0.004324  0.004174  0.004118  0.004059  0.004085  0.004026  0.003949  0.003743  0.003744  0.003727  0.003748  0.003630  0.003324  0.003288  0.003160  0.003008  0.002945  0.002828  0.002716  0.002662  0.002456  0.002336  0.002314  0.002263  0.002116  0.002041  0.001878  0.001708  0.001616  0.001521  0.001488
A51d-20  0.001556  0.001575  0.001509  0.001482  0.001523  0.001462  0.001419  0.001434  0.001417  0.001390  0.001318  0.001224  0.001166  0.001148  0.001129  0.001145  0.001126  0.001099  0.001021  0.001026  0.001024  0.001036  0.000994  0.000880  0.000871  0.000827  0.000774  0.000755  0.000717  0.000681  0.000666  0.000597  0.000559  0.000558  0.000545  0.000500  0.000480  0.000431  0.000380  0.000357  0.000333  0.000329
A51d-21  0.008696  0.008724  0.008433  0.008292  0.008409  0.008136  0.007931  0.007952  0.007851  0.007708  0.007395  0.006991  0.006730  0.006624  0.006514  0.006541  0.006431  0.006292  0.005946  0.005935  0.005894  0.005916  0.005715  0.005214  0.005146  0.004932  0.004682  0.004573  0.004381  0.004197  0.004105  0.003778  0.003585  0.003547  0.003461  0.003232  0.003113  0.002862  0.002601  0.002460  0.002317  0.002268
A51d-22  0.003405  0.003402  0.003228  0.003135  0.003181  0.003020  0.002896  0.002891  0.002823  0.002734  0.002560  0.002343  0.002200  0.002136  0.002071  0.002074  0.002010  0.001933  0.001761  0.001747  0.001720  0.001721  0.001622  0.001392  0.001358  0.001261  0.001150  0.001102  0.001021  0.000946  0.000910  0.000782  0.000711  0.000701  0.000675  0.000597  0.000561  0.000482  0.000403  0.000368  0.000336  0.000336
A51d-23  0.004086  0.004091  0.003920  0.003833  0.003887  0.003728  0.003607  0.003609  0.003546  0.003460  0.003284  0.003060  0.002915  0.002853  0.002789  0.002797  0.002734  0.002657  0.002474  0.002464  0.002439  0.002445  0.002340  0.002086  0.002050  0.001943  0.001819  0.001766  0.001673  0.001586  0.001543  0.001390  0.001303  0.001289  0.001254  0.001154  0.001106  0.000999  0.000891  0.000838  0.000785  0.000774
A51d-24  0.003943  0.003898  0.003622  0.003459  0.003476  0.003228  0.003030  0.002984  0.002859  0.002711  0.002464  0.002172  0.001974  0.001870  0.001767  0.001739  0.001639  0.001529  0.001325  0.001286  0.001233  0.001208  0.001092  0.000869  0.000822  0.000727  0.000629  0.000583  0.000519  0.000465  0.000441  0.000371  0.000341  0.000347  0.000348  0.000337  0.000347  0.000356  0.000377  0.000416  0.000441  0.000441
A51d-25  0.001951  0.001976  0.001889  0.001854  0.001909  0.001828  0.001770  0.001791  0.001770  0.001734  0.001639  0.001513  0.001437  0.001414  0.001389  0.001411  0.001386  0.001351  0.001247  0.001255  0.001253  0.001272  0.001216  0.001061  0.001051  0.000992  0.000921  0.000896  0.000845  0.000797  0.000778  0.000684  0.000633  0.000632  0.000616  0.000554  0.000528  0.000460  0.000390  0.000358  0.000325  0.000321
A51d-26  0.000971  0.000974  0.000933  0.000913  0.000929  0.000891  0.000862  0.000864  0.000850  0.000829  0.000786  0.000729  0.000692  0.000676  0.000660  0.000664  0.000648  0.000627  0.000578  0.000576  0.000570  0.000572  0.000543  0.000471  0.000461  0.000429  0.000393  0.000376  0.000348  0.000320  0.000306  0.000257  0.000228  0.000222  0.000208  0.000173  0.000155  0.000116  0.000076  0.000053  0.000031  0.000022
A51d-27  0.001008  0.001041  0.000982  0.000966  0.001022  0.000968  0.000933  0.000960  0.000953  0.000934  0.000870  0.000783  0.000734  0.000727  0.000717  0.000742  0.000732  0.000714  0.000647  0.000661  0.000666  0.000686  0.000654  0.000555  0.000555  0.000522  0.000482  0.000473  0.000447  0.000424  0.000419  0.000369  0.000346  0.000352  0.000350  0.000323  0.000315  0.000287  0.000258  0.000250  0.000243  0.000250
A51d-28  0.000460  0.000466  0.000436  0.000423  0.000439  0.000412  0.000392  0.000397  0.000388  0.000375  0.000345  0.000306  0.000282  0.000275  0.000266  0.000271  0.000263  0.000252  0.000222  0.000224  0.000222  0.000225  0.000210  0.000171  0.000167  0.000153  0.000136  0.000130  0.000119  0.000109  0.000105  0.000086  0.000077  0.000078  0.000076  0.000067  0.000064  0.000055  0.000046  0.000044  0.000043  0.000046
A51d-29  0.002759  0.002768  0.002600  0.002516  0.002569  0.002415  0.002299  0.002299  0.002237  0.002154  0.001990  0.001786  0.001655  0.001598  0.001539  0.001542  0.001483  0.001414  0.001260  0.001246  0.001220  0.001216  0.001129  0.000937  0.000905  0.000825  0.000736  0.000696  0.000632  0.000575  0.000546  0.000457  0.000408  0.000400  0.000382  0.000336  0.000316  0.000275  0.000240  0.000230  0.000223  0.000231
A51d-32  0.001322  0.001329  0.001255  0.001220  0.001247  0.001180  0.001129  0.001132  0.001107  0.001071  0.000998  0.000905  0.000847  0.000822  0.000798  0.000802  0.000777  0.000746  0.000675  0.000671  0.000661  0.000662  0.000622  0.000529  0.000515  0.000477  0.000433  0.000415  0.000383  0.000355  0.000341  0.000293  0.000267  0.000264  0.000254  0.000227  0.000215  0.000189  0.000164  0.000154  0.000145  0.000147
A51d-34  0.001183  0.001186  0.001110  0.001072  0.001095  0.001026  0.000974  0.000974  0.000946  0.000908  0.000835  0.000744  0.000686  0.000660  0.000634  0.000634  0.000608  0.000577  0.000509  0.000503  0.000490  0.000488  0.000449  0.000366  0.000351  0.000316  0.000277  0.000259  0.000232  0.000207  0.000194  0.000156  0.000136  0.000132  0.000124  0.000105  0.000097  0.000081  0.000067  0.000064  0.000062  0.000066
A51d-35  0.001597  0.001619  0.001554  0.001529  0.001574  0.001513  0.001471  0.001489  0.001475  0.001448  0.001377  0.001281  0.001223  0.001206  0.001188  0.001206  0.001188  0.001162  0.001081  0.001089  0.001088  0.001104  0.001061  0.000939  0.000931  0.000884  0.000828  0.000808  0.000767  0.000728  0.000713  0.000637  0.000595  0.000594  0.000580  0.000529  0.000506  0.000449  0.000390  0.000362  0.000333  0.000328
A51d-36  0.001385  0.001394  0.001322  0.001289  0.001319  0.001253  0.001203  0.001209  0.001185  0.001151  0.001078  0.000984  0.000925  0.000902  0.000878  0.000884  0.000860  0.000830  0.000756  0.000754  0.000746  0.000750  0.000709  0.000609  0.000596  0.000555  0.000508  0.000489  0.000455  0.000424  0.000409  0.000355  0.000325  0.000322  0.000311  0.000278  0.000263  0.000230  0.000197  0.000182  0.000169  0.000169
A51d-41  0.001050  0.001058  0.000981  0.000945  0.000974  0.000905  0.000854  0.000858  0.000832  0.000797  0.000724  0.000634  0.000578  0.000556  0.000533  0.000538  0.000515  0.000488  0.000424  0.000421  0.000413  0.000415  0.000381  0.000304  0.000294  0.000265  0.000233  0.000221  0.000201  0.000183  0.000177  0.000149  0.000137  0.000141  0.000140  0.000132  0.000133  0.000129  0.000129  0.000136  0.000146  0.000159
A51e-05  0.008334  0.008214  0.007828  0.007572  0.007531  0.007173  0.006874  0.006763  0.006554  0.006316  0.005949  0.005518  0.005205  0.005015  0.004825  0.004740  0.004556  0.004355  0.004011  0.003910  0.003790  0.003716  0.003492  0.003075  0.002953  0.002741  0.002511  0.002377  0.002196  0.002027  0.001917  0.001676  0.001521  0.001458  0.001372  0.001215  0.001123  0.000970  0.000822  0.000740  0.000663  0.000634
A51e-06  0.023788  0.023507  0.022525  0.021884  0.021810  0.020897  0.020141  0.019876  0.019357  0.018755  0.017812  0.016693  0.015886  0.015406  0.014925  0.014724  0.014257  0.013742  0.012838  0.012590  0.012289  0.012111  0.011525  0.010408  0.010095  0.009530  0.008915  0.008561  0.008074  0.007616  0.007322  0.006656  0.006228  0.006056  0.005819  0.005374  0.005110  0.004666  0.004231  0.003982  0.003745  0.003648
A51e-08  0.007734  0.007565  0.007166  0.006883  0.006787  0.006419  0.006105  0.005952  0.005718  0.005461  0.005098  0.004684  0.004373  0.004166  0.003962  0.003845  0.003650  0.003442  0.003122  0.003000  0.002864  0.002765  0.002552  0.002193  0.002066  0.001872  0.001670  0.001541  0.001382  0.001234  0.001133  0.000943  0.000818  0.000759  0.000688  0.000574  0.000506  0.000405  0.000313  0.000267  0.000228  0.000220
A51e-10  0.010497  0.010458  0.010046  0.009812  0.009878  0.009495  0.009192  0.009150  0.008969  0.008742  0.008327  0.007813  0.007465  0.007291  0.007115  0.007090  0.006916  0.006713  0.006292  0.006231  0.006139  0.006113  0.005856  0.005295  0.005184  0.004927  0.004638  0.004494  0.004270  0.004059  0.003939  0.003598  0.003391  0.003332  0.003232  0.003002  0.002878  0.002639  0.002399  0.002269  0.002141  0.002097
A51e-12  0.017275  0.017143  0.016426  0.015990  0.016024  0.015357  0.014818  0.014688  0.014342  0.013926  0.013221  0.012365  0.011767  0.011442  0.011114  0.011021  0.010700  0.010336  0.009640  0.009498  0.009309  0.009222  0.008785  0.007890  0.007680  0.007251  0.006776  0.006521  0.006150  0.005800  0.005590  0.005051  0.004716  0.004603  0.004430  0.004069  0.003866  0.003498  0.003133  0.002930  0.002735  0.002662
A51e-13  0.001810  0.001820  0.001737  0.001698  0.001733  0.001656  0.001599  0.001606  0.001579  0.001539  0.001453  0.001342  0.001272  0.001244  0.001215  0.001224  0.001195  0.001159  0.001068  0.001066  0.001056  0.001063  0.001011  0.000883  0.000867  0.000815  0.000753  0.000728  0.000682  0.000639  0.000619  0.000542  0.000499  0.000492  0.000475  0.000425  0.000401  0.000348  0.000293  0.000266  0.000240  0.000234
A51e-16  0.006753  0.006553  0.006091  0.005764  0.005647  0.005229  0.004875  0.004697  0.004433  0.004148  0.003758  0.003324  0.003001  0.002785  0.002574  0.002447  0.002249  0.002044  0.001749  0.001627  0.001495  0.001394  0.001210  0.000934  0.000829  0.000688  0.000552  0.000468  0.000376  0.000301  0.000254  0.000190  0.000162  0.000158  0.000159  0.000162  0.000162  0.000162  0.000162  0.000162  0.000162  0.000162
A51e-20  0.069311  0.068650  0.066202  0.064621  0.064491  0.062209  0.060324  0.059705  0.058427  0.056935  0.054548  0.051696  0.049648  0.048452  0.047251  0.046787  0.045620  0.044319  0.041975  0.041378  0.040642  0.040234  0.038720  0.035746  0.034956  0.033470  0.031834  0.030910  0.029610  0.028381  0.027606  0.025763  0.024581  0.024126  0.023479  0.022215  0.021469  0.020175  0.018883  0.018137  0.017410  0.017100
A51e-22  0.006908  0.006910  0.006615  0.006461  0.006543  0.006271  0.006061  0.006057  0.005943  0.005793  0.005495  0.005121  0.004876  0.004768  0.004657  0.004662  0.004552  0.004420  0.004119  0.004096  0.004048  0.004050  0.003875  0.003471  0.003408  0.003235  0.003038  0.002950  0.002803  0.002665  0.002597  0.002364  0.002231  0.002207  0.002153  0.002005  0.001934  0.001781  0.001629  0.001556  0.001485  0.001474
A51e-23  0.059274  0.059026  0.057164  0.056070  0.056284  0.054535  0.053131  0.052881  0.052017  0.050943  0.049021  0.046640  0.044992  0.044134  0.043261  0.043084  0.042224  0.041222  0.039185  0.038841  0.038352  0.038182  0.036897  0.034114  0.033515  0.032188  0.030684  0.029895  0.028695  0.027548  0.026862  0.025007  0.023834  0.023435  0.022809  0.021473  0.020691  0.019259  0.017789  0.016920  0.016046  0.015644
A51e-24  0.004023  0.004023  0.003872  0.003792  0.003835  0.003694  0.003584  0.003583  0.003523  0.003444  0.003285  0.003084  0.002950  0.002890  0.002829  0.002832  0.002771  0.002696  0.002526  0.002512  0.002484  0.002486  0.002384  0.002144  0.002106  0.002000  0.001877  0.001821  0.001726  0.001636  0.001588  0.001434  0.001341  0.001319  0.001276  0.001168  0.001110  0.000994  0.000874  0.000808  0.000742  0.000718
A51e-25  0.006420  0.006382  0.006089  0.005918  0.005951  0.005681  0.005466  0.005427  0.005295  0.005133  0.004849  0.004503  0.004267  0.004146  0.004025  0.004000  0.003882  0.003746  0.003474  0.003429  0.003366  0.003343  0.003180  0.002835  0.002765  0.002609  0.002436  0.002351  0.002221  0.002101  0.002035  0.001847  0.001738  0.001712  0.001664  0.001550  0.001494  0.001382  0.001274  0.001225  0.001180  0.001177
A51e-27  0.006380  0.006346  0.006055  0.005888  0.005926  0.005657  0.005445  0.005410  0.005281  0.005121  0.004837  0.004488  0.004251  0.004132  0.004011  0.003991  0.003873  0.003736  0.003460  0.003417  0.003355  0.003336  0.003169  0.002813  0.002743  0.002582  0.002403  0.002315  0.002180  0.002054  0.001985  0.001785  0.001668  0.001639  0.001587  0.001463  0.001400  0.001275  0.001153  0.001094  0.001039  0.001031
A51e-34  0.000799  0.000799  0.000757  0.000734  0.000745  0.000706  0.000676  0.000675  0.000658  0.000636  0.000594  0.000542  0.000508  0.000492  0.000476  0.000476  0.000460  0.000441  0.000401  0.000397  0.000389  0.000388  0.000364  0.000312  0.000303  0.000280  0.000255  0.000243  0.000224  0.000207  0.000198  0.000170  0.000154  0.000151  0.000144  0.000128  0.000120  0.000104  0.000088  0.000082  0.000075  0.000075
A51e-35  0.069035  0.069013  0.067206  0.066237  0.066717  0.065006  0.063669  0.063620  0.062876  0.061888  0.059926  0.057423  0.055740  0.054954  0.054142  0.054132  0.053323  0.052340  0.050128  0.049898  0.049493  0.049463  0.048094  0.044908  0.044333  0.042866  0.041167  0.040327  0.038969  0.037660  0.036911  0.034687  0.033295  0.032868  0.032144  0.030499  0.029547  0.027736  0.025852  0.024731  0.023586  0.023052
A51e-37  0.151390  0.150439  0.145009  0.141710  0.142047  0.136926  0.132764  0.131814  0.129155  0.125911  0.120298  0.113395  0.108536  0.105888  0.103196  0.102459  0.099803  0.096749  0.090780  0.089575  0.087961  0.087249  0.083389  0.075290  0.073361  0.069370  0.064871  0.062397  0.058752  0.055252  0.053063  0.047539  0.043951  0.042571  0.040541  0.036473  0.033990  0.029632  0.025158  0.022404  0.019632  0.018219
A51e-38  0.003125  0.003065  0.002906  0.002796  0.002766  0.002619  0.002495  0.002440  0.002350  0.002249  0.002104  0.001936  0.001812  0.001732  0.001653  0.001611  0.001535  0.001454  0.001324  0.001279  0.001227  0.001191  0.001106  0.000959  0.000910  0.000833  0.000751  0.000701  0.000637  0.000578  0.000539  0.000461  0.000411  0.000389  0.000361  0.000315  0.000288  0.000247  0.000209  0.000191  0.000175  0.000172
A51e-39  0.005565  0.005547  0.005294  0.005153  0.005198  0.004964  0.004780  0.004758  0.004650  0.004514  0.004263  0.003953  0.003744  0.003643  0.003539  0.003527  0.003425  0.003306  0.003058  0.003024  0.002971  0.002957  0.002809  0.002485  0.002423  0.002277  0.002114  0.002035  0.001911  0.001795  0.001732  0.001547  0.001437  0.001409  0.001359  0.001241  0.001180  0.001060  0.000942  0.000883  0.000826  0.000813
A51e-42  0.001617  0.001632  0.001560  0.001530  0.001569  0.001502  0.001453  0.001466  0.001445  0.001413  0.001337  0.001237  0.001175  0.001153  0.001131  0.001144  0.001121  0.001091  0.001009  0.001012  0.001007  0.001017  0.000972  0.000853  0.000842  0.000795  0.000739  0.000718  0.000678  0.000640  0.000623  0.000552  0.000513  0.000510  0.000496  0.000450  0.000429  0.000379  0.000328  0.000304  0.000280  0.000276
A51e-47  0.001557  0.001557  0.001498  0.001467  0.001483  0.001428  0.001386  0.001384  0.001361  0.001330  0.001268  0.001189  0.001136  0.001112  0.001088  0.001088  0.001063  0.001033  0.000966  0.000959  0.000948  0.000947  0.000906  0.000810  0.000794  0.000751  0.000701  0.000677  0.000638  0.000601  0.000580  0.000516  0.000478  0.000467  0.000448  0.000402  0.000377  0.000327  0.000276  0.000247  0.000218  0.000205
A51e-48  0.000510  0.000525  0.000495  0.000486  0.000511  0.000484  0.000465  0.000477  0.000472  0.000461  0.000429  0.000386  0.000361  0.000356  0.000350  0.000360  0.000353  0.000343  0.000310  0.000315  0.000315  0.000323  0.000306  0.000258  0.000256  0.000239  0.000219  0.000213  0.000199  0.000186  0.000182  0.000158  0.000146  0.000147  0.000144  0.000130  0.000125  0.000111  0.000096  0.000091  0.000087  0.000088
A51e-53  0.002265  0.002222  0.002091  0.002004  0.001988  0.001868  0.001769  0.001730  0.001660  0.001582  0.001464  0.001328  0.001229  0.001169  0.001109  0.001081  0.001024  0.000963  0.000861  0.000830  0.000794  0.000771  0.000707  0.000594  0.000560  0.000505  0.000446  0.000413  0.000369  0.000330  0.000307  0.000255  0.000225  0.000215  0.000202  0.000177  0.000166  0.000147  0.000132  0.000130  0.000132  0.000141
A51e-62  0.005977  0.005921  0.005569  0.005361  0.005385  0.005063  0.004806  0.004746  0.004582  0.004386  0.004057  0.003665  0.003396  0.003252  0.003107  0.003063  0.002922  0.002763  0.002472  0.002409  0.002326  0.002282  0.002105  0.001767  0.001685  0.001528  0.001361  0.001273  0.001151  0.001041  0.000976  0.000826  0.000740  0.000714  0.000676  0.000602  0.000568  0.000511  0.000467  0.000459  0.000459  0.000478
A51e-77  0.002268  0.002224  0.002093  0.002006  0.001988  0.001868  0.001768  0.001728  0.001658  0.001579  0.001461  0.001325  0.001227  0.001167  0.001107  0.001078  0.001021  0.000959  0.000859  0.000828  0.000791  0.000767  0.000705  0.000594  0.000561  0.000506  0.000449  0.000416  0.000374  0.000336  0.000313  0.000264  0.000236  0.000227  0.000215  0.000192  0.000183  0.000167  0.000155  0.000155  0.000159  0.000169
A51f-02  0.002220  0.002219  0.002112  0.002056  0.002084  0.001985  0.001909  0.001905  0.001863  0.001808  0.001700  0.001566  0.001477  0.001437  0.001396  0.001396  0.001355  0.001306  0.001199  0.001188  0.001169  0.001168  0.001104  0.000962  0.000938  0.000875  0.000805  0.000773  0.000720  0.000671  0.000645  0.000564  0.000516  0.000507  0.000486  0.000435  0.000409  0.000356  0.000304  0.000279  0.000254  0.000249
A51f-03  0.011156  0.011126  0.010748  0.010534  0.010603  0.010247  0.009965  0.009932  0.009766  0.009554  0.009159  0.008663  0.008325  0.008158  0.007987  0.007966  0.007797  0.007596  0.007171  0.007112  0.007022  0.007000  0.006735  0.006145  0.006028  0.005753  0.005439  0.005279  0.005030  0.004791  0.004652  0.004258  0.004012  0.003934  0.003807  0.003523  0.003360  0.003054  0.002739  0.002555  0.002369  0.002286
A51f-04  0.010352  0.010347  0.010042  0.009878  0.009957  0.009668  0.009443  0.009433  0.009306  0.009139  0.008808  0.008387  0.008103  0.007970  0.007832  0.007829  0.007692  0.007525  0.007153  0.007113  0.007043  0.007037  0.006806  0.006270  0.006172  0.005925  0.005638  0.005496  0.005267  0.005046  0.004919  0.004544  0.004310  0.004237  0.004114  0.003837  0.003676  0.003371  0.003054  0.002864  0.002671  0.002580
A51f-08  0.005497  0.005480  0.005229  0.005089  0.005137  0.004904  0.004721  0.004701  0.004595  0.004459  0.004209  0.003898  0.003689  0.003588  0.003486  0.003475  0.003374  0.003255  0.003005  0.002972  0.002921  0.002909  0.002759  0.002430  0.002368  0.002221  0.002055  0.001975  0.001849  0.001731  0.001666  0.001476  0.001363  0.001335  0.001283  0.001161  0.001097  0.000972  0.000847  0.000784  0.000723  0.000708
A51f-10  0.298379  0.297654  0.289618  0.285034  0.286384  0.278790  0.272743  0.271952  0.268343  0.263754  0.255234  0.244552  0.237216  0.233518  0.229730  0.229177  0.225421  0.220981  0.211643  0.210251  0.208163  0.207579  0.201681  0.188600  0.185899  0.179687  0.172581  0.168888  0.163175  0.157679  0.154399  0.145372  0.139629  0.137662  0.134555  0.127893  0.123945  0.116704  0.109216  0.104693  0.100106  0.097877
A51f-11  0.057261  0.057327  0.055694  0.054859  0.055400  0.053861  0.052679  0.052715  0.052095  0.051244  0.049477  0.047206  0.045709  0.045055  0.044378  0.044449  0.043774  0.042938  0.040961  0.040827  0.040529  0.040579  0.039391  0.036531  0.036081  0.034812  0.033333  0.032645  0.031484  0.030372  0.029772  0.027833  0.026655  0.026353  0.025783  0.024384  0.023613  0.022074  0.020475  0.019563  0.018633  0.018249
A51f-12  0.011714  0.011690  0.011315  0.011106  0.011181  0.010829  0.010550  0.010522  0.010360  0.010152  0.009756  0.009258  0.008920  0.008755  0.008586  0.008570  0.008402  0.008202  0.007772  0.007716  0.007628  0.007610  0.007342  0.006739  0.006623  0.006342  0.006021  0.005859  0.005603  0.005358  0.005217  0.004809  0.004554  0.004474  0.004342  0.004046  0.003876  0.003555  0.003224  0.003030  0.002832  0.002743
A51f-13  0.067934  0.067841  0.066012  0.064999  0.065397  0.063665  0.062298  0.062184  0.061395  0.060370  0.058401  0.055909  0.054214  0.053390  0.052543  0.052473  0.051630  0.050620  0.048422  0.048143  0.047694  0.047610  0.046233  0.043103  0.042495  0.041028  0.039339  0.038480  0.037123  0.035815  0.035048  0.032862  0.031480  0.031026  0.030289  0.028668  0.027714  0.025938  0.024094  0.022983  0.021852  0.021307
A51f-14  0.001843  0.001901  0.001799  0.001772  0.001869  0.001776  0.001715  0.001763  0.001751  0.001718  0.001605  0.001452  0.001365  0.001350  0.001333  0.001376  0.001357  0.001324  0.001202  0.001225  0.001234  0.001268  0.001208  0.001027  0.001023  0.000961  0.000886  0.000866  0.000815  0.000767  0.000754  0.000656  0.000609  0.000616  0.000606  0.000548  0.000528  0.000466  0.000403  0.000380  0.000357  0.000362
A51f-15  0.124331  0.124440  0.121566  0.120085  0.121032  0.118297  0.116183  0.116235  0.115114  0.113573  0.110372  0.106237  0.103485  0.102255  0.100976  0.101069  0.099788  0.098201  0.094484  0.094185  0.093579  0.093624  0.091336  0.085860  0.084933  0.082436  0.079517  0.078103  0.075764  0.073502  0.072225  0.068311  0.065866  0.065135  0.063868  0.060934  0.059238  0.055978  0.052567  0.050525  0.048429  0.047438
A51f-16  0.017442  0.017663  0.017218  0.017084  0.017484  0.017070  0.016793  0.016991  0.016929  0.016775  0.016259  0.015542  0.015125  0.015039  0.014941  0.015137  0.015036  0.014869  0.014247  0.014354  0.014394  0.014570  0.014252  0.013263  0.013233  0.012874  0.012427  0.012294  0.011969  0.011661  0.011556  0.010909  0.010566  0.010573  0.010470  0.010029  0.009839  0.009334  0.008801  0.008544  0.008278  0.008232
A51f-18  0.003825  0.003837  0.003709  0.003646  0.003698  0.003577  0.003486  0.003495  0.003450  0.003386  0.003246  0.003063  0.002945  0.002897  0.002847  0.002859  0.002809  0.002745  0.002587  0.002581  0.002562  0.002572  0.002479  0.002246  0.002214  0.002114  0.001997  0.001945  0.001853  0.001766  0.001721  0.001565  0.001472  0.001451  0.001408  0.001297  0.001237  0.001114  0.000985  0.000913  0.000840  0.000813
A51f-19  0.040215  0.040487  0.039503  0.039104  0.039723  0.038794  0.038126  0.038365  0.038111  0.037679  0.036550  0.035029  0.034087  0.033782  0.033455  0.033701  0.033371  0.032911  0.031560  0.031637  0.031584  0.031802  0.031044  0.028954  0.028763  0.027916  0.026892  0.026494  0.025710  0.024958  0.024614  0.023172  0.022341  0.022222  0.021878  0.020842  0.020318  0.019144  0.017907  0.017238  0.016545  0.016310
A51f-20  0.014071  0.014089  0.013648  0.013423  0.013569  0.013154  0.012836  0.012845  0.012678  0.012449  0.011974  0.011364  0.010962  0.010786  0.010605  0.010625  0.010444  0.010220  0.009691  0.009656  0.009577  0.009591  0.009274  0.008510  0.008391  0.008053  0.007660  0.007478  0.007170  0.006875  0.006717  0.006203  0.005892  0.005814  0.005665  0.005296  0.005094  0.004689  0.004269  0.004031  0.003788  0.003690
A51f-22  0.008579  0.008611  0.008296  0.008145  0.008270  0.007977  0.007757  0.007780  0.007672  0.007518  0.007186  0.006758  0.006484  0.006373  0.006259  0.006287  0.006173  0.006029  0.005672  0.005661  0.005620  0.005642  0.005436  0.004927  0.004861  0.004647  0.004397  0.004291  0.004102  0.003923  0.003835  0.003517  0.003334  0.003302  0.003224  0.003009  0.002901  0.002668  0.002429  0.002305  0.002180  0.002144
A51f-23  0.140135  0.140688  0.136845  0.135062  0.136829  0.133219  0.130526  0.130977  0.129726  0.127877  0.123656  0.118127  0.114595  0.113237  0.111814  0.112324  0.110899  0.109053  0.104253  0.104216  0.103751  0.104179  0.101403  0.094297  0.093421  0.090422  0.086875  0.085369  0.082638  0.080026  0.078736  0.073977  0.071182  0.070650  0.069420  0.066040  0.064282  0.060530  0.056618  0.054480  0.052292  0.051515
A51f-24  0.102744  0.102501  0.099794  0.098245  0.098701  0.096126  0.094070  0.093797  0.092564  0.090992  0.088067  0.084388  0.081847  0.080553  0.079224  0.079014  0.077691  0.076125  0.072841  0.072328  0.071569  0.071339  0.069233  0.064575  0.063579  0.061330  0.058751  0.057382  0.055282  0.053250  0.052008  0.048680  0.046526  0.045737  0.044528  0.042010  0.040475  0.037717  0.034852  0.033071  0.031254  0.030308
A51f-26  0.014853  0.014791  0.014309  0.014027  0.014085  0.013632  0.013268  0.013205  0.012981  0.012702  0.012201  0.011580  0.011149  0.010925  0.010697  0.010651  0.010425  0.010162  0.009626  0.009535  0.009406  0.009360  0.009020  0.008285  0.008125  0.007772  0.007372  0.007160  0.006839  0.006532  0.006346  0.005850  0.005533  0.005422  0.005250  0.004888  0.004674  0.004285  0.003885  0.003645  0.003403  0.003287
A51f-27  0.001489  0.001502  0.001445  0.001420  0.001453  0.001399  0.001360  0.001371  0.001355  0.001329  0.001264  0.001178  0.001124  0.001105  0.001085  0.001097  0.001077  0.001050  0.000974  0.000976  0.000971  0.000982  0.000938  0.000822  0.000810  0.000761  0.000704  0.000680  0.000636  0.000593  0.000573  0.000493  0.000446  0.000438  0.000418  0.000360  0.000330  0.000265  0.000197  0.000159  0.000120  0.000107
A51f-28  0.003199  0.003174  0.003027  0.002939  0.002949  0.002813  0.002704  0.002679  0.002610  0.002526  0.002383  0.002209  0.002088  0.002024  0.001958  0.001941  0.001877  0.001805  0.001665  0.001638  0.001601  0.001584  0.001498  0.001320  0.001279  0.001195  0.001101  0.001052  0.000980  0.000913  0.000873  0.000769  0.000706  0.000685  0.000654  0.000586  0.000549  0.000481  0.000414  0.000379  0.000345  0.000334
A51f-29  0.009572  0.009550  0.009174  0.008967  0.009043  0.008693  0.008419  0.008393  0.008234  0.008030  0.007646  0.007165  0.006842  0.006687  0.006528  0.006515  0.006359  0.006173  0.005773  0.005725  0.005645  0.005631  0.005388  0.004845  0.004744  0.004498  0.004218  0.004081  0.003864  0.003659  0.003545  0.003204  0.002999  0.002943  0.002843  0.002610  0.002484  0.002237  0.001987  0.001849  0.001713  0.001663
A51f-32  0.065075  0.065159  0.062887  0.061728  0.062460  0.060340  0.058719  0.058756  0.057901  0.056740  0.054362  0.051329  0.049346  0.048486  0.047599  0.047694  0.046814  0.045730  0.043190  0.043026  0.042650  0.042713  0.041218  0.037650  0.037109  0.035561  0.033772  0.032964  0.031593  0.030294  0.029621  0.027371  0.026044  0.025755  0.025158  0.023617  0.022814  0.021155  0.019455  0.018546  0.017633  0.017333
A51f-34  0.104502  0.104511  0.101824  0.100401  0.101168  0.098618  0.096633  0.096597  0.095508  0.094046  0.091101  0.087329  0.084800  0.083633  0.082426  0.082441  0.081235  0.079761  0.076405  0.076079  0.075483  0.075463  0.073388  0.068513  0.067648  0.065408  0.062805  0.061524  0.059440  0.057428  0.056280  0.052843  0.050690  0.050031  0.048909  0.046350  0.044867  0.042041  0.039094  0.037333  0.035531  0.034681
A51f-35  0.011996  0.012060  0.011660  0.011478  0.011670  0.011295  0.011017  0.011070  0.010944  0.010755  0.010319  0.009747  0.009385  0.009249  0.009107  0.009166  0.009024  0.008838  0.008348  0.008350  0.008308  0.008357  0.008077  0.007355  0.007271  0.006971  0.006616  0.006470  0.006200  0.005942  0.005819  0.005347  0.005073  0.005028  0.004913  0.004584  0.004417  0.004052  0.003674  0.003472  0.003267  0.003201
A51f-36  0.003467  0.003502  0.003398  0.003359  0.003432  0.003334  0.003265  0.003296  0.003272  0.003229  0.003108  0.002942  0.002842  0.002812  0.002779  0.002811  0.002778  0.002730  0.002583  0.002595  0.002593  0.002621  0.002540  0.002307  0.002289  0.002197  0.002084  0.002042  0.001956  0.001873  0.001837  0.001675  0.001583  0.001572  0.001535  0.001419  0.001361  0.001228  0.001088  0.001013  0.000934  0.000909
A51f-37  0.005165  0.005123  0.004805  0.004620  0.004651  0.004360  0.004130  0.004082  0.003937  0.003763  0.003467  0.003113  0.002872  0.002745  0.002617  0.002582  0.002457  0.002316  0.002056  0.002002  0.001930  0.001891  0.001735  0.001435  0.001363  0.001226  0.001080  0.001003  0.000898  0.000803  0.000748  0.000621  0.000549  0.000528  0.000497  0.000439  0.000413  0.000372  0.000343  0.000342  0.000350  0.000371
A51f-38  0.023079  0.023363  0.022807  0.022641  0.023156  0.022634  0.022285  0.022545  0.022472  0.022280  0.021616  0.020685  0.020143  0.020031  0.019902  0.020162  0.020030  0.019809  0.018981  0.019123  0.019176  0.019414  0.018985  0.017642  0.017596  0.017100  0.016480  0.016289  0.015832  0.015393  0.015236  0.014318  0.013820  0.013814  0.013651  0.013006  0.012715  0.011969  0.011177  0.010779  0.010363  0.010266
A51f-40  0.017606  0.017707  0.017207  0.016989  0.017255  0.016786  0.016442  0.016528  0.016381  0.016151  0.015597  0.014863  0.014402  0.014238  0.014065  0.014156  0.013982  0.013750  0.013112  0.013127  0.013084  0.013162  0.012801  0.011843  0.011742  0.011348  0.010878  0.010688  0.010329  0.009987  0.009826  0.009186  0.008816  0.008758  0.008604  0.008151  0.007923  0.007418  0.006891  0.006608  0.006318  0.006222
A51f-42  0.005996  0.005956  0.005677  0.005513  0.005540  0.005282  0.005076  0.005035  0.004907  0.004750  0.004478  0.004148  0.003921  0.003803  0.003683  0.003655  0.003538  0.003404  0.003143  0.003095  0.003030  0.003002  0.002842  0.002511  0.002439  0.002285  0.002115  0.002028  0.001899  0.001779  0.001709  0.001524  0.001413  0.001381  0.001328  0.001212  0.001151  0.001037  0.000926  0.000871  0.000819  0.000807
A51f-43  0.014405  0.014486  0.014090  0.013917  0.014129  0.013756  0.013482  0.013551  0.013434  0.013250  0.012804  0.012211  0.011837  0.011703  0.011561  0.011634  0.011491  0.011300  0.010776  0.010786  0.010748  0.010812  0.010511  0.009716  0.009628  0.009296  0.008900  0.008737  0.008431  0.008137  0.007995  0.007448  0.007127  0.007069  0.006930  0.006535  0.006330  0.005887  0.005421  0.005165  0.004901  0.004805
A51f-44  0.007616  0.007666  0.007442  0.007347  0.007472  0.007262  0.007107  0.007151  0.007087  0.006985  0.006731  0.006393  0.006181  0.006107  0.006029  0.006074  0.005995  0.005888  0.005589  0.005598  0.005580  0.005619  0.005449  0.004993  0.004945  0.004756  0.004530  0.004438  0.004264  0.004097  0.004018  0.003704  0.003521  0.003490  0.003412  0.003185  0.003069  0.002814  0.002547  0.002401  0.002250  0.002196
A51f-45  0.007792  0.007777  0.007481  0.007319  0.007383  0.007108  0.006892  0.006874  0.006750  0.006591  0.006289  0.005911  0.005658  0.005537  0.005414  0.005405  0.005284  0.005139  0.004825  0.004789  0.004728  0.004718  0.004529  0.004102  0.004025  0.003833  0.003614  0.003509  0.003340  0.003180  0.003092  0.002827  0.002668  0.002626  0.002550  0.002369  0.002272  0.002081  0.001887  0.001782  0.001678  0.001641
A51f-46  0.019896  0.020019  0.019443  0.019194  0.019510  0.018968  0.018572  0.018677  0.018510  0.018246  0.017601  0.016743  0.016205  0.016015  0.015815  0.015926  0.015725  0.015454  0.014702  0.014723  0.014675  0.014772  0.014345  0.013207  0.013087  0.012619  0.012058  0.011832  0.011402  0.010991  0.010797  0.010026  0.009579  0.009507  0.009318  0.008769  0.008489  0.007873  0.007227  0.006878  0.006518  0.006396
A51f-47  0.001907  0.001903  0.001825  0.001783  0.001799  0.001726  0.001670  0.001665  0.001632  0.001590  0.001510  0.001411  0.001344  0.001312  0.001279  0.001277  0.001244  0.001206  0.001123  0.001113  0.001097  0.001094  0.001044  0.000930  0.000910  0.000858  0.000800  0.000772  0.000726  0.000684  0.000660  0.000589  0.000546  0.000534  0.000513  0.000465  0.000438  0.000386  0.000333  0.000305  0.000276  0.000265
A51f-48  0.024754  0.024905  0.024332  0.024095  0.024448  0.023904  0.023509  0.023643  0.023488  0.023230  0.022564  0.021665  0.021103  0.020914  0.020712  0.020848  0.020644  0.020363  0.019551  0.019586  0.019544  0.019664  0.019201  0.017938  0.017811  0.017289  0.016658  0.016403  0.015915  0.015443  0.015218  0.014324  0.013799  0.013707  0.013478  0.012822  0.012480  0.011736  0.010950  0.010512  0.010058  0.009887
A51f-49  0.007763  0.007754  0.007446  0.007280  0.007354  0.007068  0.006846  0.006832  0.006707  0.006545  0.006233  0.005842  0.005583  0.005462  0.005339  0.005335  0.005214  0.005069  0.004751  0.004718  0.004660  0.004653  0.004464  0.004037  0.003963  0.003775  0.003561  0.003460  0.003298  0.003145  0.003064  0.002810  0.002661  0.002626  0.002559  0.002393  0.002307  0.002134  0.001961  0.001871  0.001784  0.001760
A51f-50  0.008254  0.008282  0.007994  0.007855  0.007970  0.007700  0.007496  0.007517  0.007417  0.007274  0.006961  0.006556  0.006294  0.006187  0.006076  0.006103  0.005992  0.005852  0.005502  0.005490  0.005449  0.005471  0.005265  0.004755  0.004685  0.004466  0.004208  0.004095  0.003896  0.003706  0.003609  0.003270  0.003068  0.003025  0.002934  0.002693  0.002566  0.002300  0.002024  0.001872  0.001717  0.001660
A51f-51  0.015973  0.016012  0.015547  0.015318  0.015498  0.015059  0.014727  0.014756  0.014589  0.014354  0.013844  0.013183  0.012753  0.012573  0.012387  0.012424  0.012238  0.012002  0.011424  0.011398  0.011324  0.011354  0.011010  0.010160  0.010037  0.009666  0.009231  0.009034  0.008694  0.008367  0.008195  0.007615  0.007265  0.007183  0.007018  0.006598  0.006370  0.005905  0.005421  0.005146  0.004866  0.004753
A51f-52  0.016380  0.016473  0.016053  0.015872  0.016107  0.015709  0.015417  0.015497  0.015375  0.015180  0.014699  0.014055  0.013649  0.013505  0.013351  0.013435  0.013280  0.013072  0.012495  0.012508  0.012468  0.012540  0.012208  0.011320  0.011222  0.010850  0.010404  0.010219  0.009872  0.009538  0.009374  0.008750  0.008381  0.008311  0.008147  0.007690  0.007449  0.006933  0.006390  0.006085  0.005771  0.005649
A51f-54  0.007333  0.007387  0.007215  0.007148  0.007265  0.007101  0.006983  0.007031  0.006989  0.006913  0.006708  0.006427  0.006253  0.006198  0.006138  0.006187  0.006126  0.006040  0.005782  0.005798  0.005788  0.005831  0.005685  0.005277  0.005238  0.005070  0.004866  0.004785  0.004626  0.004472  0.004399  0.004104  0.003930  0.003900  0.003824  0.003605  0.003490  0.003240  0.002974  0.002825  0.002670  0.002610
A51f-55  0.018081  0.018005  0.017361  0.016987  0.017073  0.016469  0.015986  0.015907  0.015614  0.015246  0.014583  0.013760  0.013193  0.012902  0.012606  0.012552  0.012259  0.011918  0.011218  0.011105  0.010942  0.010888  0.010450  0.009495  0.009294  0.008843  0.008331  0.008065  0.007659  0.007271  0.007042  0.006414  0.006019  0.005888  0.005680  0.005232  0.004972  0.004493  0.004002  0.003715  0.003427  0.003298
A51f-56  0.013309  0.013440  0.013072  0.012937  0.013204  0.012860  0.012619  0.012735  0.012656  0.012509  0.012091  0.011522  0.011179  0.011084  0.010981  0.011097  0.010992  0.010838  0.010344  0.010396  0.010397  0.010501  0.010236  0.009470  0.009421  0.009126  0.008767  0.008642  0.008375  0.008120  0.008018  0.007511  0.007232  0.007214  0.007115  0.006763  0.006600  0.006203  0.005785  0.005574  0.005355  0.005301
A51f-57  0.006535  0.006630  0.006439  0.006381  0.006554  0.006375  0.006255  0.006342  0.006315  0.006249  0.006023  0.005708  0.005524  0.005486  0.005442  0.005528  0.005483  0.005408  0.005130  0.005177  0.005194  0.005273  0.005129  0.004682  0.004667  0.004503  0.004297  0.004235  0.004084  0.003940  0.003889  0.003588  0.003425  0.003425  0.003373  0.003163  0.003070  0.002829  0.002573  0.002446  0.002313  0.002285
A51f-59  0.010157  0.010014  0.009574  0.009280  0.009225  0.008817  0.008476  0.008343  0.008102  0.007828  0.007411  0.006921  0.006563  0.006343  0.006123  0.006021  0.005808  0.005575  0.005182  0.005062  0.004922  0.004832  0.004574  0.004097  0.003954  0.003707  0.003442  0.003284  0.003073  0.002874  0.002744  0.002463  0.002280  0.002202  0.002099  0.001912  0.001800  0.001617  0.001438  0.001336  0.001240  0.001200
A51f-60  0.002309  0.002311  0.002224  0.002179  0.002206  0.002124  0.002061  0.002061  0.002028  0.001982  0.001890  0.001772  0.001694  0.001659  0.001624  0.001626  0.001591  0.001547  0.001447  0.001439  0.001423  0.001425  0.001365  0.001221  0.001199  0.001135  0.001062  0.001028  0.000971  0.000917  0.000888  0.000794  0.000738  0.000724  0.000697  0.000631  0.000595  0.000523  0.000449  0.000407  0.000366  0.000350
A51f-61  0.003114  0.003127  0.003035  0.002992  0.003034  0.002947  0.002881  0.002892  0.002861  0.002816  0.002712  0.002576  0.002488  0.002454  0.002417  0.002429  0.002392  0.002345  0.002224  0.002221  0.002208  0.002218  0.002146  0.001963  0.001938  0.001859  0.001765  0.001724  0.001650  0.001579  0.001542  0.001413  0.001336  0.001318  0.001281  0.001187  0.001135  0.001029  0.000918  0.000854  0.000789  0.000762
A51f-63  0.000405  0.000412  0.000391  0.000384  0.000398  0.000379  0.000365  0.000371  0.000367  0.000358  0.000336  0.000306  0.000288  0.000283  0.000278  0.000283  0.000278  0.000270  0.000245  0.000247  0.000247  0.000252  0.000239  0.000202  0.000200  0.000186  0.000170  0.000164  0.000152  0.000141  0.000137  0.000115  0.000103  0.000103  0.000099  0.000085  0.000079  0.000063  0.000047  0.000040  0.000033  0.000032
A51f-64  0.000555  0.000562  0.000536  0.000525  0.000542  0.000517  0.000500  0.000506  0.000500  0.000488  0.000460  0.000422  0.000399  0.000391  0.000384  0.000390  0.000382  0.000371  0.000340  0.000342  0.000341  0.000346  0.000329  0.000282  0.000278  0.000260  0.000238  0.000230  0.000214  0.000199  0.000193  0.000163  0.000148  0.000147  0.000141  0.000122  0.000113  0.000092  0.000070  0.000059  0.000048  0.000046
A51f-65  0.001500  0.001511  0.001438  0.001404  0.001438  0.001370  0.001320  0.001329  0.001306  0.001271  0.001195  0.001097  0.001035  0.001013  0.000989  0.000998  0.000974  0.000943  0.000865  0.000864  0.000857  0.000863  0.000820  0.000711  0.000699  0.000655  0.000605  0.000585  0.000548  0.000514  0.000498  0.000437  0.000404  0.000401  0.000389  0.000351  0.000334  0.000295  0.000256  0.000238  0.000221  0.000220
A51f-66  0.000615  0.000625  0.000593  0.000580  0.000601  0.000571  0.000550  0.000558  0.000550  0.000537  0.000502  0.000457  0.000429  0.000421  0.000412  0.000420  0.000411  0.000399  0.000362  0.000365  0.000364  0.000370  0.000350  0.000297  0.000294  0.000274  0.000250  0.000242  0.000225  0.000209  0.000203  0.000174  0.000158  0.000158  0.000153  0.000135  0.000127  0.000107  0.000088  0.000079  0.000071  0.000071
A51f-68  0.003004  0.002940  0.002779  0.002667  0.002633  0.002485  0.002360  0.002302  0.002210  0.002108  0.001962  0.001795  0.001671  0.001590  0.001510  0.001466  0.001390  0.001308  0.001181  0.001134  0.001082  0.001045  0.000961  0.000820  0.000771  0.000696  0.000618  0.000569  0.000508  0.000452  0.000415  0.000343  0.000297  0.000277  0.000252  0.000211  0.000188  0.000154  0.000124  0.000110  0.000100  0.000101
A51f-69  0.052698  0.052914  0.051571  0.050958  0.051606  0.050341  0.049402  0.049582  0.049155  0.048514  0.047025  0.045064  0.043815  0.043343  0.042848  0.043046  0.042549  0.041900  0.040184  0.040184  0.040029  0.040198  0.039207  0.036644  0.036336  0.035257  0.033976  0.033435  0.032446  0.031499  0.031032  0.029295  0.028273  0.028079  0.027628  0.026385  0.025736  0.024349  0.022900  0.022102  0.021284  0.020987
A51f-71  0.002829  0.002839  0.002694  0.002623  0.002673  0.002540  0.002439  0.002443  0.002391  0.002320  0.002175  0.001992  0.001875  0.001826  0.001775  0.001781  0.001731  0.001669  0.001526  0.001517  0.001496  0.001499  0.001417  0.001228  0.001201  0.001122  0.001033  0.000994  0.000929  0.000869  0.000839  0.000739  0.000683  0.000675  0.000653  0.000593  0.000566  0.000507  0.000449  0.000425  0.000402  0.000402
A51f-74  0.001272  0.001269  0.001214  0.001183  0.001193  0.001142  0.001102  0.001097  0.001074  0.001044  0.000988  0.000918  0.000871  0.000848  0.000824  0.000822  0.000799  0.000771  0.000714  0.000706  0.000694  0.000691  0.000656  0.000578  0.000563  0.000527  0.000487  0.000467  0.000435  0.000406  0.000389  0.000340  0.000310  0.000302  0.000288  0.000254  0.000236  0.000201  0.000165  0.000145  0.000126  0.000119
A51f-75  0.013925  0.014004  0.013571  0.013378  0.013597  0.013192  0.012894  0.012960  0.012828  0.012628  0.012157  0.011537  0.011147  0.011005  0.010857  0.010928  0.010779  0.010583  0.010054  0.010063  0.010023  0.010083  0.009784  0.009004  0.008920  0.008600  0.008221  0.008069  0.007782  0.007509  0.007382  0.006878  0.006589  0.006547  0.006430  0.006081  0.005908  0.005523  0.005122  0.004913  0.004700  0.004637
A51f-76  0.008888  0.008939  0.008671  0.008553  0.008691  0.008439  0.008254  0.008297  0.008216  0.008091  0.007793  0.007398  0.007149  0.007058  0.006963  0.007008  0.006912  0.006785  0.006439  0.006444  0.006418  0.006457  0.006260  0.005740  0.005681  0.005465  0.005207  0.005101  0.004902  0.004712  0.004621  0.004268  0.004062  0.004026  0.003938  0.003686  0.003556  0.003274  0.002979  0.002819  0.002653  0.002595
A51f-77  0.004231  0.004252  0.004121  0.004061  0.004123  0.004000  0.003908  0.003925  0.003882  0.003819  0.003673  0.003481  0.003358  0.003311  0.003261  0.003280  0.003230  0.003165  0.002995  0.002994  0.002978  0.002993  0.002894  0.002639  0.002607  0.002499  0.002370  0.002315  0.002214  0.002118  0.002070  0.001894  0.001789  0.001768  0.001720  0.001593  0.001525  0.001383  0.001233  0.001150  0.001064  0.001031
A51f-78  0.002440  0.002413  0.002292  0.002217  0.002217  0.002105  0.002014  0.001988  0.001928  0.001857  0.001741  0.001602  0.001504  0.001449  0.001394  0.001375  0.001321  0.001261  0.001151  0.001126  0.001093  0.001076  0.001007  0.000871  0.000837  0.000771  0.000699  0.000660  0.000604  0.000553  0.000521  0.000445  0.000398  0.000381  0.000357  0.000309  0.000282  0.000235  0.000189  0.000166  0.000144  0.000138
A51f-79  0.001344  0.001349  0.001295  0.001269  0.001289  0.001239  0.001201  0.001205  0.001186  0.001160  0.001103  0.001029  0.000982  0.000962  0.000943  0.000947  0.000927  0.000902  0.000840  0.000838  0.000831  0.000834  0.000799  0.000711  0.000699  0.000662  0.000618  0.000599  0.000566  0.000535  0.000519  0.000464  0.000431  0.000425  0.000411  0.000373  0.000354  0.000313  0.000270  0.000248  0.000225  0.000219
A51f-80  0.002553  0.002529  0.002409  0.002335  0.002337  0.002226  0.002136  0.002112  0.002053  0.001984  0.001868  0.001728  0.001631  0.001576  0.001522  0.001504  0.001451  0.001391  0.001279  0.001255  0.001223  0.001207  0.001137  0.000997  0.000962  0.000895  0.000821  0.000781  0.000723  0.000669  0.000637  0.000556  0.000506  0.000488  0.000463  0.000410  0.000381  0.000329  0.000278  0.000251  0.000225  0.000216
A51f-82  0.002490  0.002461  0.002340  0.002264  0.002262  0.002150  0.002058  0.002031  0.001970  0.001899  0.001783  0.001645  0.001547  0.001491  0.001436  0.001416  0.001362  0.001302  0.001193  0.001167  0.001134  0.001116  0.001047  0.000913  0.000879  0.000814  0.000744  0.000705  0.000651  0.000600  0.000569  0.000495  0.000450  0.000434  0.000411  0.000364  0.000339  0.000295  0.000252  0.000230  0.000210  0.000205
A51f-83  0.004185  0.004230  0.004091  0.004037  0.004132  0.004002  0.003910  0.003949  0.003917  0.003860  0.003705  0.003495  0.003368  0.003331  0.003292  0.003331  0.003291  0.003233  0.003054  0.003071  0.003069  0.003103  0.003007  0.002736  0.002717  0.002612  0.002486  0.002441  0.002348  0.002259  0.002224  0.002050  0.001954  0.001949  0.001915  0.001797  0.001743  0.001611  0.001473  0.001404  0.001334  0.001319
A51f-85  0.001127  0.001126  0.001069  0.001039  0.001053  0.001000  0.000959  0.000957  0.000934  0.000904  0.000847  0.000777  0.000730  0.000708  0.000686  0.000686  0.000664  0.000638  0.000582  0.000576  0.000565  0.000564  0.000531  0.000457  0.000444  0.000412  0.000376  0.000359  0.000332  0.000307  0.000293  0.000252  0.000229  0.000223  0.000213  0.000188  0.000175  0.000149  0.000124  0.000112  0.000100  0.000099
A51f-86  0.004103  0.004138  0.003993  0.003932  0.004014  0.003880  0.003783  0.003811  0.003771  0.003708  0.003553  0.003350  0.003225  0.003183  0.003139  0.003168  0.003123  0.003063  0.002896  0.002903  0.002895  0.002918  0.002826  0.002584  0.002562  0.002467  0.002354  0.002312  0.002230  0.002152  0.002119  0.001974  0.001894  0.001888  0.001860  0.001766  0.001723  0.001620  0.001516  0.001466  0.001416  0.001408
A51g-02  0.003106  0.003130  0.003027  0.002982  0.003042  0.002943  0.002870  0.002891  0.002861  0.002812  0.002689  0.002525  0.002421  0.002383  0.002343  0.002364  0.002323  0.002268  0.002117  0.002119  0.002107  0.002125  0.002036  0.001800  0.001772  0.001671  0.001549  0.001497  0.001401  0.001308  0.001260  0.001087  0.000983  0.000960  0.000910  0.000780  0.000709  0.000562  0.000406  0.000315  0.000221  0.000181
A51g-03  0.002264  0.002294  0.002228  0.002206  0.002263  0.002200  0.002156  0.002184  0.002173  0.002148  0.002067  0.001954  0.001887  0.001871  0.001852  0.001880  0.001861  0.001831  0.001728  0.001742  0.001744  0.001770  0.001714  0.001547  0.001538  0.001473  0.001393  0.001365  0.001305  0.001246  0.001222  0.001103  0.001036  0.001030  0.001004  0.000918  0.000876  0.000776  0.000670  0.000614  0.000554  0.000536
A51g-04  0.002155  0.002135  0.002020  0.001951  0.001959  0.001853  0.001768  0.001749  0.001696  0.001632  0.001521  0.001386  0.001294  0.001246  0.001197  0.001186  0.001139  0.001085  0.000980  0.000962  0.000937  0.000927  0.000864  0.000731  0.000704  0.000644  0.000578  0.000545  0.000495  0.000450  0.000425  0.000353  0.000312  0.000303  0.000285  0.000242  0.000222  0.000180  0.000140  0.000122  0.000106  0.000107
A51g-05  0.178584  0.180334  0.177571  0.176902  0.179899  0.177310  0.175649  0.177270  0.177097  0.176278  0.172910  0.168094  0.165374  0.164973  0.164487  0.166102  0.165594  0.164605  0.160311  0.161286  0.161779  0.163276  0.161139  0.154022  0.153971  0.151457  0.148266  0.147413  0.145098  0.142886  0.142209  0.137362  0.134810  0.134953  0.134238  0.130865  0.129439  0.125508  0.121313  0.119283  0.117151  0.116773
A51g-07  0.004797  0.004791  0.004569  0.004450  0.004503  0.004299  0.004143  0.004133  0.004046  0.003932  0.003716  0.003448  0.003272  0.003192  0.003111  0.003111  0.003032  0.002937  0.002730  0.002712  0.002677  0.002676  0.002558  0.002290  0.002249  0.002137  0.002011  0.001956  0.001866  0.001783  0.001744  0.001606  0.001532  0.001524  0.001499  0.001422  0.001390  0.001314  0.001242  0.001217  0.001194  0.001205
A51g-09  0.009344  0.009417  0.009097  0.008960  0.009141  0.008841  0.008624  0.008686  0.008597  0.008454  0.008101  0.007632  0.007341  0.007243  0.007139  0.007206  0.007101  0.006959  0.006558  0.006576  0.006556  0.006614  0.006391  0.005788  0.005733  0.005491  0.005202  0.005091  0.004874  0.004667  0.004576  0.004183  0.003962  0.003937  0.003852  0.003580  0.003450  0.003147  0.002832  0.002670  0.002504  0.002459
A51g-10  0.010549  0.010688  0.010388  0.010292  0.010552  0.010271  0.010080  0.010207  0.010160  0.010051  0.009697  0.009205  0.008915  0.008849  0.008774  0.008902  0.008825  0.008703  0.008267  0.008333  0.008353  0.008469  0.008240  0.007539  0.007509  0.007246  0.006920  0.006816  0.006574  0.006343  0.006256  0.005778  0.005517  0.005509  0.005421  0.005085  0.004931  0.004545  0.004135  0.003927  0.003711  0.003658
A51g-11  0.125576  0.126280  0.123320  0.122069  0.123789  0.120997  0.118965  0.119580  0.118756  0.117420  0.114057  0.109557  0.106745  0.105784  0.104762  0.105406  0.104376  0.102974  0.098990  0.099146  0.098928  0.099495  0.097238  0.091131  0.090520  0.088014  0.085001  0.083799  0.081485  0.079263  0.078224  0.074022  0.071583  0.071198  0.070169  0.067147  0.065604  0.062195  0.058610  0.056658  0.054643  0.053943
A51g-12  0.035495  0.035796  0.034870  0.034516  0.035156  0.034284  0.033667  0.033936  0.033722  0.033336  0.032271  0.030825  0.029942  0.029680  0.029397  0.029672  0.029385  0.028973  0.027695  0.027805  0.027788  0.028034  0.027333  0.025341  0.025190  0.024404  0.023447  0.023097  0.022373  0.021680  0.021383  0.020024  0.019257  0.019177  0.018882  0.017916  0.017447  0.016351  0.015195  0.014587  0.013957  0.013768
A51g-13  0.004101  0.004126  0.003890  0.003777  0.003870  0.003655  0.003495  0.003510  0.003431  0.003321  0.003090  0.002797  0.002614  0.002543  0.002470  0.002490  0.002417  0.002327  0.002108  0.002104  0.002081  0.002094  0.001975  0.001692  0.001660  0.001551  0.001427  0.001381  0.001296  0.001220  0.001191  0.001060  0.000996  0.001000  0.000987  0.000922  0.000904  0.000845  0.000793  0.000785  0.000782  0.000808
A51g-14  0.000774  0.000803  0.000754  0.000741  0.000790  0.000745  0.000716  0.000740  0.000735  0.000720  0.000667  0.000594  0.000554  0.000548  0.000540  0.000562  0.000554  0.000540  0.000484  0.000496  0.000501  0.000518  0.000492  0.000409  0.000409  0.000382  0.000349  0.000342  0.000321  0.000302  0.000298  0.000256  0.000238  0.000243  0.000242  0.000219  0.000214  0.000190  0.000167  0.000161  0.000155  0.000161
A51g-15  0.004550  0.004543  0.004322  0.004203  0.004256  0.004052  0.003893  0.003884  0.003796  0.003680  0.003457  0.003178  0.002993  0.002908  0.002822  0.002822  0.002737  0.002635  0.002408  0.002387  0.002349  0.002349  0.002215  0.001908  0.001859  0.001725  0.001573  0.001504  0.001390  0.001283  0.001228  0.001046  0.000941  0.000921  0.000877  0.000758  0.000700  0.000576  0.000452  0.000390  0.000330  0.000318
A51g-16  0.002199  0.002207  0.002114  0.002069  0.002106  0.002019  0.001953  0.001960  0.001928  0.001881  0.001781  0.001651  0.001567  0.001532  0.001497  0.001506  0.001470  0.001425  0.001313  0.001310  0.001297  0.001304  0.001239  0.001075  0.001053  0.000983  0.000901  0.000865  0.000802  0.000741  0.000711  0.000602  0.000539  0.000526  0.000497  0.000421  0.000381  0.000296  0.000208  0.000161  0.000112  0.000095
A51g-18  0.096937  0.097029  0.094576  0.093317  0.094121  0.091804  0.090021  0.090068  0.089126  0.087838  0.085166  0.081728  0.079456  0.078455  0.077417  0.077514  0.076479  0.075197  0.072180  0.071963  0.071497  0.071560  0.069735  0.065350  0.064644  0.062684  0.060397  0.059320  0.057515  0.055780  0.054832  0.051817  0.049970  0.049473  0.048562  0.046362  0.045133  0.042706  0.040180  0.038718  0.037225  0.036583
A51g-19  0.005588  0.005576  0.005243  0.005065  0.005138  0.004836  0.004603  0.004584  0.004452  0.004284  0.003970  0.003585  0.003334  0.003219  0.003103  0.003098  0.002985  0.002852  0.002569  0.002541  0.002490  0.002483  0.002325  0.001981  0.001927  0.001786  0.001632  0.001568  0.001462  0.001369  0.001329  0.001182  0.001111  0.001113  0.001098  0.001034  0.001020  0.000970  0.000932  0.000939  0.000955  0.000997
A51g-20  0.001949  0.001952  0.001857  0.001808  0.001838  0.001749  0.001682  0.001683  0.001647  0.001599  0.001500  0.001374  0.001292  0.001257  0.001220  0.001225  0.001189  0.001145  0.001040  0.001034  0.001020  0.001023  0.000963  0.000817  0.000796  0.000733  0.000661  0.000630  0.000575  0.000524  0.000498  0.000408  0.000356  0.000346  0.000324  0.000264  0.000234  0.000169  0.000103  0.000069  0.000035  0.000027
A51g-23  0.000714  0.000742  0.000692  0.000679  0.000725  0.000680  0.000651  0.000673  0.000666  0.000651  0.000598  0.000527  0.000488  0.000481  0.000474  0.000493  0.000485  0.000470  0.000417  0.000427  0.000431  0.000446  0.000420  0.000345  0.000344  0.000320  0.000290  0.000284  0.000265  0.000248  0.000245  0.000210  0.000195  0.000200  0.000200  0.000183  0.000179  0.000163  0.000147  0.000145  0.000143  0.000151
A51g-24  0.001962  0.001981  0.001859  0.001805  0.001860  0.001750  0.001669  0.001682  0.001645  0.001590  0.001471  0.001318  0.001224  0.001190  0.001155  0.001169  0.001134  0.001090  0.000976  0.000977  0.000968  0.000977  0.000917  0.000769  0.000755  0.000699  0.000636  0.000613  0.000571  0.000533  0.000519  0.000452  0.000420  0.000424  0.000418  0.000386  0.000378  0.000349  0.000324  0.000322  0.000322  0.000336
A51h-02  0.051675  0.051856  0.050247  0.049481  0.050154  0.048655  0.047534  0.047676  0.047138  0.046364  0.044655  0.042440  0.041026  0.040473  0.039898  0.040078  0.039507  0.038776  0.036915  0.036891  0.036704  0.036857  0.035797  0.033116  0.032792  0.031679  0.030372  0.029832  0.028846  0.027913  0.027471  0.025777  0.024810  0.024663  0.024271  0.023121  0.022556  0.021301  0.020007  0.019343  0.018672  0.018493
A51h-04  0.004093  0.004070  0.003844  0.003716  0.003750  0.003544  0.003382  0.003359  0.003263  0.003144  0.002931  0.002671  0.002498  0.002414  0.002330  0.002319  0.002238  0.002143  0.001949  0.001924  0.001885  0.001877  0.001766  0.001526  0.001485  0.001385  0.001274  0.001225  0.001147  0.001077  0.001045  0.000934  0.000876  0.000874  0.000859  0.000804  0.000787  0.000739  0.000697  0.000692  0.000691  0.000714
A51h-05  0.006521  0.006483  0.006109  0.005897  0.005952  0.005610  0.005341  0.005302  0.005142  0.004943  0.004588  0.004156  0.003867  0.003725  0.003583  0.003563  0.003425  0.003265  0.002939  0.002895  0.002828  0.002809  0.002621  0.002219  0.002147  0.001974  0.001785  0.001699  0.001564  0.001442  0.001383  0.001191  0.001089  0.001079  0.001047  0.000948  0.000912  0.000824  0.000745  0.000727  0.000717  0.000748
A51h-06  0.001886  0.001905  0.001783  0.001727  0.001781  0.001671  0.001589  0.001601  0.001563  0.001508  0.001389  0.001238  0.001144  0.001110  0.001075  0.001088  0.001053  0.001008  0.000896  0.000896  0.000886  0.000895  0.000835  0.000692  0.000677  0.000623  0.000562  0.000540  0.000499  0.000463  0.000450  0.000387  0.000358  0.000362  0.000357  0.000329  0.000322  0.000298  0.000277  0.000277  0.000281  0.000296
A51h-07  0.016740  0.016952  0.016545  0.016425  0.016809  0.016425  0.016169  0.016364  0.016313  0.016173  0.015681  0.014990  0.014588  0.014505  0.014410  0.014606  0.014509  0.014345  0.013725  0.013833  0.013874  0.014054  0.013732  0.012721  0.012687  0.012312  0.011844  0.011699  0.011351  0.011018  0.010898  0.010199  0.009818  0.009811  0.009686  0.009191  0.008966  0.008393  0.007784  0.007475  0.007151  0.007072
A51h-08  0.008623  0.008741  0.008473  0.008385  0.008607  0.008358  0.008189  0.008293  0.008248  0.008150  0.007844  0.007423  0.007176  0.007119  0.007054  0.007158  0.007092  0.006989  0.006627  0.006680  0.006695  0.006787  0.006599  0.006033  0.006010  0.005800  0.005542  0.005462  0.005274  0.005096  0.005032  0.004665  0.004469  0.004469  0.004408  0.004159  0.004050  0.003767  0.003470  0.003327  0.003178  0.003151
A51h-10  0.011717  0.011853  0.011531  0.011422  0.011685  0.011382  0.011173  0.011297  0.011240  0.011117  0.010740  0.010218  0.009909  0.009831  0.009746  0.009870  0.009783  0.009648  0.009187  0.009248  0.009262  0.009374  0.009129  0.008397  0.008358  0.008080  0.007736  0.007622  0.007366  0.007121  0.007025  0.006527  0.006253  0.006239  0.006143  0.005792  0.005629  0.005228  0.004803  0.004586  0.004360  0.004301
A51h-11  0.019733  0.019931  0.019293  0.019045  0.019469  0.018874  0.018453  0.018623  0.018472  0.018207  0.017497  0.016543  0.015964  0.015791  0.015605  0.015779  0.015591  0.015324  0.014510  0.014578  0.014565  0.014716  0.014276  0.013042  0.012952  0.012474  0.011896  0.011691  0.011262  0.010856  0.010690  0.009898  0.009461  0.009432  0.009276  0.008736  0.008487  0.007884  0.007254  0.006940  0.006618  0.006545
A51h-13  0.037712  0.037904  0.036917  0.036480  0.037000  0.036066  0.035378  0.035542  0.035243  0.034778  0.033660  0.032174  0.031232  0.030888  0.030524  0.030698  0.030331  0.029844  0.028522  0.028539  0.028434  0.028584  0.027820  0.025809  0.025577  0.024731  0.023720  0.023296  0.022511  0.021756  0.021384  0.019985  0.019159  0.018998  0.018629  0.017612  0.017075  0.015931  0.014728  0.014057  0.013365  0.013101
A51h-14  0.024021  0.024120  0.023442  0.023128  0.023443  0.022804  0.022328  0.022409  0.022188  0.021860  0.021109  0.020122  0.019491  0.019247  0.018991  0.019083  0.018826  0.018494  0.017628  0.017621  0.017536  0.017612  0.017109  0.015818  0.015656  0.015108  0.014458  0.014180  0.013676  0.013193  0.012952  0.012072  0.011551  0.011446  0.011212  0.010579  0.010245  0.009540  0.008803  0.008393  0.007973  0.007816
A51h-15  0.038612  0.038958  0.038114  0.037824  0.038493  0.037705  0.037162  0.037470  0.037314  0.036993  0.036027  0.034703  0.033919  0.033722  0.033506  0.033813  0.033592  0.033255  0.032111  0.032261  0.032292  0.032566  0.031963  0.030177  0.030088  0.029417  0.028593  0.028325  0.027719  0.027143  0.026927  0.025758  0.025124  0.025108  0.024899  0.024096  0.023737  0.022827  0.021870  0.021398  0.020910  0.020807
A51h-16  0.004745  0.004791  0.004495  0.004361  0.004491  0.004221  0.004023  0.004049  0.003953  0.003816  0.003524  0.003154  0.002923  0.002834  0.002742  0.002765  0.002672  0.002555  0.002279  0.002268  0.002232  0.002240  0.002086  0.001734  0.001686  0.001544  0.001386  0.001321  0.001210  0.001110  0.001063  0.000902  0.000819  0.000810  0.000782  0.000700  0.000668  0.000597  0.000536  0.000520  0.000511  0.000528
A51h-17  0.006723  0.006823  0.006551  0.006454  0.006651  0.006400  0.006226  0.006310  0.006254  0.006148  0.005849  0.005445  0.005205  0.005141  0.005071  0.005155  0.005083  0.004978  0.004642  0.004679  0.004682  0.004753  0.004576  0.004070  0.004041  0.003852  0.003622  0.003547  0.003381  0.003225  0.003167  0.002856  0.002691  0.002690  0.002638  0.002434  0.002347  0.002121  0.001887  0.001778  0.001667  0.001653
A51h-20  0.022601  0.022748  0.022172  0.021932  0.022279  0.021733  0.021336  0.021464  0.021307  0.021046  0.020379  0.019483  0.018921  0.018731  0.018527  0.018659  0.018453  0.018171  0.017364  0.017396  0.017352  0.017468  0.017007  0.015755  0.015627  0.015109  0.014484  0.014231  0.013747  0.013280  0.013057  0.012175  0.011657  0.011566  0.011340  0.010695  0.010358  0.009626  0.008855  0.008425  0.007980  0.007813
A51h-21  0.013133  0.013120  0.012624  0.012358  0.012479  0.012016  0.011657  0.011637  0.011435  0.011171  0.010660  0.010016  0.009587  0.009387  0.009183  0.009179  0.008977  0.008734  0.008196  0.008141  0.008044  0.008036  0.007713  0.006973  0.006845  0.006514  0.006136  0.005957  0.005664  0.005388  0.005237  0.004772  0.004493  0.004421  0.004290  0.003970  0.003799  0.003459  0.003111  0.002922  0.002734  0.002667
A51h-22  0.015447  0.015623  0.015198  0.015053  0.015392  0.014995  0.014722  0.014879  0.014801  0.014641  0.014153  0.013483  0.013086  0.012987  0.012878  0.013035  0.012924  0.012753  0.012172  0.012249  0.012265  0.012405  0.012099  0.011189  0.011143  0.010801  0.010380  0.010242  0.009932  0.009637  0.009525  0.008925  0.008599  0.008590  0.008481  0.008067  0.007881  0.007411  0.006916  0.006670  0.006415  0.006360
A51h-23  0.013469  0.013592  0.013206  0.013057  0.013320  0.012956  0.012698  0.012807  0.012716  0.012553  0.012108  0.011503  0.011132  0.011020  0.010899  0.011011  0.010888  0.010713  0.010176  0.010218  0.010207  0.010307  0.010010  0.009172  0.009105  0.008772  0.008366  0.008215  0.007907  0.007611  0.007481  0.006905  0.006577  0.006538  0.006408  0.005996  0.005792  0.005324  0.004829  0.004566  0.004293  0.004206
A51h-25  0.019851  0.019933  0.019165  0.018799  0.019108  0.018397  0.017866  0.017922  0.017661  0.017292  0.016497  0.015478  0.014829  0.014570  0.014303  0.014371  0.014104  0.013768  0.012941  0.012918  0.012822  0.012871  0.012401  0.011251  0.011103  0.010627  0.010076  0.009846  0.009437  0.009054  0.008871  0.008196  0.007816  0.007760  0.007610  0.007175  0.006967  0.006507  0.006044  0.005819  0.005598  0.005555
A51h-26  0.005351  0.005323  0.004983  0.004794  0.004848  0.004542  0.004303  0.004269  0.004127  0.003952  0.003643  0.003271  0.003026  0.002908  0.002789  0.002770  0.002655  0.002524  0.002265  0.002227  0.002171  0.002151  0.002007  0.001716  0.001663  0.001544  0.001420  0.001366  0.001286  0.001219  0.001191  0.001099  0.001061  0.001071  0.001074  0.001057  0.001070  0.001079  0.001104  0.001151  0.001191  0.001191
A51h-28  0.000851  0.000851  0.000797  0.000769  0.000784  0.000734  0.000696  0.000695  0.000675  0.000648  0.000595  0.000530  0.000487  0.000469  0.000450  0.000451  0.000433  0.000411  0.000361  0.000358  0.000350  0.000350  0.000323  0.000260  0.000251  0.000225  0.000197  0.000185  0.000165  0.000147  0.000139  0.000109  0.000094  0.000093  0.000089  0.000073  0.000068  0.000054  0.000041  0.000038  0.000036  0.000041
A51h-29  0.001690  0.001681  0.001577  0.001519  0.001535  0.001439  0.001365  0.001353  0.001308  0.001252  0.001153  0.001034  0.000954  0.000914  0.000873  0.000865  0.000825  0.000779  0.000691  0.000675  0.000653  0.000644  0.000591  0.000485  0.000462  0.000415  0.000364  0.000338  0.000301  0.000268  0.000249  0.000201  0.000175  0.000168  0.000156  0.000133  0.000122  0.000103  0.000087  0.000084  0.000082  0.000088
A51h-33  0.001694  0.001686  0.001582  0.001524  0.001541  0.001446  0.001372  0.001361  0.001316  0.001261  0.001162  0.001042  0.000962  0.000922  0.000882  0.000874  0.000835  0.000789  0.000700  0.000685  0.000663  0.000654  0.000601  0.000494  0.000471  0.000423  0.000371  0.000345  0.000307  0.000273  0.000254  0.000204  0.000177  0.000170  0.000158  0.000132  0.000121  0.000100  0.000082  0.000077  0.000075  0.000079
A51h-34  0.023962  0.024047  0.023280  0.022915  0.023227  0.022518  0.021987  0.022045  0.021786  0.021418  0.020623  0.019603  0.018953  0.018696  0.018430  0.018500  0.018234  0.017899  0.017069  0.017047  0.016953  0.017004  0.016533  0.015378  0.015230  0.014752  0.014198  0.013967  0.013555  0.013170  0.012987  0.012306  0.011922  0.011866  0.011715  0.011274  0.011064  0.010598  0.010127  0.009899  0.009673  0.009629
A54e-01  0.015106  0.015170  0.014670  0.014388  0.014443  0.014076  0.013721  0.013527  0.013306  0.012973  0.012387  0.011736  0.011373  0.011149  0.011028  0.011030  0.010875  0.010605  0.009946  0.009844  0.009666  0.009714  0.009481  0.008644  0.008398  0.008023  0.007564  0.007405  0.007040  0.006737  0.006540  0.005979  0.005655  0.005576  0.005435  0.004996  0.004876  0.004410  0.003987  0.003716  0.003445  0.003388
A54e-02  0.010560  0.010572  0.010120  0.009850  0.009853  0.009515  0.009190  0.008995  0.008780  0.008477  0.007980  0.007438  0.007123  0.006917  0.006791  0.006758  0.006606  0.006371  0.005854  0.005747  0.005587  0.005590  0.005392  0.004775  0.004577  0.004294  0.003960  0.003832  0.003571  0.003356  0.003213  0.002844  0.002632  0.002576  0.002484  0.002218  0.002147  0.001881  0.001649  0.001512  0.001381  0.001371
A54e-05  0.010479  0.010487  0.010157  0.009958  0.009962  0.009713  0.009471  0.009327  0.009166  0.008938  0.008556  0.008135  0.007888  0.007726  0.007628  0.007605  0.007486  0.007298  0.006870  0.006785  0.006653  0.006661  0.006496  0.005956  0.005782  0.005527  0.005220  0.005100  0.004851  0.004640  0.004497  0.004123  0.003898  0.003827  0.003719  0.003419  0.003323  0.003004  0.002712  0.002517  0.002321  0.002264
A54e-06  0.114763  0.115381  0.113442  0.112478  0.113058  0.111684  0.110347  0.109752  0.109022  0.107741  0.105209  0.102318  0.100802  0.099955  0.099616  0.099900  0.099382  0.098261  0.095087  0.094793  0.094092  0.094599  0.093585  0.089218  0.088053  0.086138  0.083701  0.082942  0.080967  0.079307  0.078245  0.074959  0.073037  0.072587  0.071740  0.068973  0.068187  0.065111  0.062234  0.060304  0.058307  0.057746
A54e-07  0.013559  0.013702  0.013362  0.013206  0.013340  0.013108  0.012884  0.012798  0.012687  0.012475  0.012034  0.011530  0.011279  0.011151  0.011116  0.011192  0.011124  0.010947  0.010405  0.010378  0.010279  0.010394  0.010239  0.009498  0.009321  0.009014  0.008619  0.008516  0.008204  0.007949  0.007797  0.007268  0.006975  0.006931  0.006821  0.006390  0.006293  0.005817  0.005378  0.005098  0.004809  0.004757
A54e-09  0.003839  0.003807  0.003645  0.003535  0.003503  0.003375  0.003251  0.003165  0.003074  0.002959  0.002789  0.002608  0.002491  0.002406  0.002344  0.002310  0.002242  0.002152  0.001981  0.001929  0.001861  0.001841  0.001765  0.001569  0.001494  0.001395  0.001282  0.001228  0.001138  0.001060  0.001005  0.000884  0.000810  0.000781  0.000742  0.000654  0.000623  0.000536  0.000459  0.000410  0.000364  0.000353
A54e-10  0.012724  0.012789  0.012481  0.012315  0.012375  0.012150  0.011932  0.011822  0.011693  0.011484  0.011096  0.010658  0.010419  0.010276  0.010206  0.010226  0.010130  0.009950  0.009479  0.009417  0.009298  0.009351  0.009188  0.008555  0.008373  0.008087  0.007729  0.007606  0.007315  0.007069  0.006906  0.006436  0.006157  0.006082  0.005952  0.005559  0.005440  0.005007  0.004604  0.004331  0.004051  0.003967
A54e-12  0.360979  0.363693  0.355150  0.350927  0.353412  0.347440  0.341680  0.339114  0.335991  0.330575  0.320002  0.308069  0.301916  0.298553  0.297267  0.298483  0.296460  0.292060  0.279641  0.278611  0.276005  0.278051  0.274256  0.257842  0.253666  0.246756  0.238021  0.235545  0.228696  0.223083  0.219685  0.208499  0.202273  0.201240  0.198859  0.190009  0.187976  0.178368  0.169610  0.164114  0.158521  0.157625
A54e-13  0.088049  0.088029  0.085358  0.083712  0.083668  0.081619  0.079625  0.078399  0.077046  0.075147  0.072005  0.068530  0.066453  0.065058  0.064175  0.063913  0.062867  0.061242  0.057637  0.056848  0.055675  0.055670  0.054215  0.049590  0.048034  0.045789  0.043076  0.041953  0.039716  0.037791  0.036437  0.033066  0.030972  0.030229  0.029139  0.026347  0.025348  0.022338  0.019539  0.017601  0.015630  0.014925
A54e-14  0.005008  0.005013  0.004840  0.004737  0.004740  0.004610  0.004484  0.004409  0.004326  0.004208  0.004009  0.003792  0.003665  0.003582  0.003532  0.003521  0.003461  0.003365  0.003147  0.003104  0.003038  0.003043  0.002960  0.002688  0.002601  0.002475  0.002322  0.002264  0.002142  0.002039  0.001970  0.001788  0.001680  0.001648  0.001598  0.001455  0.001412  0.001262  0.001126  0.001037  0.000949  0.000927
A54e-15  0.015557  0.015584  0.015076  0.014776  0.014795  0.014416  0.014048  0.013833  0.013593  0.013247  0.012662  0.012015  0.011642  0.011401  0.011258  0.011234  0.011060  0.010777  0.010126  0.010003  0.009810  0.009832  0.009587  0.008766  0.008509  0.008129  0.007669  0.007496  0.007127  0.006817  0.006609  0.006053  0.005724  0.005629  0.005476  0.005038  0.004905  0.004440  0.004017  0.003741  0.003463  0.003393
A54e-16  0.011138  0.011136  0.010800  0.010593  0.010588  0.010331  0.010081  0.009928  0.009759  0.009522  0.009131  0.008699  0.008442  0.008270  0.008161  0.008130  0.008001  0.007801  0.007358  0.007262  0.007120  0.007120  0.006943  0.006379  0.006191  0.005919  0.005592  0.005458  0.005190  0.004960  0.004800  0.004398  0.004150  0.004065  0.003939  0.003610  0.003496  0.003143  0.002817  0.002594  0.002368  0.002292
A54e-17  0.001940  0.001946  0.001863  0.001814  0.001818  0.001757  0.001697  0.001663  0.001625  0.001569  0.001476  0.001373  0.001314  0.001277  0.001255  0.001252  0.001225  0.001182  0.001082  0.001064  0.001035  0.001038  0.001002  0.000880  0.000843  0.000788  0.000723  0.000699  0.000648  0.000605  0.000578  0.000503  0.000460  0.000450  0.000431  0.000376  0.000362  0.000306  0.000256  0.000226  0.000197  0.000194
A54e-19  0.031654  0.031861  0.031079  0.030676  0.030868  0.030309  0.029767  0.029510  0.029203  0.028687  0.027701  0.026584  0.025990  0.025649  0.025500  0.025583  0.025367  0.024929  0.023733  0.023605  0.023328  0.023495  0.023105  0.021495  0.021057  0.020350  0.019458  0.019176  0.018458  0.017857  0.017474  0.016301  0.015620  0.015463  0.015167  0.014199  0.013930  0.012864  0.011875  0.011221  0.010548  0.010374
A54e-20  0.018650  0.018903  0.018542  0.018415  0.018656  0.018429  0.018212  0.018170  0.018096  0.017891  0.017389  0.016803  0.016542  0.016440  0.016456  0.016619  0.016592  0.016423  0.015773  0.015798  0.015726  0.015936  0.015791  0.014866  0.014687  0.014334  0.013860  0.013774  0.013408  0.013115  0.012960  0.012295  0.011943  0.011929  0.011823  0.011280  0.011188  0.010577  0.010012  0.009663  0.009299  0.009260
A54e-21  0.003084  0.003124  0.003040  0.003003  0.003041  0.002984  0.002930  0.002911  0.002886  0.002834  0.002724  0.002598  0.002537  0.002507  0.002501  0.002524  0.002509  0.002467  0.002331  0.002327  0.002305  0.002337  0.002300  0.002114  0.002072  0.001996  0.001899  0.001875  0.001799  0.001737  0.001701  0.001570  0.001498  0.001490  0.001465  0.001359  0.001337  0.001220  0.001112  0.001044  0.000974  0.000964
A54e-22  0.001226  0.001221  0.001170  0.001137  0.001132  0.001092  0.001054  0.001029  0.001003  0.000967  0.000912  0.000853  0.000816  0.000791  0.000773  0.000766  0.000746  0.000718  0.000661  0.000646  0.000626  0.000623  0.000599  0.000531  0.000507  0.000475  0.000437  0.000420  0.000390  0.000364  0.000346  0.000304  0.000278  0.000269  0.000257  0.000225  0.000215  0.000183  0.000155  0.000137  0.000119  0.000116
A54e-23  0.004370  0.004476  0.004394  0.004383  0.004485  0.004443  0.004404  0.004419  0.004424  0.004387  0.004254  0.004094  0.004037  0.004030  0.004061  0.004141  0.004158  0.004129  0.003940  0.003974  0.003976  0.004072  0.004048  0.003760  0.003723  0.003626  0.003486  0.003479  0.003374  0.003294  0.003261  0.003047  0.002942  0.002956  0.002937  0.002760  0.002745  0.002540  0.002349  0.002236  0.002116  0.002115
A54e-24  1.231650  1.236606  1.218669  1.209466  1.214085  1.201229  1.188728  1.182855  1.175792  1.163815  1.140697  1.114413  1.100398  1.092356  1.088835  1.090867  1.085766  1.075317  1.046655  1.043575  1.036894  1.040924  1.031481  0.992366  0.981628  0.964271  0.942317  0.935214  0.917384  0.902356  0.892625  0.863299  0.846034  0.841742  0.833961  0.809319  0.802111  0.774803  0.749287  0.732104  0.714362  0.709216
A54e-25  0.006232  0.006265  0.006038  0.005911  0.005939  0.005773  0.005613  0.005527  0.005428  0.005277  0.005010  0.004712  0.004548  0.004447  0.004394  0.004397  0.004328  0.004206  0.003905  0.003860  0.003780  0.003805  0.003699  0.003315  0.003203  0.003031  0.002821  0.002749  0.002582  0.002444  0.002354  0.002096  0.001948  0.001912  0.001848  0.001647  0.001592  0.001377  0.001182  0.001057  0.000932  0.000906
A54e-26  0.004570  0.004535  0.004301  0.004147  0.004108  0.003928  0.003754  0.003635  0.003509  0.003349  0.003113  0.002862  0.002704  0.002591  0.002510  0.002465  0.002376  0.002256  0.002035  0.001967  0.001881  0.001853  0.001756  0.001519  0.001429  0.001313  0.001185  0.001125  0.001027  0.000947  0.000890  0.000775  0.000708  0.000685  0.000655  0.000587  0.000569  0.000514  0.000475  0.000460  0.000452  0.000465
A54e-27  0.004466  0.004458  0.004296  0.004195  0.004185  0.004061  0.003942  0.003866  0.003783  0.003671  0.003492  0.003297  0.003179  0.003099  0.003046  0.003027  0.002966  0.002876  0.002684  0.002639  0.002575  0.002570  0.002493  0.002259  0.002180  0.002068  0.001936  0.001881  0.001774  0.001684  0.001622  0.001469  0.001377  0.001346  0.001301  0.001183  0.001145  0.001023  0.000912  0.000840  0.000769  0.000751
A54e-29  0.000766  0.000796  0.000759  0.000747  0.000775  0.000752  0.000731  0.000728  0.000721  0.000701  0.000652  0.000597  0.000573  0.000565  0.000568  0.000584  0.000582  0.000567  0.000511  0.000514  0.000508  0.000525  0.000513  0.000440  0.000427  0.000401  0.000367  0.000362  0.000338  0.000320  0.000311  0.000270  0.000251  0.000253  0.000249  0.000221  0.000219  0.000190  0.000165  0.000153  0.000142  0.000146
A54e-30  0.004513  0.004489  0.004295  0.004168  0.004143  0.003993  0.003849  0.003752  0.003649  0.003515  0.003312  0.003094  0.002959  0.002864  0.002797  0.002765  0.002691  0.002587  0.002386  0.002330  0.002256  0.002239  0.002154  0.001925  0.001842  0.001731  0.001604  0.001547  0.001448  0.001364  0.001307  0.001176  0.001098  0.001072  0.001036  0.000946  0.000918  0.000832  0.000759  0.000717  0.000679  0.000677
A54e-33  0.001766  0.001776  0.001697  0.001652  0.001660  0.001603  0.001547  0.001517  0.001482  0.001431  0.001342  0.001245  0.001191  0.001158  0.001139  0.001138  0.001115  0.001075  0.000983  0.000967  0.000942  0.000946  0.000914  0.000803  0.000770  0.000721  0.000663  0.000643  0.000599  0.000563  0.000540  0.000476  0.000441  0.000434  0.000420  0.000376  0.000366  0.000322  0.000285  0.000264  0.000245  0.000246
A54e-34  0.001002  0.000998  0.000944  0.000910  0.000905  0.000863  0.000824  0.000798  0.000770  0.000733  0.000677  0.000616  0.000579  0.000554  0.000536  0.000529  0.000509  0.000481  0.000426  0.000412  0.000392  0.000389  0.000366  0.000305  0.000283  0.000254  0.000221  0.000207  0.000182  0.000162  0.000148  0.000116  0.000098  0.000092  0.000084  0.000064  0.000059  0.000041  0.000027  0.000020  0.000015  0.000017
A54e-35  0.004938  0.004943  0.004770  0.004666  0.004669  0.004539  0.004413  0.004338  0.004254  0.004136  0.003938  0.003720  0.003593  0.003510  0.003460  0.003449  0.003389  0.003293  0.003075  0.003032  0.002966  0.002971  0.002888  0.002616  0.002529  0.002403  0.002251  0.002193  0.002071  0.001968  0.001899  0.001718  0.001610  0.001578  0.001528  0.001386  0.001343  0.001193  0.001058  0.000970  0.000882  0.000860
A54e-36  0.003713  0.003676  0.003511  0.003398  0.003361  0.003230  0.003104  0.003015  0.002921  0.002804  0.002634  0.002453  0.002336  0.002249  0.002185  0.002148  0.002078  0.001987  0.001821  0.001767  0.001699  0.001676  0.001600  0.001413  0.001339  0.001244  0.001136  0.001084  0.000999  0.000926  0.000873  0.000763  0.000695  0.000668  0.000633  0.000555  0.000528  0.000453  0.000389  0.000349  0.000313  0.000307
A54e-40  0.001216  0.001230  0.001188  0.001168  0.001181  0.001152  0.001124  0.001112  0.001097  0.001071  0.001018  0.000958  0.000928  0.000911  0.000905  0.000912  0.000902  0.000880  0.000817  0.000812  0.000799  0.000810  0.000791  0.000706  0.000685  0.000649  0.000603  0.000590  0.000554  0.000524  0.000506  0.000447  0.000413  0.000407  0.000394  0.000346  0.000334  0.000281  0.000232  0.000201  0.000169  0.000163
A54e-41  0.004050  0.004034  0.003868  0.003760  0.003743  0.003615  0.003491  0.003409  0.003322  0.003207  0.003027  0.002834  0.002715  0.002632  0.002576  0.002551  0.002487  0.002396  0.002211  0.002163  0.002098  0.002087  0.002010  0.001792  0.001715  0.001609  0.001486  0.001434  0.001336  0.001253  0.001196  0.001060  0.000979  0.000952  0.000912  0.000812  0.000780  0.000679  0.000590  0.000534  0.000480  0.000470
A54e-42  0.002933  0.002975  0.002891  0.002856  0.002895  0.002839  0.002785  0.002767  0.002743  0.002692  0.002582  0.002455  0.002394  0.002365  0.002360  0.002383  0.002370  0.002327  0.002190  0.002187  0.002165  0.002199  0.002162  0.001973  0.001930  0.001854  0.001754  0.001731  0.001653  0.001590  0.001553  0.001419  0.001345  0.001337  0.001311  0.001202  0.001179  0.001058  0.000946  0.000875  0.000802  0.000791
A54e-44  0.002982  0.003085  0.002982  0.002957  0.003052  0.002994  0.002939  0.002940  0.002931  0.002880  0.002737  0.002570  0.002505  0.002488  0.002507  0.002569  0.002573  0.002535  0.002358  0.002378  0.002369  0.002439  0.002409  0.002163  0.002125  0.002041  0.001926  0.001916  0.001833  0.001769  0.001742  0.001587  0.001514  0.001525  0.001513  0.001397  0.001390  0.001262  0.001149  0.001087  0.001024  0.001035
A54e-45  0.001157  0.001152  0.001101  0.001068  0.001062  0.001022  0.000984  0.000959  0.000932  0.000896  0.000841  0.000782  0.000745  0.000720  0.000702  0.000694  0.000675  0.000646  0.000590  0.000575  0.000555  0.000551  0.000527  0.000461  0.000437  0.000404  0.000367  0.000350  0.000320  0.000295  0.000277  0.000235  0.000210  0.000202  0.000190  0.000159  0.000149  0.000118  0.000091  0.000074  0.000057  0.000053
A54f-02  0.000764  0.000785  0.000752  0.000740  0.000760  0.000739  0.000720  0.000715  0.000708  0.000689  0.000648  0.000600  0.000578  0.000570  0.000570  0.000582  0.000579  0.000565  0.000515  0.000516  0.000510  0.000524  0.000513  0.000447  0.000434  0.000410  0.000378  0.000373  0.000349  0.000330  0.000321  0.000281  0.000260  0.000261  0.000256  0.000226  0.000222  0.000190  0.000161  0.000145  0.000129  0.000131
A54f-03  0.004271  0.004298  0.004156  0.004078  0.004103  0.004000  0.003900  0.003849  0.003790  0.003696  0.003527  0.003338  0.003235  0.003174  0.003144  0.003151  0.003110  0.003035  0.002843  0.002818  0.002770  0.002790  0.002725  0.002479  0.002410  0.002302  0.002169  0.002126  0.002021  0.001935  0.001880  0.001716  0.001623  0.001603  0.001564  0.001436  0.001404  0.001268  0.001144  0.001066  0.000988  0.000974
A54f-05  0.015206  0.015167  0.014650  0.014320  0.014277  0.013879  0.013494  0.013246  0.012977  0.012617  0.012049  0.011431  0.011055  0.010797  0.010624  0.010554  0.010357  0.010068  0.009469  0.009321  0.009115  0.009091  0.008844  0.008122  0.007871  0.007523  0.007113  0.006940  0.006611  0.006333  0.006139  0.005673  0.005392  0.005297  0.005159  0.004804  0.004688  0.004323  0.003995  0.003783  0.003576  0.003524
A54f-06  0.022883  0.022939  0.022236  0.021827  0.021872  0.021349  0.020842  0.020552  0.020227  0.019750  0.018928  0.018018  0.017498  0.017168  0.016978  0.016957  0.016721  0.016329  0.015403  0.015240  0.014974  0.015019  0.014677  0.013499  0.013137  0.012596  0.011937  0.011694  0.011165  0.010719  0.010423  0.009615  0.009137  0.009004  0.008783  0.008141  0.007948  0.007262  0.006635  0.006224  0.005810  0.005704
A54f-07  0.044894  0.045250  0.044164  0.043629  0.043961  0.043197  0.042457  0.042132  0.041733  0.041028  0.039631  0.038041  0.037216  0.036762  0.036588  0.036757  0.036485  0.035884  0.034164  0.034020  0.033654  0.033943  0.033409  0.031066  0.030457  0.029448  0.028162  0.027779  0.026749  0.025890  0.025353  0.023639  0.022654  0.022450  0.022037  0.020619  0.020244  0.018674  0.017216  0.016257  0.015268  0.015027
A54f-09  0.013040  0.013040  0.012551  0.012253  0.012246  0.011877  0.011520  0.011302  0.011063  0.010729  0.010183  0.009586  0.009234  0.009001  0.008856  0.008814  0.008642  0.008376  0.007793  0.007669  0.007485  0.007485  0.007258  0.006548  0.006316  0.005984  0.005589  0.005434  0.005120  0.004857  0.004679  0.004225  0.003956  0.003877  0.003753  0.003409  0.003306  0.002950  0.002632  0.002430  0.002232  0.002192
A54f-10  0.017515  0.017429  0.016635  0.016122  0.016027  0.015417  0.014828  0.014439  0.014022  0.013477  0.012646  0.011755  0.011206  0.010822  0.010557  0.010430  0.010131  0.009715  0.008897  0.008674  0.008377  0.008312  0.007967  0.007043  0.006711  0.006266  0.005758  0.005536  0.005140  0.004812  0.004585  0.004071  0.003769  0.003671  0.003532  0.003187  0.003086  0.002761  0.002491  0.002341  0.002208  0.002214
A54f-11  0.017690  0.017626  0.016845  0.016348  0.016274  0.015677  0.015100  0.014726  0.014323  0.013788  0.012956  0.012060  0.011514  0.011137  0.010884  0.010773  0.010484  0.010069  0.009232  0.009018  0.008725  0.008677  0.008331  0.007363  0.007024  0.006562  0.006027  0.005800  0.005381  0.005031  0.004792  0.004227  0.003895  0.003790  0.003636  0.003240  0.003122  0.002736  0.002405  0.002210  0.002029  0.002015
A54f-14  0.007076  0.007080  0.006715  0.006494  0.006490  0.006217  0.005955  0.005795  0.005619  0.005377  0.004989  0.004571  0.004326  0.004164  0.004061  0.004026  0.003904  0.003722  0.003342  0.003255  0.003131  0.003119  0.002970  0.002542  0.002400  0.002205  0.001980  0.001891  0.001721  0.001583  0.001492  0.001272  0.001151  0.001119  0.001069  0.000934  0.000902  0.000781  0.000687  0.000644  0.000611  0.000631
A54g-02  0.008320  0.008351  0.008067  0.007905  0.007932  0.007722  0.007520  0.007407  0.007280  0.007089  0.006755  0.006385  0.006176  0.006046  0.005975  0.005974  0.005884  0.005728  0.005350  0.005290  0.005187  0.005213  0.005078  0.004595  0.004452  0.004234  0.003966  0.003872  0.003659  0.003481  0.003364  0.003034  0.002842  0.002793  0.002708  0.002447  0.002374  0.002094  0.001839  0.001674  0.001507  0.001469
A54g-03  0.374608  0.371957  0.362595  0.355865  0.353236  0.345536  0.337999  0.332446  0.326597  0.319380  0.309017  0.297826  0.290227  0.284395  0.279901  0.277025  0.272171  0.265859  0.254496  0.250378  0.245302  0.243252  0.237505  0.223630  0.217670  0.209957  0.201064  0.196291  0.188667  0.181874  0.176577  0.166089  0.158921  0.155278  0.150761  0.141853  0.137619  0.128182  0.119312  0.112701  0.106024  0.102669
A54g-04  0.022103  0.022259  0.021612  0.021274  0.021415  0.020954  0.020509  0.020291  0.020035  0.019617  0.018835  0.017959  0.017493  0.017224  0.017103  0.017158  0.016986  0.016647  0.015746  0.015646  0.015436  0.015552  0.015260  0.014089  0.013773  0.013269  0.012639  0.012445  0.011950  0.011541  0.011287  0.010497  0.010052  0.009964  0.009785  0.009165  0.009012  0.008344  0.007737  0.007354  0.006966  0.006899
A54g-06  0.006028  0.005995  0.005732  0.005560  0.005527  0.005323  0.005126  0.004996  0.004856  0.004674  0.004393  0.004090  0.003904  0.003773  0.003684  0.003644  0.003544  0.003402  0.003116  0.003042  0.002942  0.002926  0.002808  0.002472  0.002355  0.002194  0.002007  0.001928  0.001780  0.001657  0.001572  0.001368  0.001247  0.001210  0.001155  0.001007  0.000964  0.000816  0.000686  0.000608  0.000533  0.000525
A54g-07  0.026216  0.025858  0.024794  0.024017  0.023669  0.022803  0.021962  0.021330  0.020675  0.019891  0.018813  0.017672  0.016890  0.016285  0.015811  0.015490  0.014992  0.014370  0.013315  0.012909  0.012426  0.012206  0.011679  0.010499  0.009986  0.009346  0.008630  0.008248  0.007661  0.007153  0.006768  0.006028  0.005545  0.005317  0.005040  0.004490  0.004259  0.003720  0.003242  0.002922  0.002619  0.002517
A54g-08  0.033566  0.033700  0.032620  0.032010  0.032124  0.031332  0.030566  0.030145  0.029668  0.028949  0.027690  0.026293  0.025513  0.025031  0.024769  0.024771  0.024436  0.023857  0.022452  0.022231  0.021850  0.021948  0.021450  0.019673  0.019149  0.018353  0.017380  0.017043  0.016273  0.015633  0.015218  0.014041  0.013362  0.013196  0.012903  0.011988  0.011740  0.010771  0.009895  0.009339  0.008782  0.008673
A54g-09  0.003192  0.003197  0.003065  0.002986  0.002989  0.002891  0.002796  0.002740  0.002678  0.002590  0.002444  0.002284  0.002192  0.002132  0.002097  0.002090  0.002047  0.001979  0.001825  0.001796  0.001751  0.001755  0.001698  0.001512  0.001455  0.001372  0.001272  0.001236  0.001158  0.001094  0.001053  0.000941  0.000877  0.000862  0.000836  0.000755  0.000735  0.000652  0.000580  0.000538  0.000497  0.000495
A54g-10  0.005989  0.006018  0.005764  0.005621  0.005644  0.005459  0.005281  0.005182  0.005071  0.004906  0.004622  0.004310  0.004136  0.004029  0.003971  0.003969  0.003894  0.003768  0.003469  0.003422  0.003341  0.003359  0.003255  0.002893  0.002788  0.002631  0.002441  0.002378  0.002233  0.002116  0.002043  0.001830  0.001714  0.001693  0.001650  0.001500  0.001469  0.001318  0.001187  0.001115  0.001046  0.001050
A54g-11  4.282849  4.266682  4.214560  4.176390  4.160183  4.116594  4.073737  4.041497  4.007550  3.966039  3.907170  3.843508  3.799328  3.764716  3.737383  3.718937  3.689452  3.651738  3.585613  3.559819  3.528544  3.514232  3.478963  3.397378  3.360446  3.313323  3.259192  3.228481  3.181168  3.138418  3.104128  3.039403  2.993710  2.968452  2.937919  2.881261  2.851979  2.791544  2.734099  2.689828  2.644872  2.619703
A54g-12  0.000892  0.000908  0.000873  0.000857  0.000871  0.000847  0.000825  0.000816  0.000805  0.000784  0.000740  0.000691  0.000666  0.000654  0.000651  0.000659  0.000653  0.000636  0.000585  0.000583  0.000574  0.000584  0.000570  0.000503  0.000487  0.000460  0.000426  0.000418  0.000391  0.000370  0.000358  0.000315  0.000291  0.000289  0.000282  0.000248  0.000242  0.000206  0.000173  0.000154  0.000135  0.000134
A54g-13  0.000618  0.000636  0.000616  0.000610  0.000626  0.000614  0.000603  0.000602  0.000599  0.000589  0.000560  0.000527  0.000513  0.000508  0.000511  0.000522  0.000523  0.000514  0.000477  0.000480  0.000478  0.000492  0.000485  0.000432  0.000423  0.000404  0.000378  0.000375  0.000355  0.000340  0.000332  0.000296  0.000277  0.000278  0.000274  0.000244  0.000241  0.000208  0.000178  0.000160  0.000142  0.000141
A54g-14  0.013426  0.013568  0.013267  0.013135  0.013268  0.013065  0.012869  0.012800  0.012708  0.012521  0.012121  0.011661  0.011437  0.011326  0.011301  0.011382  0.011326  0.011169  0.010665  0.010648  0.010562  0.010679  0.010540  0.009841  0.009679  0.009392  0.009019  0.008925  0.008630  0.008388  0.008245  0.007736  0.007453  0.007412  0.007306  0.006887  0.006792  0.006324  0.005891  0.005612  0.005324  0.005268
A54g-15  0.004565  0.004611  0.004477  0.004412  0.004455  0.004361  0.004271  0.004233  0.004185  0.004099  0.003930  0.003737  0.003638  0.003585  0.003567  0.003589  0.003558  0.003488  0.003284  0.003269  0.003228  0.003264  0.003203  0.002929  0.002860  0.002745  0.002598  0.002557  0.002441  0.002346  0.002288  0.002096  0.001988  0.001970  0.001928  0.001773  0.001737  0.001567  0.001411  0.001312  0.001210  0.001191
A54g-16  0.007564  0.007625  0.007410  0.007301  0.007357  0.007205  0.007058  0.006990  0.006908  0.006769  0.006502  0.006201  0.006043  0.005955  0.005919  0.005946  0.005892  0.005778  0.005462  0.005433  0.005364  0.005413  0.005314  0.004895  0.004785  0.004606  0.004380  0.004314  0.004135  0.003988  0.003897  0.003605  0.003441  0.003411  0.003345  0.003111  0.003055  0.002800  0.002566  0.002417  0.002264  0.002236
A54g-17  0.000359  0.000365  0.000343  0.000333  0.000338  0.000323  0.000309  0.000302  0.000295  0.000282  0.000258  0.000231  0.000218  0.000210  0.000207  0.000209  0.000205  0.000196  0.000170  0.000168  0.000163  0.000167  0.000160  0.000129  0.000122  0.000110  0.000095  0.000092  0.000081  0.000073  0.000069  0.000052  0.000044  0.000045  0.000043  0.000033  0.000032  0.000022  0.000014  0.000010  0.000007  0.000010
A54g-18  0.006008  0.006035  0.005784  0.005641  0.005662  0.005479  0.005302  0.005204  0.005093  0.004930  0.004649  0.004342  0.004170  0.004064  0.004005  0.004002  0.003928  0.003803  0.003508  0.003461  0.003380  0.003397  0.003294  0.002938  0.002835  0.002679  0.002493  0.002431  0.002288  0.002172  0.002100  0.001891  0.001777  0.001756  0.001714  0.001566  0.001536  0.001388  0.001261  0.001190  0.001123  0.001127
A54g-19  0.008769  0.008827  0.008600  0.008482  0.008536  0.008373  0.008215  0.008138  0.008048  0.007896  0.007608  0.007282  0.007107  0.007005  0.006959  0.006981  0.006916  0.006786  0.006433  0.006393  0.006310  0.006356  0.006239  0.005762  0.005630  0.005418  0.005151  0.005064  0.004848  0.004666  0.004549  0.004195  0.003988  0.003937  0.003844  0.003549  0.003464  0.003139  0.002836  0.002633  0.002424  0.002365
A54g-20  0.001253  0.001276  0.001213  0.001184  0.001204  0.001161  0.001120  0.001102  0.001080  0.001042  0.000969  0.000888  0.000847  0.000825  0.000817  0.000825  0.000812  0.000783  0.000705  0.000699  0.000682  0.000693  0.000669  0.000575  0.000551  0.000513  0.000467  0.000454  0.000420  0.000393  0.000377  0.000327  0.000301  0.000298  0.000290  0.000257  0.000252  0.000219  0.000193  0.000180  0.000168  0.000172
A54g-21  0.005398  0.005431  0.005296  0.005225  0.005255  0.005158  0.005063  0.005017  0.004962  0.004871  0.004699  0.004503  0.004398  0.004336  0.004307  0.004319  0.004279  0.004200  0.003988  0.003963  0.003912  0.003938  0.003867  0.003580  0.003499  0.003370  0.003208  0.003154  0.003023  0.002911  0.002838  0.002624  0.002497  0.002463  0.002405  0.002225  0.002171  0.001972  0.001786  0.001660  0.001530  0.001492
A54g-24  0.007856  0.007719  0.007321  0.007030  0.006897  0.006576  0.006265  0.006031  0.005789  0.005503  0.005117  0.004712  0.004435  0.004221  0.004051  0.003933  0.003757  0.003542  0.003190  0.003049  0.002885  0.002803  0.002628  0.002262  0.002099  0.001903  0.001691  0.001576  0.001409  0.001268  0.001163  0.000974  0.000856  0.000803  0.000742  0.000626  0.000584  0.000487  0.000413  0.000377  0.000351  0.000363
A54g-25  0.091315  0.091046  0.088453  0.086770  0.086488  0.084468  0.082506  0.081216  0.079824  0.077973  0.075076  0.071916  0.069959  0.068587  0.067653  0.067241  0.066180  0.064647  0.061498  0.060679  0.059553  0.059381  0.058039  0.054164  0.052777  0.050854  0.048581  0.047580  0.045717  0.044118  0.042975  0.040298  0.038627  0.038000  0.037120  0.034978  0.034197  0.031942  0.029876  0.028466  0.027056  0.026576
A54g-33  0.003457  0.003361  0.003132  0.002960  0.002869  0.002684  0.002507  0.002370  0.002230  0.002071  0.001867  0.001659  0.001513  0.001398  0.001304  0.001234  0.001141  0.001032  0.000872  0.000800  0.000721  0.000675  0.000596  0.000455  0.000389  0.000317  0.000245  0.000206  0.000158  0.000121  0.000097  0.000065  0.000053  0.000054  0.000058  0.000065  0.000065  0.000065  0.000065  0.000065  0.000065  0.000065
A54g-34  0.003445  0.003349  0.003119  0.002947  0.002855  0.002670  0.002493  0.002354  0.002214  0.002055  0.001851  0.001644  0.001498  0.001382  0.001288  0.001218  0.001124  0.001016  0.000857  0.000785  0.000706  0.000659  0.000580  0.000441  0.000376  0.000304  0.000234  0.000195  0.000148  0.000112  0.000089  0.000059  0.000048  0.000050  0.000055  0.000059  0.000059  0.000059  0.000059  0.000059  0.000059  0.000059
A54g-45  0.000588  0.000609  0.000573  0.000558  0.000576  0.000553  0.000530  0.000523  0.000513  0.000493  0.000450  0.000402  0.000380  0.000370  0.000369  0.000377  0.000372  0.000357  0.000313  0.000312  0.000305  0.000313  0.000302  0.000249  0.000238  0.000219  0.000195  0.000191  0.000174  0.000162  0.000157  0.000133  0.000123  0.000124  0.000123  0.000110  0.000111  0.000101  0.000094  0.000093  0.000094  0.000100
A54g-47  0.002988  0.003021  0.002932  0.002889  0.002919  0.002857  0.002797  0.002772  0.002741  0.002684  0.002569  0.002437  0.002370  0.002334  0.002322  0.002339  0.002319  0.002271  0.002129  0.002119  0.002091  0.002118  0.002076  0.001882  0.001834  0.001753  0.001648  0.001619  0.001536  0.001467  0.001425  0.001286  0.001207  0.001193  0.001162  0.001047  0.001019  0.000893  0.000776  0.000700  0.000622  0.000605
A54g-48  0.001136  0.001152  0.001119  0.001104  0.001119  0.001097  0.001075  0.001067  0.001057  0.001036  0.000992  0.000940  0.000915  0.000903  0.000901  0.000910  0.000904  0.000887  0.000831  0.000829  0.000820  0.000833  0.000818  0.000740  0.000723  0.000691  0.000650  0.000640  0.000608  0.000581  0.000566  0.000510  0.000479  0.000475  0.000464  0.000418  0.000408  0.000357  0.000310  0.000280  0.000249  0.000243
A54g-49  0.003272  0.003342  0.003297  0.003296  0.003364  0.003344  0.003325  0.003339  0.003347  0.003330  0.003255  0.003163  0.003133  0.003134  0.003159  0.003212  0.003228  0.003216  0.003107  0.003133  0.003139  0.003203  0.003194  0.003025  0.003007  0.002954  0.002875  0.002876  0.002818  0.002775  0.002760  0.002636  0.002579  0.002593  0.002587  0.002486  0.002482  0.002364  0.002255  0.002192  0.002126  0.002131
A54g-52  0.030818  0.031033  0.030192  0.029756  0.029953  0.029353  0.028774  0.028495  0.028165  0.027618  0.026581  0.025413  0.024793  0.024438  0.024281  0.024365  0.024140  0.023687  0.022464  0.022333  0.022052  0.022219  0.021824  0.020206  0.019771  0.019070  0.018189  0.017917  0.017217  0.016637  0.016273  0.015142  0.014496  0.014361  0.014094  0.013183  0.012948  0.011957  0.011046  0.010459  0.009860  0.009731
A54g-56  0.000635  0.000652  0.000624  0.000613  0.000628  0.000611  0.000594  0.000589  0.000582  0.000566  0.000531  0.000492  0.000474  0.000466  0.000465  0.000474  0.000471  0.000459  0.000418  0.000418  0.000413  0.000423  0.000413  0.000360  0.000349  0.000329  0.000303  0.000298  0.000279  0.000264  0.000256  0.000224  0.000208  0.000208  0.000204  0.000180  0.000177  0.000152  0.000130  0.000118  0.000106  0.000107
A54g-57  0.000590  0.000610  0.000585  0.000578  0.000596  0.000581  0.000567  0.000565  0.000561  0.000548  0.000516  0.000478  0.000463  0.000457  0.000459  0.000470  0.000469  0.000460  0.000421  0.000424  0.000420  0.000433  0.000425  0.000373  0.000364  0.000346  0.000322  0.000318  0.000301  0.000287  0.000281  0.000250  0.000235  0.000237  0.000234  0.000212  0.000210  0.000186  0.000166  0.000155  0.000144  0.000146
A54g-58  0.001116  0.001142  0.001087  0.001062  0.001085  0.001048  0.001012  0.000999  0.000982  0.000949  0.000883  0.000809  0.000773  0.000755  0.000751  0.000761  0.000751  0.000726  0.000655  0.000651  0.000637  0.000650  0.000630  0.000541  0.000521  0.000486  0.000443  0.000433  0.000401  0.000376  0.000363  0.000315  0.000290  0.000289  0.000282  0.000250  0.000246  0.000214  0.000188  0.000175  0.000163  0.000167
A54g-59  0.006513  0.006472  0.006199  0.006018  0.005976  0.005763  0.005557  0.005418  0.005270  0.005079  0.004791  0.004482  0.004288  0.004149  0.004052  0.004002  0.003893  0.003744  0.003455  0.003372  0.003264  0.003237  0.003112  0.002779  0.002656  0.002492  0.002304  0.002219  0.002069  0.001943  0.001854  0.001655  0.001534  0.001491  0.001431  0.001288  0.001241  0.001100  0.000978  0.000903  0.000832  0.000821
A54g-60  0.006594  0.006501  0.006175  0.005943  0.005851  0.005590  0.005339  0.005154  0.004962  0.004730  0.004407  0.004067  0.003840  0.003668  0.003536  0.003450  0.003310  0.003135  0.002835  0.002725  0.002593  0.002535  0.002392  0.002073  0.001939  0.001773  0.001590  0.001497  0.001354  0.001233  0.001145  0.000978  0.000874  0.000831  0.000779  0.000673  0.000637  0.000546  0.000474  0.000436  0.000408  0.000416
A54g-69  0.007765  0.007656  0.007266  0.006990  0.006883  0.006572  0.006272  0.006053  0.005825  0.005548  0.005163  0.004756  0.004486  0.004282  0.004127  0.004025  0.003860  0.003651  0.003294  0.003164  0.003009  0.002940  0.002771  0.002392  0.002234  0.002038  0.001823  0.001713  0.001544  0.001403  0.001301  0.001105  0.000985  0.000936  0.000876  0.000755  0.000714  0.000611  0.000531  0.000492  0.000463  0.000475
A54h-02  0.001018  0.001031  0.000985  0.000961  0.000973  0.000940  0.000909  0.000894  0.000877  0.000848  0.000793  0.000732  0.000701  0.000683  0.000676  0.000680  0.000669  0.000647  0.000587  0.000581  0.000568  0.000575  0.000557  0.000482  0.000463  0.000432  0.000394  0.000383  0.000355  0.000331  0.000318  0.000274  0.000250  0.000247  0.000239  0.000207  0.000201  0.000169  0.000140  0.000125  0.000109  0.000110
A54h-03  0.003956  0.003954  0.003794  0.003696  0.003692  0.003571  0.003455  0.003383  0.003305  0.003196  0.003020  0.002828  0.002715  0.002639  0.002591  0.002576  0.002519  0.002433  0.002248  0.002207  0.002147  0.002146  0.002073  0.001849  0.001776  0.001671  0.001547  0.001498  0.001400  0.001318  0.001263  0.001123  0.001040  0.001016  0.000978  0.000874  0.000843  0.000736  0.000642  0.000583  0.000526  0.000515
A54h-04  0.119089  0.117688  0.113683  0.110727  0.109365  0.106074  0.102871  0.100442  0.097920  0.094911  0.090771  0.086373  0.083329  0.080952  0.079076  0.077789  0.075814  0.073350  0.069167  0.067526  0.065575  0.064665  0.062527  0.057732  0.055607  0.052945  0.049948  0.048310  0.045804  0.043602  0.041900  0.038656  0.036478  0.035390  0.034069  0.031513  0.030351  0.027760  0.025397  0.023720  0.022078  0.021368
A54h-05  0.011061  0.011159  0.010877  0.010741  0.010832  0.010636  0.010447  0.010366  0.010266  0.010087  0.009729  0.009322  0.009114  0.009003  0.008963  0.009012  0.008947  0.008798  0.008366  0.008334  0.008247  0.008325  0.008195  0.007612  0.007465  0.007220  0.006906  0.006819  0.006571  0.006367  0.006243  0.005831  0.005599  0.005559  0.005468  0.005135  0.005055  0.004688  0.004351  0.004134  0.003912  0.003869
A54h-06  0.019613  0.019487  0.018577  0.017979  0.017845  0.017141  0.016462  0.016005  0.015517  0.014890  0.013949  0.012945  0.012318  0.011872  0.011559  0.011396  0.011047  0.010570  0.009659  0.009396  0.009053  0.008961  0.008568  0.007556  0.007181  0.006688  0.006131  0.005880  0.005447  0.005087  0.004836  0.004289  0.003967  0.003858  0.003708  0.003351  0.003245  0.002918  0.002653  0.002511  0.002391  0.002408
A54h-07  0.028675  0.028357  0.027321  0.026573  0.026262  0.025421  0.024604  0.023998  0.023365  0.022600  0.021525  0.020380  0.019605  0.019011  0.018553  0.018254  0.017767  0.017147  0.016063  0.015666  0.015184  0.014982  0.014449  0.013204  0.012675  0.012004  0.011244  0.010846  0.010218  0.009671  0.009257  0.008438  0.007900  0.007649  0.007338  0.006704  0.006435  0.005796  0.005219  0.004821  0.004434  0.004286
A54h-08  0.000544  0.000564  0.000540  0.000532  0.000550  0.000536  0.000522  0.000520  0.000516  0.000503  0.000470  0.000433  0.000417  0.000412  0.000414  0.000425  0.000424  0.000414  0.000376  0.000378  0.000375  0.000387  0.000379  0.000328  0.000319  0.000300  0.000276  0.000273  0.000255  0.000242  0.000235  0.000204  0.000190  0.000191  0.000188  0.000166  0.000164  0.000140  0.000119  0.000108  0.000097  0.000099
A54h-10  0.002644  0.002631  0.002473  0.002372  0.002356  0.002236  0.002121  0.002045  0.001963  0.001857  0.001697  0.001527  0.001423  0.001351  0.001300  0.001275  0.001218  0.001140  0.000993  0.000951  0.000896  0.000879  0.000816  0.000663  0.000606  0.000533  0.000453  0.000417  0.000358  0.000310  0.000277  0.000212  0.000176  0.000165  0.000150  0.000119  0.000112  0.000093  0.000084  0.000088  0.000097  0.000112
A54h-11  0.000236  0.000249  0.000242  0.000243  0.000256  0.000253  0.000251  0.000254  0.000257  0.000255  0.000242  0.000227  0.000223  0.000224  0.000229  0.000240  0.000243  0.000242  0.000224  0.000229  0.000231  0.000243  0.000243  0.000215  0.000213  0.000204  0.000192  0.000193  0.000184  0.000178  0.000176  0.000156  0.000147  0.000151  0.000151  0.000135  0.000135  0.000116  0.000099  0.000089  0.000079  0.000081
A54h-12  0.006453  0.006593  0.006386  0.006312  0.006440  0.006310  0.006187  0.006159  0.006113  0.005998  0.005728  0.005420  0.005283  0.005229  0.005234  0.005312  0.005293  0.005205  0.004886  0.004894  0.004857  0.004950  0.004877  0.004449  0.004366  0.004207  0.003999  0.003963  0.003808  0.003687  0.003626  0.003358  0.003223  0.003226  0.003193  0.002992  0.002969  0.002752  0.002560  0.002452  0.002343  0.002351
A54i-01  0.006036  0.006180  0.005975  0.005902  0.006035  0.005907  0.005785  0.005760  0.005716  0.005603  0.005333  0.005022  0.004886  0.004833  0.004842  0.004923  0.004907  0.004820  0.004496  0.004507  0.004471  0.004570  0.004498  0.004060  0.003976  0.003814  0.003600  0.003565  0.003406  0.003282  0.003220  0.002940  0.002800  0.002804  0.002770  0.002559  0.002534  0.002304  0.002099  0.001983  0.001865  0.001872
A54i-02  0.093446  0.093567  0.091390  0.090098  0.090193  0.088547  0.086945  0.086008  0.084959  0.083430  0.080815  0.077904  0.076208  0.075104  0.074447  0.074332  0.073529  0.072214  0.069157  0.068571  0.067644  0.067743  0.066563  0.062581  0.061303  0.059410  0.057099  0.056193  0.054293  0.052667  0.051542  0.048619  0.046826  0.046234  0.045330  0.042899  0.042067  0.039427  0.036969  0.035278  0.033552  0.032961
A54i-03  0.083009  0.083585  0.081952  0.081162  0.081702  0.080562  0.079458  0.078990  0.078408  0.077358  0.075250  0.072846  0.071612  0.070947  0.070710  0.070997  0.070609  0.069718  0.067118  0.066925  0.066393  0.066862  0.066072  0.062524  0.061622  0.060108  0.058174  0.057618  0.056074  0.054792  0.054000  0.051415  0.049943  0.049659  0.049057  0.046924  0.046381  0.044020  0.041830  0.040399  0.038924  0.038584
A54i-05  1.023227  1.022914  1.004518  0.993089  0.992606  0.978388  0.964508  0.955889  0.946380  0.933076  0.911133  0.886811  0.872133  0.862160  0.855745  0.853667  0.846101  0.834452  0.808833  0.802990  0.794421  0.794106  0.783507  0.750318  0.738888  0.722486  0.702676  0.694209  0.677684  0.663356  0.653094  0.628166  0.612403  0.606436  0.597907  0.576866  0.568902  0.546074  0.524692  0.509584  0.494153  0.488080
A54i-06  0.000641  0.000658  0.000630  0.000619  0.000634  0.000616  0.000599  0.000594  0.000587  0.000571  0.000536  0.000496  0.000478  0.000470  0.000470  0.000478  0.000474  0.000462  0.000422  0.000422  0.000416  0.000426  0.000416  0.000364  0.000353  0.000334  0.000308  0.000303  0.000284  0.000270  0.000262  0.000230  0.000215  0.000215  0.000211  0.000188  0.000185  0.000161  0.000140  0.000129  0.000117  0.000119
A54i-07  0.017039  0.016996  0.016342  0.015929  0.015879  0.015379  0.014896  0.014587  0.014251  0.013801  0.013091  0.012320  0.011854  0.011535  0.011324  0.011239  0.010997  0.010641  0.009904  0.009725  0.009474  0.009445  0.009144  0.008269  0.007968  0.007550  0.007061  0.006857  0.006468  0.006142  0.005919  0.005376  0.005053  0.004950  0.004798  0.004397  0.004273  0.003868  0.003511  0.003288  0.003073  0.003033
A54i-08  0.013310  0.013368  0.013002  0.012799  0.012850  0.012582  0.012323  0.012184  0.012026  0.011780  0.011338  0.010845  0.010571  0.010405  0.010318  0.010328  0.010214  0.010010  0.009497  0.009422  0.009287  0.009333  0.009154  0.008485  0.008290  0.007989  0.007617  0.007489  0.007189  0.006939  0.006775  0.006304  0.006028  0.005958  0.005834  0.005454  0.005344  0.004932  0.004553  0.004304  0.004050  0.003985
A54i-10  0.050460  0.050628  0.049444  0.048778  0.048929  0.048051  0.047196  0.046733  0.046202  0.045384  0.043917  0.042269  0.041342  0.040765  0.040454  0.040466  0.040065  0.039355  0.037593  0.037315  0.036830  0.036964  0.036323  0.033979  0.033271  0.032186  0.030841  0.030349  0.029248  0.028309  0.027676  0.025932  0.024878  0.024562  0.024050  0.022589  0.022116  0.020515  0.019020  0.017998  0.016948  0.016606
A54i-11  0.001381  0.001395  0.001356  0.001338  0.001351  0.001324  0.001298  0.001288  0.001274  0.001249  0.001199  0.001141  0.001111  0.001095  0.001090  0.001096  0.001087  0.001065  0.001002  0.000997  0.000984  0.000995  0.000976  0.000888  0.000865  0.000827  0.000778  0.000764  0.000725  0.000692  0.000671  0.000605  0.000567  0.000559  0.000543  0.000487  0.000472  0.000410  0.000352  0.000314  0.000274  0.000263
A54i-13  0.000530  0.000550  0.000525  0.000517  0.000535  0.000520  0.000506  0.000503  0.000499  0.000485  0.000453  0.000416  0.000400  0.000395  0.000396  0.000407  0.000405  0.000395  0.000358  0.000360  0.000356  0.000367  0.000359  0.000310  0.000301  0.000283  0.000259  0.000256  0.000239  0.000226  0.000220  0.000191  0.000177  0.000178  0.000175  0.000155  0.000153  0.000131  0.000112  0.000103  0.000093  0.000095
A54i-14  0.002004  0.002027  0.001935  0.001887  0.001906  0.001841  0.001778  0.001747  0.001711  0.001653  0.001547  0.001429  0.001367  0.001332  0.001315  0.001321  0.001297  0.001252  0.001139  0.001126  0.001099  0.001110  0.001073  0.000935  0.000898  0.000840  0.000770  0.000748  0.000695  0.000653  0.000627  0.000548  0.000506  0.000500  0.000485  0.000430  0.000420  0.000365  0.000319  0.000294  0.000270  0.000273
A54i-18  0.001032  0.001040  0.000994  0.000969  0.000976  0.000943  0.000911  0.000895  0.000875  0.000846  0.000793  0.000735  0.000704  0.000685  0.000675  0.000677  0.000664  0.000641  0.000585  0.000577  0.000562  0.000567  0.000547  0.000478  0.000459  0.000429  0.000393  0.000381  0.000354  0.000331  0.000317  0.000276  0.000253  0.000249  0.000240  0.000211  0.000204  0.000174  0.000148  0.000133  0.000118  0.000118
A54i-22  0.029330  0.029367  0.028653  0.028230  0.028258  0.027722  0.027201  0.026896  0.026556  0.026063  0.025225  0.024297  0.023759  0.023410  0.023204  0.023168  0.022916  0.022505  0.021552  0.021372  0.021087  0.021120  0.020758  0.019539  0.019154  0.018584  0.017890  0.017625  0.017062  0.016585  0.016261  0.015405  0.014889  0.014731  0.014483  0.013790  0.013568  0.012824  0.012139  0.011681  0.011217  0.011079
A54i-23  0.002507  0.002504  0.002385  0.002312  0.002306  0.002217  0.002131  0.002077  0.002018  0.001938  0.001812  0.001676  0.001595  0.001541  0.001505  0.001492  0.001450  0.001390  0.001265  0.001235  0.001193  0.001188  0.001138  0.000995  0.000947  0.000881  0.000805  0.000774  0.000715  0.000667  0.000635  0.000557  0.000513  0.000501  0.000482  0.000431  0.000418  0.000371  0.000332  0.000311  0.000294  0.000297
A54i-24  0.005375  0.005346  0.005110  0.004955  0.004924  0.004742  0.004565  0.004448  0.004322  0.004158  0.003910  0.003642  0.003477  0.003360  0.003279  0.003240  0.003149  0.003022  0.002775  0.002707  0.002616  0.002596  0.002490  0.002207  0.002105  0.001968  0.001810  0.001740  0.001617  0.001513  0.001441  0.001277  0.001180  0.001147  0.001101  0.000987  0.000952  0.000842  0.000749  0.000694  0.000643  0.000639
A54i-25  0.000708  0.000726  0.000699  0.000689  0.000705  0.000688  0.000671  0.000668  0.000661  0.000646  0.000611  0.000571  0.000553  0.000545  0.000546  0.000555  0.000553  0.000541  0.000499  0.000500  0.000495  0.000507  0.000497  0.000441  0.000430  0.000409  0.000382  0.000377  0.000357  0.000341  0.000333  0.000297  0.000279  0.000279  0.000275  0.000248  0.000245  0.000216  0.000191  0.000176  0.000161  0.000162
A54j-01  0.001233  0.001247  0.001208  0.001189  0.001201  0.001174  0.001147  0.001136  0.001122  0.001097  0.001048  0.000991  0.000963  0.000947  0.000941  0.000948  0.000939  0.000918  0.000858  0.000854  0.000842  0.000853  0.000835  0.000754  0.000734  0.000700  0.000656  0.000644  0.000610  0.000581  0.000564  0.000507  0.000475  0.000470  0.000457  0.000411  0.000400  0.000349  0.000303  0.000273  0.000242  0.000236
A54j-02  0.469547  0.472209  0.466631  0.464186  0.466715  0.462940  0.459282  0.458009  0.456299  0.452805  0.445266  0.436563  0.432292  0.430178  0.429698  0.431231  0.430166  0.427149  0.417485  0.417130  0.415455  0.417685  0.414989  0.401427  0.398229  0.392595  0.385261  0.383360  0.377511  0.372676  0.369778  0.359651  0.353949  0.353018  0.350792  0.342323  0.340285  0.330793  0.321943  0.316163  0.310159  0.308821
A54j-03  0.115094  0.115963  0.114310  0.113615  0.114444  0.113339  0.112269  0.111930  0.111457  0.110433  0.108161  0.105527  0.104257  0.103650  0.103548  0.104068  0.103784  0.102895  0.099943  0.099876  0.099399  0.100135  0.099339  0.095157  0.094199  0.092479  0.090225  0.089666  0.087870  0.086388  0.085511  0.082364  0.080601  0.080334  0.079659  0.077017  0.076397  0.073424  0.070648  0.068838  0.066952  0.066541
A54j-04  0.004293  0.004227  0.004030  0.003887  0.003824  0.003664  0.003510  0.003395  0.003276  0.003134  0.002938  0.002731  0.002591  0.002483  0.002400  0.002344  0.002257  0.002147  0.001961  0.001892  0.001809  0.001773  0.001683  0.001479  0.001394  0.001286  0.001167  0.001106  0.001011  0.000930  0.000870  0.000753  0.000679  0.000648  0.000610  0.000529  0.000500  0.000424  0.000359  0.000321  0.000286  0.000283
A54j-05  0.002252  0.002284  0.002212  0.002179  0.002210  0.002161  0.002113  0.002096  0.002073  0.002028  0.001934  0.001825  0.001771  0.001745  0.001738  0.001757  0.001743  0.001705  0.001588  0.001583  0.001563  0.001589  0.001557  0.001394  0.001356  0.001289  0.001203  0.001181  0.001113  0.001057  0.001024  0.000907  0.000842  0.000833  0.000810  0.000714  0.000693  0.000586  0.000488  0.000425  0.000360  0.000349
A54j-07  0.013028  0.012759  0.012153  0.011689  0.011433  0.010933  0.010448  0.010066  0.009676  0.009230  0.008649  0.008044  0.007611  0.007264  0.006982  0.006772  0.006483  0.006143  0.005611  0.005376  0.005111  0.004965  0.004686  0.004128  0.003866  0.003554  0.003216  0.003025  0.002753  0.002520  0.002342  0.002026  0.001821  0.001723  0.001611  0.001399  0.001315  0.001123  0.000963  0.000869  0.000788  0.000784
A54j-08  0.002407  0.002427  0.002348  0.002307  0.002325  0.002269  0.002215  0.002189  0.002159  0.002109  0.002014  0.001909  0.001854  0.001823  0.001809  0.001816  0.001797  0.001757  0.001651  0.001640  0.001617  0.001631  0.001598  0.001462  0.001427  0.001370  0.001299  0.001278  0.001223  0.001178  0.001152  0.001065  0.001017  0.001010  0.000992  0.000926  0.000913  0.000843  0.000780  0.000743  0.000705  0.000702
A54j-09  0.000677  0.000680  0.000656  0.000642  0.000645  0.000627  0.000610  0.000600  0.000590  0.000573  0.000544  0.000511  0.000493  0.000481  0.000475  0.000476  0.000468  0.000455  0.000421  0.000416  0.000407  0.000410  0.000398  0.000353  0.000340  0.000320  0.000296  0.000287  0.000268  0.000251  0.000240  0.000209  0.000191  0.000186  0.000178  0.000153  0.000146  0.000119  0.000094  0.000078  0.000061  0.000057
A54k-02  0.001734  0.001730  0.001608  0.001533  0.001526  0.001436  0.001349  0.001295  0.001237  0.001159  0.001040  0.000914  0.000841  0.000792  0.000761  0.000748  0.000711  0.000660  0.000559  0.000535  0.000502  0.000496  0.000459  0.000361  0.000330  0.000290  0.000247  0.000233  0.000206  0.000188  0.000180  0.000158  0.000153  0.000160  0.000167  0.000174  0.000188  0.000188  0.000188  0.000188  0.000188  0.000188
A54l-02  0.007788  0.007878  0.007674  0.007582  0.007667  0.007528  0.007393  0.007344  0.007279  0.007151  0.006880  0.006570  0.006417  0.006339  0.006319  0.006370  0.006329  0.006221  0.005882  0.005867  0.005807  0.005881  0.005786  0.005316  0.005205  0.005010  0.004758  0.004692  0.004492  0.004327  0.004229  0.003886  0.003694  0.003664  0.003590  0.003307  0.003241  0.002926  0.002633  0.002444  0.002248  0.002208
A54l-03  0.015581  0.015609  0.015112  0.014818  0.014841  0.014468  0.014107  0.013897  0.013662  0.013321  0.012739  0.012095  0.011723  0.011484  0.011344  0.011323  0.011152  0.010869  0.010210  0.010090  0.009896  0.009924  0.009677  0.008835  0.008572  0.008182  0.007706  0.007528  0.007144  0.006820  0.006602  0.006015  0.005665  0.005563  0.005399  0.004928  0.004782  0.004277  0.003812  0.003505  0.003194  0.003109
A54l-04  0.604907  0.606758  0.595993  0.590043  0.591727  0.583766  0.575998  0.571897  0.567139  0.559663  0.546009  0.530591  0.521969  0.516662  0.513868  0.514166  0.510505  0.503868  0.487082  0.484546  0.480005  0.481445  0.475368  0.452702  0.445889  0.435367  0.422264  0.417475  0.406669  0.397428  0.391158  0.373869  0.363348  0.360124  0.354937  0.340240  0.335368  0.319143  0.303913  0.293381  0.282523  0.278792
A54l-06  0.000919  0.000944  0.000912  0.000901  0.000924  0.000904  0.000886  0.000883  0.000877  0.000860  0.000817  0.000767  0.000746  0.000739  0.000741  0.000756  0.000755  0.000741  0.000689  0.000692  0.000688  0.000705  0.000694  0.000623  0.000611  0.000585  0.000551  0.000546  0.000521  0.000501  0.000492  0.000446  0.000424  0.000426  0.000421  0.000386  0.000383  0.000346  0.000312  0.000293  0.000274  0.000276
A54l-08  0.000661  0.000678  0.000655  0.000648  0.000664  0.000650  0.000636  0.000634  0.000630  0.000617  0.000585  0.000547  0.000530  0.000524  0.000525  0.000536  0.000535  0.000524  0.000481  0.000483  0.000479  0.000493  0.000483  0.000421  0.000409  0.000385  0.000353  0.000347  0.000322  0.000302  0.000291  0.000245  0.000220  0.000219  0.000211  0.000173  0.000166  0.000122  0.000081  0.000056  0.000029  0.000025
A54l-09  0.004394  0.004462  0.004337  0.004286  0.004350  0.004268  0.004190  0.004166  0.004132  0.004058  0.003894  0.003705  0.003617  0.003577  0.003573  0.003612  0.003595  0.003535  0.003333  0.003332  0.003303  0.003356  0.003306  0.003027  0.002968  0.002859  0.002716  0.002685  0.002575  0.002486  0.002437  0.002245  0.002142  0.002135  0.002102  0.001948  0.001921  0.001751  0.001595  0.001499  0.001401  0.001391
A54l-10  0.011367  0.011555  0.011269  0.011164  0.011343  0.011161  0.010986  0.010947  0.010883  0.010718  0.010325  0.009868  0.009661  0.009576  0.009583  0.009702  0.009675  0.009539  0.009034  0.009047  0.008987  0.009143  0.009026  0.008311  0.008169  0.007893  0.007525  0.007455  0.007170  0.006941  0.006818  0.006305  0.006032  0.006017  0.005932  0.005514  0.005441  0.004970  0.004536  0.004267  0.003987  0.003955
A54l-11  0.007372  0.007474  0.007283  0.007204  0.007301  0.007175  0.007055  0.007017  0.006965  0.006851  0.006598  0.006307  0.006169  0.006106  0.006098  0.006158  0.006130  0.006037  0.005721  0.005718  0.005671  0.005754  0.005673  0.005234  0.005139  0.004965  0.004737  0.004686  0.004508  0.004365  0.004284  0.003973  0.003805  0.003789  0.003733  0.003481  0.003432  0.003152  0.002894  0.002733  0.002566  0.002544
A54l-12  0.003415  0.003486  0.003402  0.003377  0.003445  0.003395  0.003346  0.003343  0.003331  0.003285  0.003163  0.003018  0.002957  0.002937  0.002948  0.002996  0.002996  0.002958  0.002794  0.002806  0.002794  0.002855  0.002823  0.002584  0.002542  0.002453  0.002332  0.002314  0.002221  0.002147  0.002109  0.001934  0.001843  0.001843  0.001818  0.001673  0.001651  0.001487  0.001335  0.001241  0.001143  0.001134
A54l-14  0.027462  0.028199  0.027825  0.027871  0.028587  0.028450  0.028326  0.028523  0.028660  0.028553  0.027895  0.027077  0.026857  0.026927  0.027219  0.027782  0.027991  0.027931  0.026963  0.027263  0.027380  0.028030  0.028005  0.026489  0.026390  0.025954  0.025282  0.025354  0.024880  0.024544  0.024471  0.023400  0.022936  0.023128  0.023139  0.022284  0.022316  0.021314  0.020396  0.019901  0.019372  0.019489
A54l-15  0.004339  0.004339  0.004174  0.004073  0.004071  0.003947  0.003827  0.003754  0.003674  0.003563  0.003380  0.003180  0.003062  0.002985  0.002938  0.002925  0.002868  0.002780  0.002586  0.002546  0.002486  0.002488  0.002414  0.002178  0.002102  0.001993  0.001863  0.001814  0.001712  0.001627  0.001570  0.001421  0.001335  0.001312  0.001274  0.001163  0.001132  0.001018  0.000916  0.000853  0.000792  0.000783
A54l-16  0.002424  0.002479  0.002409  0.002386  0.002438  0.002396  0.002355  0.002350  0.002338  0.002299  0.002201  0.002086  0.002036  0.002019  0.002026  0.002062  0.002059  0.002029  0.001901  0.001909  0.001898  0.001943  0.001917  0.001735  0.001702  0.001634  0.001543  0.001529  0.001459  0.001404  0.001376  0.001246  0.001180  0.001180  0.001163  0.001058  0.001043  0.000925  0.000816  0.000750  0.000682  0.000678
A54l-17  0.011065  0.011246  0.010956  0.010846  0.011016  0.010830  0.010652  0.010608  0.010539  0.010371  0.009979  0.009526  0.009319  0.009231  0.009233  0.009344  0.009313  0.009176  0.008681  0.008690  0.008628  0.008774  0.008656  0.007964  0.007823  0.007555  0.007200  0.007130  0.006856  0.006636  0.006517  0.006028  0.005768  0.005754  0.005674  0.005279  0.005210  0.004768  0.004362  0.004112  0.003853  0.003826
A54l-19  0.947176  0.947563  0.933088  0.924332  0.924567  0.913508  0.902722  0.896255  0.889052  0.878721  0.861277  0.841867  0.830384  0.822769  0.818076  0.816950  0.811301  0.802284  0.781753  0.777506  0.771008  0.771307  0.763126  0.736314  0.727432  0.714443  0.698635  0.692176  0.679063  0.667755  0.659795  0.639719  0.627202  0.622767  0.616211  0.599309  0.593206  0.574808  0.557595  0.545561  0.533249  0.528672
A54l-20  0.002178  0.002224  0.002121  0.002076  0.002115  0.002047  0.001982  0.001956  0.001924  0.001864  0.001743  0.001609  0.001545  0.001512  0.001503  0.001521  0.001503  0.001459  0.001331  0.001324  0.001301  0.001323  0.001287  0.001132  0.001097  0.001037  0.000963  0.000946  0.000893  0.000852  0.000831  0.000751  0.000712  0.000713  0.000704  0.000653  0.000650  0.000601  0.000563  0.000547  0.000534  0.000546
A54l-22  0.002777  0.002825  0.002783  0.002775  0.002821  0.002799  0.002777  0.002782  0.002781  0.002761  0.002696  0.002617  0.002587  0.002581  0.002594  0.002629  0.002634  0.002618  0.002526  0.002540  0.002538  0.002581  0.002567  0.002429  0.002409  0.002361  0.002293  0.002287  0.002236  0.002195  0.002178  0.002075  0.002024  0.002028  0.002017  0.001932  0.001923  0.001825  0.001734  0.001679  0.001621  0.001619
A54l-23  0.024389  0.024573  0.023926  0.023597  0.023768  0.023309  0.022864  0.022658  0.022410  0.021989  0.021173  0.020248  0.019762  0.019488  0.019374  0.019455  0.019286  0.018931  0.017944  0.017850  0.017630  0.017781  0.017468  0.016141  0.015789  0.015215  0.014488  0.014266  0.013685  0.013202  0.012898  0.011943  0.011395  0.011280  0.011051  0.010268  0.010062  0.009202  0.008406  0.007885  0.007351  0.007226
A54l-24  0.001496  0.001532  0.001459  0.001427  0.001459  0.001410  0.001364  0.001347  0.001325  0.001283  0.001195  0.001097  0.001050  0.001028  0.001023  0.001038  0.001026  0.000995  0.000901  0.000897  0.000881  0.000900  0.000874  0.000759  0.000733  0.000690  0.000635  0.000624  0.000584  0.000554  0.000539  0.000479  0.000450  0.000451  0.000445  0.000407  0.000404  0.000367  0.000338  0.000325  0.000315  0.000323
A54l-25  0.000477  0.000488  0.000460  0.000446  0.000455  0.000436  0.000417  0.000409  0.000400  0.000383  0.000350  0.000313  0.000295  0.000286  0.000282  0.000286  0.000280  0.000268  0.000234  0.000231  0.000224  0.000229  0.000219  0.000179  0.000169  0.000153  0.000134  0.000129  0.000116  0.000105  0.000100  0.000080  0.000071  0.000071  0.000069  0.000057  0.000057  0.000047  0.000039  0.000037  0.000035  0.000039
A54l-28  0.005008  0.005077  0.004947  0.004892  0.004958  0.004871  0.004788  0.004762  0.004726  0.004648  0.004475  0.004276  0.004182  0.004139  0.004134  0.004174  0.004155  0.004091  0.003877  0.003875  0.003843  0.003899  0.003844  0.003548  0.003484  0.003367  0.003214  0.003180  0.003061  0.002965  0.002911  0.002704  0.002592  0.002582  0.002546  0.002379  0.002347  0.002162  0.001992  0.001886  0.001777  0.001764
A54l-29  0.005576  0.005474  0.005148  0.004914  0.004815  0.004556  0.004308  0.004123  0.003933  0.003707  0.003399  0.003079  0.002865  0.002702  0.002576  0.002491  0.002359  0.002199  0.001935  0.001834  0.001717  0.001661  0.001537  0.001279  0.001170  0.001040  0.000903  0.000834  0.000734  0.000654  0.000599  0.000501  0.000449  0.000434  0.000418  0.000383  0.000385  0.000376  0.000386  0.000415  0.000449  0.000449
A54l-30  0.000622  0.000642  0.000608  0.000595  0.000612  0.000590  0.000570  0.000563  0.000554  0.000535  0.000494  0.000447  0.000426  0.000417  0.000416  0.000425  0.000420  0.000406  0.000361  0.000361  0.000354  0.000364  0.000352  0.000297  0.000285  0.000264  0.000238  0.000233  0.000215  0.000200  0.000193  0.000164  0.000150  0.000151  0.000148  0.000129  0.000128  0.000110  0.000095  0.000088  0.000083  0.000087
A54l-31  0.673940  0.676918  0.668406  0.664276  0.667075  0.661112  0.655326  0.652861  0.649798  0.644275  0.633179  0.620506  0.613971  0.610421  0.609130  0.610609  0.608523  0.603767  0.589929  0.588852  0.585977  0.588436  0.584183  0.565162  0.560271  0.552088  0.541625  0.538546  0.530139  0.523128  0.518747  0.504649  0.496540  0.494863  0.491457  0.479703  0.476585  0.463525  0.451359  0.443321  0.435011  0.432925
A54l-32  0.016519  0.016717  0.016215  0.015981  0.016166  0.015822  0.015491  0.015359  0.015192  0.014880  0.014241  0.013513  0.013150  0.012962  0.012906  0.013010  0.012907  0.012652  0.011880  0.011838  0.011695  0.011852  0.011631  0.010589  0.010339  0.009909  0.009357  0.009214  0.008782  0.008430  0.008222  0.007495  0.007094  0.007038  0.006892  0.006309  0.006182  0.005541  0.004953  0.004583  0.004204  0.004145
A54l-34  0.000772  0.000856  0.000799  0.000794  0.000867  0.000839  0.000814  0.000823  0.000826  0.000802  0.000725  0.000637  0.000609  0.000608  0.000626  0.000664  0.000671  0.000656  0.000575  0.000588  0.000588  0.000621  0.000609  0.000511  0.000500  0.000472  0.000437  0.000438  0.000417  0.000404  0.000403  0.000371  0.000363  0.000374  0.000380  0.000372  0.000381  0.000380  0.000387  0.000401  0.000417  0.000417
A54l-37  0.000369  0.000374  0.000359  0.000352  0.000356  0.000346  0.000336  0.000332  0.000327  0.000317  0.000299  0.000278  0.000268  0.000262  0.000260  0.000262  0.000259  0.000251  0.000229  0.000227  0.000223  0.000227  0.000220  0.000191  0.000184  0.000171  0.000156  0.000151  0.000139  0.000129  0.000123  0.000102  0.000091  0.000089  0.000085  0.000068  0.000065  0.000047  0.000030  0.000020  0.000009  0.000007
A54l-38  0.056991  0.057378  0.056447  0.056018  0.056384  0.055744  0.055125  0.054885  0.054577  0.053986  0.052755  0.051342  0.050634  0.050267  0.050160  0.050371  0.050172  0.049665  0.048115  0.048030  0.047739  0.048060  0.047610  0.045460  0.044935  0.044031  0.042864  0.042546  0.041614  0.040843  0.040373  0.038785  0.037885  0.037726  0.037367  0.036045  0.035718  0.034245  0.032875  0.031979  0.031051  0.030841
A54l-40  0.004241  0.004265  0.004094  0.003999  0.004019  0.003895  0.003775  0.003710  0.003636  0.003525  0.003328  0.003111  0.002991  0.002918  0.002880  0.002882  0.002832  0.002745  0.002530  0.002499  0.002443  0.002460  0.002386  0.002119  0.002042  0.001926  0.001783  0.001736  0.001625  0.001534  0.001477  0.001308  0.001214  0.001195  0.001158  0.001032  0.001002  0.000870  0.000753  0.000683  0.000613  0.000607
A54l-41  0.000756  0.000757  0.000731  0.000716  0.000716  0.000697  0.000678  0.000667  0.000655  0.000638  0.000609  0.000577  0.000558  0.000546  0.000539  0.000538  0.000530  0.000516  0.000485  0.000479  0.000470  0.000471  0.000459  0.000421  0.000409  0.000391  0.000370  0.000363  0.000346  0.000332  0.000323  0.000299  0.000285  0.000282  0.000276  0.000257  0.000252  0.000233  0.000216  0.000206  0.000196  0.000194
A54l-49  0.001970  0.002014  0.001911  0.001864  0.001902  0.001833  0.001767  0.001740  0.001706  0.001646  0.001526  0.001393  0.001328  0.001295  0.001285  0.001301  0.001281  0.001237  0.001112  0.001104  0.001080  0.001099  0.001063  0.000914  0.000879  0.000821  0.000750  0.000733  0.000682  0.000644  0.000623  0.000549  0.000513  0.000513  0.000505  0.000461  0.000458  0.000417  0.000385  0.000374  0.000365  0.000378
A54l-50  0.001343  0.001363  0.001273  0.001226  0.001240  0.001177  0.001117  0.001085  0.001048  0.000993  0.000897  0.000794  0.000739  0.000706  0.000688  0.000688  0.000665  0.000625  0.000536  0.000521  0.000497  0.000499  0.000467  0.000373  0.000345  0.000306  0.000262  0.000247  0.000217  0.000194  0.000181  0.000148  0.000133  0.000133  0.000130  0.000119  0.000122  0.000120  0.000125  0.000133  0.000133  0.000133
A54m-02  0.003716  0.003770  0.003632  0.003569  0.003618  0.003524  0.003435  0.003399  0.003353  0.003270  0.003103  0.002915  0.002822  0.002775  0.002761  0.002787  0.002760  0.002696  0.002509  0.002498  0.002464  0.002500  0.002447  0.002206  0.002150  0.002054  0.001934  0.001905  0.001814  0.001741  0.001701  0.001554  0.001478  0.001473  0.001451  0.001343  0.001327  0.001214  0.001115  0.001060  0.001005  0.001009
A54m-03  0.084406  0.085452  0.083740  0.083079  0.084060  0.082960  0.081906  0.081633  0.081217  0.080230  0.077958  0.075338  0.074143  0.073635  0.073639  0.074264  0.074078  0.073291  0.070483  0.070527  0.070170  0.070983  0.070318  0.066445  0.065663  0.064177  0.062216  0.061842  0.060342  0.059149  0.058516  0.055865  0.054481  0.054433  0.054029  0.051931  0.051600  0.049277  0.047160  0.045885  0.044572  0.044491
A54m-04  0.000330  0.000337  0.000321  0.000313  0.000320  0.000309  0.000299  0.000295  0.000290  0.000280  0.000260  0.000237  0.000226  0.000221  0.000220  0.000224  0.000221  0.000214  0.000191  0.000191  0.000187  0.000192  0.000186  0.000157  0.000150  0.000139  0.000125  0.000122  0.000111  0.000103  0.000098  0.000080  0.000072  0.000072  0.000070  0.000057  0.000055  0.000042  0.000030  0.000023  0.000017  0.000018
A54m-05  0.087317  0.088442  0.086970  0.086486  0.087555  0.086654  0.085792  0.085671  0.085413  0.084606  0.082565  0.080179  0.079155  0.078789  0.078918  0.079648  0.079593  0.078953  0.076335  0.076496  0.076264  0.077182  0.076646  0.072934  0.072267  0.070896  0.069043  0.068767  0.067359  0.066250  0.065700  0.063105  0.061778  0.061801  0.061461  0.059383  0.059106  0.056771  0.054632  0.053352  0.052021  0.051969
A54m-06  0.089295  0.090617  0.089154  0.088748  0.090002  0.089147  0.088334  0.088312  0.088142  0.087386  0.085315  0.082879  0.081893  0.081607  0.081844  0.082719  0.082758  0.082175  0.079500  0.079766  0.079614  0.080675  0.080199  0.076378  0.075767  0.074415  0.072558  0.072359  0.070971  0.069899  0.069412  0.066786  0.065489  0.065603  0.065336  0.063260  0.063059  0.060721  0.058590  0.057353  0.056066  0.056102
A54m-07  0.004357  0.004562  0.004444  0.004448  0.004643  0.004594  0.004549  0.004595  0.004623  0.004582  0.004390  0.004155  0.004087  0.004099  0.004170  0.004315  0.004362  0.004337  0.004072  0.004143  0.004167  0.004328  0.004313  0.003914  0.003882  0.003765  0.003590  0.003603  0.003481  0.003394  0.003373  0.003108  0.002995  0.003041  0.003044  0.002840  0.002849  0.002614  0.002403  0.002293  0.002177  0.002211
A54m-08  0.000393  0.000411  0.000396  0.000394  0.000411  0.000404  0.000397  0.000399  0.000399  0.000393  0.000371  0.000344  0.000335  0.000334  0.000339  0.000351  0.000354  0.000349  0.000320  0.000325  0.000325  0.000340  0.000336  0.000293  0.000288  0.000273  0.000253  0.000253  0.000238  0.000227  0.000223  0.000193  0.000179  0.000182  0.000181  0.000158  0.000157  0.000130  0.000106  0.000093  0.000079  0.000080
A54m-09  0.002482  0.002556  0.002481  0.002463  0.002533  0.002491  0.002451  0.002453  0.002447  0.002409  0.002302  0.002174  0.002125  0.002112  0.002128  0.002177  0.002182  0.002154  0.002013  0.002030  0.002025  0.002084  0.002061  0.001859  0.001829  0.001759  0.001662  0.001653  0.001581  0.001526  0.001502  0.001363  0.001295  0.001303  0.001291  0.001181  0.001172  0.001049  0.000936  0.000871  0.000803  0.000807
A54m-10  0.007965  0.008185  0.008059  0.008063  0.008278  0.008226  0.008178  0.008231  0.008265  0.008223  0.008005  0.007735  0.007655  0.007667  0.007751  0.007922  0.007980  0.007951  0.007629  0.007716  0.007744  0.007946  0.007929  0.007424  0.007381  0.007228  0.006996  0.007008  0.006841  0.006717  0.006682  0.006313  0.006145  0.006197  0.006187  0.005887  0.005884  0.005532  0.005207  0.005024  0.004828  0.004852
A54m-11  0.002820  0.002910  0.002848  0.002843  0.002929  0.002900  0.002872  0.002887  0.002894  0.002869  0.002770  0.002651  0.002612  0.002611  0.002640  0.002703  0.002720  0.002702  0.002567  0.002596  0.002601  0.002674  0.002661  0.002460  0.002439  0.002375  0.002283  0.002284  0.002218  0.002169  0.002152  0.002015  0.001953  0.001969  0.001964  0.001856  0.001854  0.001731  0.001619  0.001557  0.001492  0.001502
A54m-12  0.285343  0.287912  0.284882  0.283977  0.286434  0.284623  0.282890  0.282765  0.282342  0.280716  0.276376  0.271264  0.269127  0.268433  0.268828  0.270558  0.270552  0.269242  0.263522  0.263982  0.263564  0.265724  0.264622  0.256361  0.254938  0.251915  0.247783  0.247217  0.244067  0.241586  0.240370  0.234451  0.231420  0.231493  0.230721  0.225912  0.225267  0.219816  0.214793  0.211756  0.208582  0.208402
A54m-13  0.026960  0.027103  0.026252  0.025786  0.025915  0.025297  0.024701  0.024389  0.024030  0.023470  0.022455  0.021323  0.020703  0.020333  0.020149  0.020189  0.019943  0.019490  0.018328  0.018177  0.017888  0.018013  0.017624  0.016118  0.015698  0.015038  0.014218  0.013955  0.013307  0.012770  0.012431  0.011405  0.010819  0.010696  0.010456  0.009644  0.009439  0.008563  0.007766  0.007259  0.006746  0.006651
A54m-14  0.000244  0.000257  0.000242  0.000237  0.000249  0.000240  0.000232  0.000231  0.000229  0.000221  0.000202  0.000180  0.000171  0.000168  0.000170  0.000177  0.000177  0.000171  0.000149  0.000151  0.000150  0.000157  0.000153  0.000125  0.000121  0.000111  0.000099  0.000098  0.000089  0.000083  0.000080  0.000065  0.000059  0.000061  0.000061  0.000051  0.000052  0.000042  0.000034  0.000031  0.000028  0.000031
A54m-15  0.052732  0.053161  0.051788  0.051108  0.051504  0.050547  0.049625  0.049216  0.048719  0.047856  0.046169  0.044266  0.043289  0.042761  0.042566  0.042773  0.042463  0.041773  0.039803  0.039656  0.039258  0.039605  0.039019  0.036419  0.035776  0.034697  0.033328  0.032961  0.031897  0.031032  0.030522  0.028770  0.027812  0.027684  0.027342  0.025970  0.025686  0.024197  0.022846  0.022015  0.021171  0.021077
A54m-16  0.039336  0.039106  0.037693  0.036751  0.036524  0.035421  0.034354  0.033632  0.032863  0.031871  0.030367  0.028744  0.027726  0.027004  0.026501  0.026258  0.025701  0.024922  0.023375  0.022956  0.022395  0.022291  0.021638  0.019807  0.019155  0.018262  0.017220  0.016774  0.015942  0.015242  0.014757  0.013598  0.012901  0.012676  0.012346  0.011480  0.011214  0.010330  0.009545  0.009054  0.008576  0.008493
A54m-17  0.004753  0.004860  0.004736  0.004700  0.004803  0.004729  0.004658  0.004654  0.004638  0.004572  0.004393  0.004182  0.004095  0.004067  0.004084  0.004157  0.004158  0.004105  0.003869  0.003889  0.003873  0.003963  0.003919  0.003577  0.003519  0.003394  0.003223  0.003201  0.003071  0.002969  0.002919  0.002674  0.002549  0.002553  0.002522  0.002323  0.002297  0.002071  0.001863  0.001737  0.001606  0.001599
A54m-18  0.009000  0.009311  0.009058  0.009018  0.009311  0.009179  0.009056  0.009090  0.009094  0.008981  0.008609  0.008167  0.008011  0.007992  0.008075  0.008280  0.008321  0.008241  0.007760  0.007844  0.007847  0.008081  0.008020  0.007328  0.007244  0.007022  0.006706  0.006701  0.006475  0.006309  0.006250  0.005802  0.005598  0.005651  0.005635  0.005294  0.005291  0.004908  0.004565  0.004382  0.004193  0.004235
A54m-19  0.192799  0.193512  0.189821  0.187827  0.188476  0.185807  0.183225  0.181907  0.180376  0.177941  0.173464  0.168443  0.165717  0.164105  0.163327  0.163557  0.162501  0.160498  0.155273  0.154627  0.153353  0.153966  0.152225  0.145365  0.143465  0.140453  0.136693  0.135489  0.132495  0.130006  0.128427  0.123634  0.120881  0.120280  0.119123  0.115271  0.114258  0.110072  0.106229  0.103748  0.101220  0.100678
A54m-21  0.391524  0.393264  0.386871  0.383594  0.385213  0.380657  0.376242  0.374171  0.371689  0.367495  0.359421  0.350275  0.345433  0.342684  0.341512  0.342264  0.340549  0.336998  0.327202  0.326220  0.324009  0.325462  0.322319  0.309104  0.305572  0.299814  0.292533  0.290285  0.284444  0.279570  0.276491  0.266892  0.261353  0.260148  0.257794  0.249887  0.247762  0.239049  0.230969  0.225658  0.220194  0.218855
A54m-22  0.009943  0.010116  0.009700  0.009511  0.009670  0.009391  0.009123  0.009021  0.008890  0.008642  0.008135  0.007564  0.007285  0.007148  0.007115  0.007205  0.007133  0.006946  0.006369  0.006349  0.006252  0.006379  0.006225  0.005475  0.005309  0.005016  0.004642  0.004562  0.004281  0.004060  0.003943  0.003476  0.003238  0.003234  0.003170  0.002826  0.002783  0.002416  0.002093  0.001914  0.001734  0.001753
A54m-24  0.002485  0.002544  0.002448  0.002411  0.002465  0.002403  0.002345  0.002329  0.002306  0.002251  0.002126  0.001984  0.001920  0.001893  0.001893  0.001926  0.001916  0.001874  0.001727  0.001729  0.001711  0.001752  0.001717  0.001521  0.001482  0.001408  0.001311  0.001294  0.001222  0.001166  0.001137  0.001013  0.000950  0.000951  0.000935  0.000842  0.000831  0.000730  0.000640  0.000589  0.000538  0.000541
A54m-26  0.001123  0.001168  0.001138  0.001137  0.001181  0.001167  0.001154  0.001163  0.001168  0.001156  0.001105  0.001043  0.001023  0.001023  0.001039  0.001074  0.001084  0.001076  0.001002  0.001019  0.001022  0.001064  0.001058  0.000945  0.000933  0.000896  0.000843  0.000843  0.000804  0.000775  0.000764  0.000681  0.000642  0.000651  0.000646  0.000578  0.000575  0.000496  0.000422  0.000380  0.000335  0.000338
A54m-27  0.002204  0.002306  0.002208  0.002187  0.002283  0.002229  0.002178  0.002183  0.002177  0.002130  0.001991  0.001827  0.001764  0.001751  0.001774  0.001841  0.001850  0.001815  0.001638  0.001662  0.001657  0.001735  0.001708  0.001455  0.001420  0.001336  0.001218  0.001211  0.001125  0.001061  0.001035  0.000870  0.000792  0.000807  0.000797  0.000671  0.000665  0.000524  0.000397  0.000327  0.000255  0.000267
A54m-29  0.001096  0.001119  0.001034  0.000991  0.001009  0.000950  0.000894  0.000867  0.000835  0.000784  0.000695  0.000599  0.000549  0.000521  0.000509  0.000512  0.000493  0.000459  0.000379  0.000368  0.000349  0.000353  0.000328  0.000246  0.000224  0.000194  0.000159  0.000151  0.000129  0.000115  0.000109  0.000089  0.000084  0.000090  0.000094  0.000096  0.000106  0.000109  0.000109  0.000109  0.000109  0.000109
A54m-30  0.000972  0.000994  0.000910  0.000868  0.000884  0.000827  0.000772  0.000745  0.000713  0.000664  0.000579  0.000489  0.000442  0.000416  0.000404  0.000406  0.000388  0.000356  0.000286  0.000276  0.000258  0.000261  0.000238  0.000172  0.000155  0.000133  0.000109  0.000104  0.000092  0.000086  0.000086  0.000083  0.000089  0.000092  0.000092  0.000092  0.000092  0.000092  0.000092  0.000092  0.000092  0.000092
A54m-33  0.000831  0.000869  0.000837  0.000832  0.000867  0.000850  0.000834  0.000838  0.000838  0.000823  0.000778  0.000726  0.000707  0.000705  0.000714  0.000737  0.000741  0.000731  0.000676  0.000685  0.000685  0.000710  0.000703  0.000627  0.000618  0.000594  0.000561  0.000560  0.000537  0.000520  0.000515  0.000470  0.000451  0.000458  0.000457  0.000426  0.000427  0.000393  0.000363  0.000349  0.000335  0.000342
A54m-34  0.000963  0.000983  0.000956  0.000947  0.000966  0.000949  0.000933  0.000930  0.000925  0.000910  0.000872  0.000827  0.000807  0.000800  0.000802  0.000815  0.000813  0.000801  0.000750  0.000753  0.000748  0.000765  0.000754  0.000681  0.000667  0.000640  0.000602  0.000596  0.000567  0.000544  0.000532  0.000479  0.000450  0.000449  0.000441  0.000397  0.000390  0.000340  0.000294  0.000266  0.000236  0.000232
A54m-37  0.001916  0.001960  0.001929  0.001926  0.001969  0.001954  0.001939  0.001947  0.001951  0.001938  0.001888  0.001826  0.001806  0.001805  0.001819  0.001852  0.001861  0.001851  0.001780  0.001795  0.001797  0.001836  0.001829  0.001720  0.001708  0.001673  0.001622  0.001622  0.001584  0.001556  0.001545  0.001467  0.001430  0.001438  0.001433  0.001370  0.001367  0.001293  0.001225  0.001186  0.001145  0.001147
A54m-38  0.001166  0.001189  0.001167  0.001162  0.001183  0.001171  0.001159  0.001160  0.001159  0.001148  0.001115  0.001076  0.001060  0.001057  0.001062  0.001078  0.001079  0.001071  0.001026  0.001032  0.001030  0.001049  0.001042  0.000977  0.000967  0.000945  0.000913  0.000910  0.000886  0.000868  0.000859  0.000813  0.000790  0.000792  0.000787  0.000750  0.000746  0.000703  0.000664  0.000640  0.000616  0.000616
A54m-39  0.003838  0.003961  0.003819  0.003777  0.003891  0.003807  0.003728  0.003722  0.003703  0.003630  0.003438  0.003214  0.003124  0.003096  0.003116  0.003191  0.003192  0.003138  0.002903  0.002925  0.002910  0.002999  0.002956  0.002632  0.002581  0.002469  0.002317  0.002302  0.002191  0.002107  0.002071  0.001867  0.001770  0.001785  0.001770  0.001617  0.001609  0.001441  0.001292  0.001212  0.001130  0.001146
A54m-41  0.012125  0.012359  0.012080  0.011996  0.012220  0.012053  0.011892  0.011879  0.011839  0.011688  0.011286  0.010812  0.010613  0.010546  0.010581  0.010739  0.010737  0.010613  0.010079  0.010120  0.010079  0.010278  0.010173  0.009398  0.009262  0.008976  0.008585  0.008529  0.008229  0.007992  0.007873  0.007311  0.007020  0.007021  0.006943  0.006483  0.006416  0.005893  0.005409  0.005113  0.004803  0.004778
A54m-44  0.000637  0.000654  0.000640  0.000638  0.000654  0.000647  0.000640  0.000642  0.000642  0.000636  0.000614  0.000587  0.000577  0.000576  0.000580  0.000593  0.000595  0.000590  0.000558  0.000564  0.000563  0.000579  0.000574  0.000527  0.000520  0.000504  0.000480  0.000479  0.000461  0.000447  0.000441  0.000406  0.000388  0.000390  0.000387  0.000357  0.000354  0.000320  0.000288  0.000269  0.000249  0.000249
A54m-45  0.018531  0.018785  0.018249  0.018016  0.018253  0.017895  0.017553  0.017434  0.017275  0.016955  0.016272  0.015493  0.015119  0.014941  0.014909  0.015052  0.014968  0.014715  0.013897  0.013880  0.013752  0.013952  0.013739  0.012636  0.012395  0.011961  0.011397  0.011274  0.010842  0.010497  0.010307  0.009566  0.009175  0.009151  0.009031  0.008453  0.008356  0.007722  0.007147  0.006803  0.006451  0.006431
A54m-46  0.000326  0.000333  0.000315  0.000306  0.000312  0.000300  0.000289  0.000284  0.000278  0.000268  0.000247  0.000223  0.000212  0.000206  0.000204  0.000207  0.000204  0.000196  0.000173  0.000172  0.000168  0.000173  0.000166  0.000138  0.000131  0.000120  0.000106  0.000103  0.000093  0.000085  0.000081  0.000065  0.000057  0.000057  0.000055  0.000044  0.000043  0.000031  0.000021  0.000017  0.000012  0.000014
A54m-51  0.002310  0.002398  0.002248  0.002189  0.002263  0.002168  0.002078  0.002049  0.002009  0.001928  0.001757  0.001569  0.001485  0.001449  0.001446  0.001479  0.001460  0.001406  0.001243  0.001241  0.001216  0.001249  0.001208  0.001028  0.000992  0.000932  0.000860  0.000850  0.000806  0.000777  0.000768  0.000713  0.000699  0.000716  0.000726  0.000717  0.000737  0.000745  0.000768  0.000803  0.000806  0.000806
A54m-52  0.000817  0.000842  0.000821  0.000818  0.000843  0.000832  0.000821  0.000824  0.000825  0.000815  0.000782  0.000741  0.000727  0.000724  0.000731  0.000750  0.000754  0.000746  0.000699  0.000707  0.000706  0.000729  0.000723  0.000651  0.000642  0.000617  0.000582  0.000579  0.000553  0.000532  0.000524  0.000470  0.000444  0.000447  0.000441  0.000397  0.000393  0.000342  0.000294  0.000266  0.000236  0.000235
A54m-53  0.000422  0.000459  0.000429  0.000425  0.000457  0.000442  0.000427  0.000430  0.000429  0.000416  0.000377  0.000332  0.000317  0.000315  0.000322  0.000340  0.000342  0.000333  0.000291  0.000297  0.000296  0.000313  0.000306  0.000255  0.000248  0.000233  0.000213  0.000213  0.000201  0.000193  0.000191  0.000172  0.000166  0.000171  0.000174  0.000165  0.000170  0.000164  0.000162  0.000166  0.000172  0.000181
A54m-55  0.002864  0.002943  0.002870  0.002854  0.002931  0.002890  0.002851  0.002857  0.002854  0.002818  0.002707  0.002574  0.002523  0.002512  0.002532  0.002588  0.002596  0.002567  0.002416  0.002436  0.002433  0.002501  0.002478  0.002253  0.002220  0.002142  0.002033  0.002023  0.001941  0.001877  0.001849  0.001687  0.001607  0.001615  0.001598  0.001466  0.001453  0.001302  0.001162  0.001080  0.000992  0.000992
A54m-56  0.002260  0.002391  0.002313  0.002313  0.002435  0.002401  0.002370  0.002395  0.002409  0.002381  0.002262  0.002119  0.002077  0.002083  0.002123  0.002204  0.002228  0.002211  0.002059  0.002097  0.002108  0.002192  0.002180  0.001966  0.001948  0.001887  0.001798  0.001805  0.001745  0.001704  0.001696  0.001573  0.001524  0.001550  0.001555  0.001469  0.001479  0.001386  0.001306  0.001271  0.001235  0.001260
A54m-57  0.000726  0.000748  0.000715  0.000703  0.000723  0.000702  0.000682  0.000677  0.000670  0.000652  0.000609  0.000561  0.000539  0.000531  0.000532  0.000544  0.000542  0.000528  0.000479  0.000481  0.000475  0.000490  0.000480  0.000414  0.000402  0.000378  0.000347  0.000343  0.000320  0.000303  0.000295  0.000255  0.000236  0.000238  0.000235  0.000206  0.000204  0.000173  0.000147  0.000133  0.000119  0.000122
A54m-59  0.002501  0.002541  0.002465  0.002434  0.002472  0.002422  0.002374  0.002359  0.002338  0.002293  0.002193  0.002077  0.002023  0.001998  0.001994  0.002018  0.002007  0.001970  0.001845  0.001844  0.001825  0.001858  0.001826  0.001652  0.001614  0.001545  0.001455  0.001435  0.001364  0.001307  0.001275  0.001151  0.001085  0.001079  0.001056  0.000956  0.000937  0.000825  0.000723  0.000659  0.000592  0.000583
A54m-60  0.000844  0.000870  0.000838  0.000829  0.000853  0.000834  0.000816  0.000815  0.000810  0.000793  0.000751  0.000702  0.000682  0.000676  0.000680  0.000696  0.000695  0.000683  0.000633  0.000637  0.000634  0.000652  0.000643  0.000574  0.000563  0.000540  0.000508  0.000505  0.000482  0.000465  0.000458  0.000416  0.000397  0.000400  0.000398  0.000368  0.000367  0.000334  0.000306  0.000291  0.000276  0.000281
A55a-02  0.002097  0.002139  0.002064  0.002033  0.002073  0.002024  0.001976  0.001963  0.001943  0.001898  0.001798  0.001682  0.001627  0.001603  0.001601  0.001626  0.001615  0.001579  0.001452  0.001452  0.001433  0.001468  0.001436  0.001259  0.001221  0.001151  0.001059  0.001039  0.000967  0.000909  0.000876  0.000750  0.000681  0.000675  0.000652  0.000549  0.000529  0.000414  0.000307  0.000240  0.000171  0.000162
A55a-03  0.008225  0.008323  0.008116  0.008024  0.008118  0.007977  0.007840  0.007792  0.007727  0.007596  0.007312  0.006984  0.006822  0.006741  0.006721  0.006777  0.006735  0.006620  0.006252  0.006236  0.006170  0.006253  0.006148  0.005628  0.005503  0.005284  0.004999  0.004923  0.004694  0.004504  0.004388  0.003992  0.003766  0.003725  0.003633  0.003298  0.003213  0.002837  0.002484  0.002251  0.002008  0.001948
A55a-04  0.078867  0.078114  0.075184  0.073127  0.072397  0.070053  0.067781  0.066151  0.064440  0.062319  0.059252  0.055967  0.053808  0.052204  0.051015  0.050313  0.049035  0.047345  0.044219  0.043209  0.041939  0.041533  0.040100  0.036450  0.035023  0.033145  0.030985  0.029956  0.028199  0.026693  0.025601  0.023223  0.021729  0.021139  0.020353  0.018536  0.017876  0.016026  0.014363  0.013267  0.012198  0.011900
A55a-06  0.018062  0.018469  0.018070  0.017976  0.018366  0.018141  0.017928  0.017946  0.017920  0.017722  0.017134  0.016436  0.016164  0.016099  0.016189  0.016470  0.016502  0.016348  0.015563  0.015661  0.015634  0.015974  0.015848  0.014701  0.014530  0.014130  0.013573  0.013523  0.013106  0.012784  0.012641  0.011831  0.011431  0.011471  0.011392  0.010740  0.010678  0.009935  0.009254  0.008854  0.008434  0.008438
A55a-07  0.005188  0.005269  0.005022  0.004902  0.004974  0.004805  0.004644  0.004573  0.004488  0.004341  0.004059  0.003747  0.003591  0.003509  0.003481  0.003515  0.003467  0.003362  0.003068  0.003049  0.002993  0.003043  0.002960  0.002605  0.002523  0.002387  0.002219  0.002182  0.002062  0.001971  0.001925  0.001741  0.001655  0.001664  0.001650  0.001536  0.001535  0.001426  0.001339  0.001307  0.001281  0.001319
A55a-08  0.001893  0.001932  0.001784  0.001710  0.001740  0.001638  0.001542  0.001494  0.001439  0.001353  0.001200  0.001037  0.000954  0.000907  0.000886  0.000892  0.000860  0.000804  0.000671  0.000655  0.000624  0.000632  0.000591  0.000460  0.000427  0.000380  0.000329  0.000318  0.000289  0.000271  0.000266  0.000244  0.000244  0.000259  0.000273  0.000289  0.000289  0.000289  0.000289  0.000289  0.000289  0.000289
A55a-09  0.000494  0.000514  0.000481  0.000469  0.000486  0.000466  0.000446  0.000440  0.000432  0.000415  0.000377  0.000335  0.000317  0.000309  0.000309  0.000317  0.000314  0.000302  0.000264  0.000264  0.000259  0.000268  0.000259  0.000216  0.000208  0.000193  0.000176  0.000173  0.000162  0.000154  0.000152  0.000136  0.000131  0.000134  0.000136  0.000130  0.000134  0.000131  0.000132  0.000137  0.000143  0.000152
A55a-10  0.000486  0.000499  0.000479  0.000472  0.000484  0.000472  0.000460  0.000457  0.000453  0.000442  0.000415  0.000385  0.000371  0.000366  0.000367  0.000375  0.000373  0.000365  0.000332  0.000334  0.000330  0.000340  0.000333  0.000289  0.000281  0.000264  0.000243  0.000239  0.000223  0.000210  0.000204  0.000175  0.000160  0.000161  0.000157  0.000135  0.000132  0.000108  0.000085  0.000073  0.000060  0.000060
A55a-15  0.002202  0.002299  0.002196  0.002170  0.002258  0.002199  0.002144  0.002142  0.002130  0.002080  0.001946  0.001793  0.001733  0.001718  0.001734  0.001787  0.001788  0.001754  0.001603  0.001619  0.001611  0.001667  0.001640  0.001445  0.001416  0.001353  0.001268  0.001264  0.001206  0.001165  0.001151  0.001050  0.001008  0.001024  0.001025  0.000962  0.000968  0.000904  0.000854  0.000836  0.000820  0.000844
A55a-16  0.000698  0.000720  0.000687  0.000675  0.000695  0.000674  0.000655  0.000650  0.000643  0.000625  0.000582  0.000533  0.000512  0.000504  0.000505  0.000518  0.000515  0.000502  0.000452  0.000454  0.000448  0.000464  0.000453  0.000386  0.000374  0.000350  0.000319  0.000314  0.000291  0.000273  0.000265  0.000224  0.000205  0.000207  0.000203  0.000174  0.000172  0.000140  0.000112  0.000097  0.000083  0.000086
A55b-02  0.117485  0.118782  0.116199  0.115099  0.116315  0.114604  0.112961  0.112421  0.111685  0.110145  0.106801  0.102970  0.101148  0.100297  0.100171  0.100923  0.100535  0.099305  0.095234  0.095181  0.094566  0.095602  0.094559  0.089006  0.087806  0.085620  0.082767  0.082153  0.079956  0.078194  0.077225  0.073420  0.071400  0.071263  0.070630  0.067617  0.067093  0.063769  0.060738  0.058896  0.057004  0.056849
A55b-04  0.013980  0.014330  0.013979  0.013894  0.014225  0.014027  0.013840  0.013849  0.013822  0.013650  0.013152  0.012566  0.012340  0.012285  0.012359  0.012588  0.012612  0.012483  0.011847  0.011927  0.011904  0.012173  0.012072  0.011168  0.011036  0.010729  0.010302  0.010271  0.009958  0.009721  0.009623  0.009025  0.008740  0.008785  0.008741  0.008279  0.008253  0.007735  0.007268  0.007009  0.006739  0.006772
A55b-05  0.012901  0.013238  0.012884  0.012793  0.013108  0.012905  0.012714  0.012714  0.012679  0.012503  0.012014  0.011443  0.011219  0.011161  0.011225  0.011437  0.011452  0.011324  0.010717  0.010786  0.010759  0.011005  0.010904  0.010058  0.009932  0.009644  0.009249  0.009219  0.008933  0.008718  0.008630  0.008091  0.007838  0.007883  0.007849  0.007444  0.007428  0.006980  0.006581  0.006367  0.006148  0.006191
A55b-06  0.000879  0.000914  0.000878  0.000868  0.000900  0.000879  0.000860  0.000860  0.000856  0.000838  0.000788  0.000731  0.000709  0.000703  0.000710  0.000730  0.000732  0.000719  0.000660  0.000667  0.000664  0.000687  0.000677  0.000598  0.000587  0.000561  0.000525  0.000523  0.000498  0.000480  0.000473  0.000427  0.000406  0.000412  0.000410  0.000378  0.000379  0.000344  0.000315  0.000300  0.000287  0.000293
A55b-07  0.026864  0.027135  0.026431  0.026100  0.026353  0.025870  0.025405  0.025218  0.024982  0.024545  0.023655  0.022642  0.022136  0.021875  0.021797  0.021940  0.021798  0.021444  0.020375  0.020319  0.020122  0.020342  0.020039  0.018599  0.018258  0.017668  0.016911  0.016719  0.016128  0.015648  0.015368  0.014373  0.013830  0.013762  0.013569  0.012777  0.012613  0.011743  0.010948  0.010453  0.009946  0.009879
A55b-08  0.031366  0.032150  0.031187  0.030889  0.031612  0.031036  0.030492  0.030428  0.030275  0.029774  0.028507  0.027045  0.026443  0.026249  0.026355  0.026815  0.026799  0.026437  0.024935  0.025054  0.024945  0.025480  0.025194  0.023173  0.022844  0.022146  0.021208  0.021115  0.020441  0.019936  0.019724  0.018509  0.017946  0.018046  0.017974  0.017100  0.017076  0.016135  0.015317  0.014902  0.014486  0.014622
A55b-09  0.002484  0.002535  0.002391  0.002323  0.002366  0.002270  0.002178  0.002138  0.002089  0.002006  0.001847  0.001673  0.001587  0.001543  0.001528  0.001546  0.001520  0.001463  0.001307  0.001297  0.001267  0.001291  0.001248  0.001071  0.001031  0.000966  0.000888  0.000872  0.000820  0.000783  0.000766  0.000694  0.000666  0.000676  0.000679  0.000647  0.000658  0.000636  0.000627  0.000638  0.000655  0.000689
A55b-10  0.009816  0.009941  0.009705  0.009607  0.009726  0.009569  0.009417  0.009370  0.009304  0.009160  0.008839  0.008468  0.008291  0.008207  0.008195  0.008270  0.008232  0.008109  0.007698  0.007691  0.007627  0.007732  0.007623  0.007044  0.006914  0.006678  0.006370  0.006296  0.006052  0.005852  0.005736  0.005307  0.005070  0.005039  0.004952  0.004596  0.004518  0.004119  0.003747  0.003508  0.003260  0.003212
A55b-11  0.007210  0.007285  0.007024  0.006892  0.006959  0.006776  0.006600  0.006519  0.006422  0.006258  0.005947  0.005599  0.005419  0.005319  0.005279  0.005310  0.005249  0.005122  0.004772  0.004741  0.004667  0.004720  0.004614  0.004167  0.004054  0.003868  0.003637  0.003574  0.003396  0.003253  0.003169  0.002886  0.002734  0.002715  0.002663  0.002451  0.002411  0.002187  0.001987  0.001870  0.001753  0.001750
A55b-12  0.007045  0.007121  0.006941  0.006858  0.006930  0.006806  0.006685  0.006639  0.006579  0.006463  0.006220  0.005941  0.005801  0.005727  0.005706  0.005747  0.005707  0.005605  0.005294  0.005276  0.005217  0.005280  0.005189  0.004753  0.004645  0.004460  0.004221  0.004153  0.003961  0.003800  0.003700  0.003371  0.003182  0.003145  0.003066  0.002788  0.002715  0.002404  0.002113  0.001920  0.001719  0.001668
A55b-13  1.265578  1.272364  1.260803  1.256221  1.262684  1.255148  1.247882  1.245903  1.242957  1.236068  1.220262  1.201918  1.193365  1.189569  1.189369  1.193583  1.192087  1.186309  1.165990  1.166065  1.163251  1.168959  1.163913  1.135216  1.129117  1.117733  1.102682  1.099438  1.087647  1.078074  1.072701  1.051740  1.040358  1.039273  1.035400  1.018126  1.014685  0.995279  0.977289  0.965903  0.954064  0.952201
A55b-14  0.003336  0.003411  0.003274  0.003219  0.003286  0.003198  0.003114  0.003087  0.003051  0.002973  0.002806  0.002617  0.002530  0.002492  0.002488  0.002527  0.002509  0.002453  0.002265  0.002265  0.002239  0.002287  0.002241  0.002000  0.001952  0.001862  0.001748  0.001728  0.001644  0.001580  0.001549  0.001410  0.001343  0.001349  0.001336  0.001239  0.001233  0.001133  0.001047  0.001005  0.000963  0.000979
A55b-15  0.001686  0.001758  0.001645  0.001602  0.001662  0.001591  0.001523  0.001502  0.001473  0.001410  0.001278  0.001132  0.001067  0.001038  0.001035  0.001060  0.001044  0.001000  0.000869  0.000865  0.000843  0.000866  0.000830  0.000683  0.000651  0.000598  0.000535  0.000522  0.000480  0.000450  0.000435  0.000382  0.000361  0.000366  0.000366  0.000347  0.000353  0.000345  0.000348  0.000363  0.000382  0.000382
A55b-16  0.029867  0.030015  0.028956  0.028360  0.028492  0.027709  0.026947  0.026535  0.026062  0.025336  0.024037  0.022579  0.021762  0.021255  0.020983  0.020997  0.020646  0.020025  0.018480  0.018241  0.017822  0.017945  0.017389  0.015346  0.014735  0.013797  0.012635  0.012218  0.011271  0.010469  0.009932  0.008435  0.007538  0.007282  0.006857  0.005615  0.005227  0.003869  0.002607  0.001753  0.000878  0.000612
A55b-17  0.008290  0.008341  0.008094  0.007962  0.008008  0.007830  0.007658  0.007571  0.007469  0.007306  0.007006  0.006670  0.006488  0.006380  0.006329  0.006344  0.006273  0.006139  0.005790  0.005746  0.005661  0.005701  0.005583  0.005126  0.004999  0.004798  0.004547  0.004466  0.004267  0.004101  0.003995  0.003677  0.003494  0.003453  0.003375  0.003120  0.003052  0.002776  0.002523  0.002360  0.002193  0.002156
A55b-18  0.072684  0.073370  0.071846  0.071165  0.071809  0.070777  0.069780  0.069416  0.068939  0.067995  0.066000  0.063713  0.062589  0.062029  0.061893  0.062273  0.061985  0.061199  0.058725  0.058628  0.058197  0.058750  0.058063  0.054662  0.053867  0.052471  0.050664  0.050209  0.048786  0.047621  0.046937  0.044502  0.043155  0.042968  0.042470  0.040485  0.040045  0.037842  0.035808  0.034512  0.033175  0.032938
A55b-21  0.005537  0.005672  0.005540  0.005509  0.005638  0.005564  0.005494  0.005500  0.005491  0.005426  0.005232  0.005002  0.004912  0.004891  0.004921  0.005014  0.005025  0.004974  0.004716  0.004749  0.004740  0.004852  0.004811  0.004435  0.004379  0.004249  0.004067  0.004051  0.003915  0.003810  0.003764  0.003501  0.003371  0.003385  0.003360  0.003148  0.003129  0.002889  0.002669  0.002540  0.002405  0.002408
A55b-24  0.001037  0.001172  0.001149  0.001186  0.001314  0.001324  0.001335  0.001390  0.001436  0.001449  0.001387  0.001304  0.001301  0.001337  0.001402  0.001502  0.001554  0.001571  0.001470  0.001533  0.001572  0.001678  0.001697  0.001528  0.001539  0.001507  0.001446  0.001478  0.001442  0.001423  0.001437  0.001330  0.001296  0.001341  0.001364  0.001285  0.001311  0.001216  0.001132  0.001097  0.001059  0.001094
A55b-25  0.002840  0.002939  0.002871  0.002866  0.002961  0.002929  0.002899  0.002917  0.002925  0.002898  0.002789  0.002657  0.002614  0.002613  0.002645  0.002718  0.002737  0.002718  0.002565  0.002599  0.002605  0.002690  0.002676  0.002444  0.002420  0.002346  0.002239  0.002239  0.002161  0.002103  0.002083  0.001919  0.001843  0.001862  0.001854  0.001723  0.001719  0.001566  0.001426  0.001348  0.001264  0.001273
A55b-26  0.000745  0.000756  0.000725  0.000711  0.000720  0.000699  0.000679  0.000670  0.000660  0.000641  0.000603  0.000560  0.000538  0.000526  0.000523  0.000528  0.000521  0.000506  0.000461  0.000458  0.000449  0.000458  0.000445  0.000384  0.000370  0.000345  0.000313  0.000305  0.000280  0.000260  0.000248  0.000207  0.000184  0.000181  0.000173  0.000140  0.000133  0.000097  0.000064  0.000044  0.000023  0.000021
A55b-27  0.008009  0.008296  0.008105  0.008095  0.008374  0.008285  0.008203  0.008259  0.008288  0.008213  0.007902  0.007521  0.007398  0.007400  0.007497  0.007711  0.007773  0.007720  0.007276  0.007377  0.007400  0.007653  0.007615  0.006935  0.006866  0.006652  0.006336  0.006340  0.006110  0.005939  0.005882  0.005395  0.005169  0.005226  0.005205  0.004812  0.004800  0.004344  0.003924  0.003686  0.003433  0.003459
A55b-28  0.004059  0.004157  0.004039  0.004004  0.004097  0.004027  0.003959  0.003953  0.003936  0.003873  0.003706  0.003510  0.003428  0.003401  0.003415  0.003481  0.003480  0.003430  0.003212  0.003229  0.003213  0.003294  0.003252  0.002940  0.002887  0.002773  0.002618  0.002597  0.002479  0.002387  0.002342  0.002121  0.002009  0.002013  0.001985  0.001808  0.001785  0.001585  0.001400  0.001290  0.001175  0.001171
A55b-30  0.013940  0.014172  0.013847  0.013734  0.013953  0.013751  0.013558  0.013523  0.013459  0.013279  0.012839  0.012329  0.012106  0.012022  0.012042  0.012187  0.012168  0.012027  0.011477  0.011504  0.011449  0.011632  0.011515  0.010747  0.010606  0.010321  0.009940  0.009881  0.009593  0.009367  0.009254  0.008731  0.008466  0.008471  0.008404  0.007993  0.007940  0.007482  0.007065  0.006820  0.006566  0.006563
A55b-31  0.000571  0.000595  0.000552  0.000534  0.000555  0.000527  0.000501  0.000492  0.000480  0.000456  0.000406  0.000353  0.000328  0.000317  0.000315  0.000323  0.000317  0.000301  0.000254  0.000252  0.000244  0.000252  0.000240  0.000189  0.000178  0.000160  0.000140  0.000136  0.000123  0.000114  0.000111  0.000096  0.000092  0.000095  0.000098  0.000096  0.000100  0.000103  0.000111  0.000111  0.000111  0.000111
A55b-32  0.000650  0.000678  0.000643  0.000632  0.000657  0.000635  0.000615  0.000611  0.000604  0.000585  0.000541  0.000490  0.000469  0.000461  0.000462  0.000474  0.000471  0.000457  0.000408  0.000408  0.000402  0.000414  0.000402  0.000341  0.000328  0.000306  0.000277  0.000272  0.000251  0.000236  0.000228  0.000196  0.000181  0.000181  0.000178  0.000157  0.000155  0.000136  0.000120  0.000113  0.000107  0.000111
A55b-33  0.000533  0.000563  0.000531  0.000522  0.000549  0.000531  0.000513  0.000512  0.000507  0.000491  0.000450  0.000403  0.000385  0.000379  0.000383  0.000397  0.000396  0.000385  0.000340  0.000343  0.000339  0.000353  0.000344  0.000289  0.000279  0.000261  0.000237  0.000235  0.000219  0.000207  0.000202  0.000177  0.000167  0.000170  0.000169  0.000155  0.000156  0.000144  0.000135  0.000133  0.000133  0.000139
A55b-34  0.000853  0.000880  0.000856  0.000851  0.000877  0.000864  0.000851  0.000854  0.000853  0.000841  0.000804  0.000759  0.000742  0.000738  0.000745  0.000764  0.000767  0.000758  0.000705  0.000713  0.000712  0.000735  0.000728  0.000649  0.000638  0.000610  0.000572  0.000568  0.000539  0.000516  0.000506  0.000448  0.000419  0.000421  0.000415  0.000367  0.000362  0.000307  0.000256  0.000225  0.000192  0.000191
A55b-35  0.000703  0.000741  0.000719  0.000719  0.000756  0.000746  0.000738  0.000746  0.000751  0.000743  0.000707  0.000663  0.000650  0.000651  0.000665  0.000691  0.000700  0.000695  0.000645  0.000658  0.000662  0.000692  0.000689  0.000614  0.000608  0.000586  0.000553  0.000556  0.000533  0.000516  0.000512  0.000463  0.000442  0.000450  0.000450  0.000413  0.000414  0.000371  0.000332  0.000312  0.000290  0.000296
A55b-36  0.000620  0.000640  0.000608  0.000596  0.000614  0.000594  0.000574  0.000569  0.000562  0.000544  0.000505  0.000460  0.000440  0.000432  0.000432  0.000442  0.000438  0.000425  0.000382  0.000382  0.000377  0.000388  0.000377  0.000323  0.000312  0.000292  0.000266  0.000262  0.000244  0.000230  0.000224  0.000194  0.000180  0.000182  0.000179  0.000160  0.000159  0.000140  0.000123  0.000116  0.000110  0.000114
A55b-37  0.000219  0.000242  0.000233  0.000237  0.000258  0.000257  0.000255  0.000263  0.000268  0.000267  0.000252  0.000232  0.000228  0.000232  0.000241  0.000258  0.000265  0.000265  0.000242  0.000252  0.000256  0.000275  0.000276  0.000239  0.000238  0.000229  0.000214  0.000217  0.000207  0.000201  0.000201  0.000176  0.000166  0.000173  0.000175  0.000156  0.000159  0.000137  0.000117  0.000107  0.000097  0.000101
A55b-43  0.003891  0.003918  0.003816  0.003763  0.003788  0.003714  0.003643  0.003609  0.003569  0.003501  0.003372  0.003227  0.003149  0.003105  0.003085  0.003096  0.003068  0.003011  0.002856  0.002839  0.002804  0.002825  0.002775  0.002567  0.002510  0.002419  0.002305  0.002269  0.002177  0.002100  0.002051  0.001901  0.001814  0.001795  0.001758  0.001634  0.001601  0.001466  0.001341  0.001258  0.001174  0.001153
A55b-48  0.000473  0.000503  0.000470  0.000461  0.000486  0.000467  0.000449  0.000447  0.000442  0.000425  0.000385  0.000339  0.000320  0.000315  0.000317  0.000330  0.000328  0.000316  0.000274  0.000275  0.000271  0.000282  0.000273  0.000222  0.000213  0.000196  0.000174  0.000172  0.000157  0.000147  0.000143  0.000122  0.000114  0.000116  0.000116  0.000106  0.000108  0.000101  0.000097  0.000099  0.000102  0.000108
A55c-01  0.009232  0.009290  0.009047  0.008920  0.008973  0.008799  0.008630  0.008548  0.008450  0.008290  0.007990  0.007652  0.007471  0.007366  0.007318  0.007339  0.007272  0.007138  0.006782  0.006742  0.006658  0.006704  0.006587  0.006115  0.005986  0.005779  0.005520  0.005438  0.005231  0.005058  0.004948  0.004614  0.004421  0.004378  0.004296  0.004025  0.003952  0.003656  0.003383  0.003205  0.003023  0.002981
A55c-03  0.009863  0.009964  0.009530  0.009302  0.009384  0.009076  0.008782  0.008632  0.008458  0.008186  0.007698  0.007163  0.006879  0.006712  0.006630  0.006645  0.006530  0.006325  0.005827  0.005757  0.005629  0.005665  0.005496  0.004911  0.004747  0.004500  0.004207  0.004113  0.003895  0.003721  0.003616  0.003313  0.003154  0.003129  0.003075  0.002883  0.002850  0.002672  0.002532  0.002467  0.002414  0.002442
A55c-04  0.008277  0.008362  0.007919  0.007681  0.007747  0.007431  0.007128  0.006967  0.006782  0.006503  0.006017  0.005489  0.005202  0.005030  0.004937  0.004936  0.004812  0.004604  0.004123  0.004044  0.003911  0.003928  0.003757  0.003212  0.003050  0.002817  0.002545  0.002451  0.002251  0.002092  0.001993  0.001733  0.001597  0.001573  0.001526  0.001375  0.001350  0.001224  0.001133  0.001102  0.001086  0.001124
A55c-05  0.069427  0.069885  0.068225  0.067377  0.067799  0.066620  0.065481  0.064948  0.064308  0.063231  0.061165  0.058833  0.057604  0.056910  0.056616  0.056807  0.056374  0.055479  0.053021  0.052777  0.052226  0.052587  0.051804  0.048532  0.047664  0.046252  0.044472  0.043931  0.042516  0.041343  0.040610  0.038304  0.036990  0.036722  0.036181  0.034316  0.033838  0.031801  0.029926  0.028715  0.027476  0.027208
A55c-07  0.010536  0.010533  0.010091  0.009821  0.009809  0.009477  0.009157  0.008959  0.008743  0.008447  0.007971  0.007455  0.007152  0.006949  0.006821  0.006777  0.006625  0.006398  0.005918  0.005810  0.005654  0.005642  0.005454  0.004897  0.004713  0.004456  0.004157  0.004038  0.003807  0.003617  0.003490  0.003177  0.002998  0.002949  0.002872  0.002659  0.002603  0.002398  0.002225  0.002130  0.002043  0.002047
A55c-09  0.008744  0.008703  0.008332  0.008092  0.008048  0.007762  0.007487  0.007305  0.007110  0.006855  0.006466  0.006048  0.005790  0.005609  0.005485  0.005426  0.005286  0.005090  0.004704  0.004599  0.004459  0.004429  0.004266  0.003827  0.003669  0.003457  0.003214  0.003108  0.002918  0.002759  0.002650  0.002400  0.002253  0.002204  0.002136  0.001964  0.001913  0.001749  0.001612  0.001532  0.001461  0.001459
A55c-11  0.036043  0.036242  0.035413  0.034978  0.035161  0.034566  0.033990  0.033708  0.033376  0.032829  0.031800  0.030639  0.030018  0.029657  0.029493  0.029566  0.029334  0.028876  0.027649  0.027510  0.027220  0.027379  0.026975  0.025343  0.024896  0.024180  0.023281  0.022994  0.022274  0.021673  0.021290  0.020126  0.019452  0.019299  0.019010  0.018060  0.017801  0.016763  0.015804  0.015175  0.014532  0.014375
A55c-13  0.195326  0.194744  0.189856  0.186644  0.186040  0.182188  0.178432  0.175931  0.173232  0.169655  0.164074  0.157965  0.154128  0.151401  0.149510  0.148630  0.146489  0.143422  0.137172  0.135471  0.133158  0.132732  0.129979  0.122141  0.119247  0.115254  0.110523  0.108351  0.104401  0.100964  0.098447  0.092718  0.089039  0.087529  0.085473  0.080714  0.078821  0.073737  0.069003  0.065650  0.062256  0.060880
A55c-14  0.041895  0.041594  0.040455  0.039650  0.039355  0.038437  0.037546  0.036900  0.036223  0.035386  0.034185  0.032900  0.032045  0.031403  0.030918  0.030619  0.030097  0.029417  0.028185  0.027763  0.027240  0.027046  0.026459  0.025021  0.024433  0.023672  0.022802  0.022363  0.021646  0.021023  0.020557  0.019599  0.018978  0.018700  0.018347  0.017600  0.017293  0.016532  0.015841  0.015365  0.014899  0.014725
A55c-16  0.017005  0.017021  0.016374  0.015986  0.015990  0.015506  0.015039  0.014759  0.014450  0.014016  0.013301  0.012522  0.012068  0.011772  0.011591  0.011543  0.011326  0.010986  0.010240  0.010087  0.009856  0.009860  0.009575  0.008681  0.008395  0.007985  0.007499  0.007313  0.006933  0.006619  0.006411  0.005870  0.005559  0.005476  0.005340  0.004948  0.004842  0.004447  0.004103  0.003896  0.003698  0.003678
A55c-18  0.001423  0.001445  0.001409  0.001395  0.001416  0.001392  0.001369  0.001363  0.001354  0.001332  0.001280  0.001219  0.001191  0.001178  0.001177  0.001191  0.001186  0.001166  0.001097  0.001096  0.001086  0.001106  0.001088  0.000987  0.000965  0.000924  0.000870  0.000857  0.000814  0.000778  0.000757  0.000679  0.000636  0.000630  0.000613  0.000547  0.000532  0.000457  0.000387  0.000341  0.000293  0.000282
A55c-19  0.008486  0.008555  0.008366  0.008274  0.008339  0.008206  0.008077  0.008023  0.007955  0.007830  0.007578  0.007290  0.007141  0.007060  0.007031  0.007065  0.007018  0.006908  0.006589  0.006564  0.006497  0.006554  0.006455  0.006011  0.005895  0.005703  0.005456  0.005382  0.005182  0.005015  0.004909  0.004572  0.004377  0.004333  0.004249  0.003965  0.003886  0.003569  0.003272  0.003073  0.002867  0.002811
A55c-21  0.001284  0.001305  0.001262  0.001244  0.001264  0.001235  0.001207  0.001198  0.001186  0.001160  0.001104  0.001041  0.001011  0.000996  0.000994  0.001005  0.000999  0.000978  0.000911  0.000910  0.000899  0.000915  0.000898  0.000807  0.000787  0.000752  0.000705  0.000695  0.000659  0.000631  0.000615  0.000554  0.000521  0.000519  0.000508  0.000461  0.000452  0.000400  0.000352  0.000323  0.000294  0.000291
A55c-25  0.003422  0.003399  0.003227  0.003113  0.003089  0.002955  0.002827  0.002740  0.002648  0.002530  0.002352  0.002161  0.002043  0.001959  0.001900  0.001869  0.001803  0.001713  0.001542  0.001492  0.001427  0.001410  0.001336  0.001146  0.001075  0.000983  0.000878  0.000832  0.000751  0.000684  0.000637  0.000535  0.000476  0.000456  0.000428  0.000363  0.000344  0.000285  0.000237  0.000212  0.000192  0.000197
A55c-27  0.004400  0.004421  0.004138  0.003974  0.003983  0.003775  0.003577  0.003458  0.003327  0.003145  0.002850  0.002535  0.002355  0.002237  0.002163  0.002137  0.002047  0.001913  0.001641  0.001577  0.001487  0.001470  0.001362  0.001077  0.000979  0.000851  0.000709  0.000650  0.000547  0.000466  0.000412  0.000301  0.000243  0.000228  0.000206  0.000160  0.000153  0.000133  0.000132  0.000151  0.000153  0.000153
A55c-28  0.004426  0.004447  0.004165  0.004001  0.004010  0.003803  0.003605  0.003487  0.003356  0.003174  0.002880  0.002564  0.002384  0.002266  0.002193  0.002168  0.002077  0.001944  0.001671  0.001607  0.001517  0.001502  0.001393  0.001107  0.001009  0.000880  0.000738  0.000678  0.000575  0.000493  0.000439  0.000327  0.000268  0.000253  0.000230  0.000183  0.000176  0.000154  0.000152  0.000169  0.000176  0.000176
A55d-04  0.021734  0.021286  0.020356  0.019628  0.019200  0.018422  0.017667  0.017058  0.016439  0.015739  0.014845  0.013916  0.013236  0.012679  0.012216  0.011858  0.011387  0.010841  0.010016  0.009623  0.009186  0.008922  0.008467  0.007601  0.007168  0.006662  0.006116  0.005787  0.005337  0.004944  0.004633  0.004115  0.003762  0.003568  0.003351  0.002984  0.002810  0.002469  0.002175  0.001980  0.001803  0.001744
A55d-05  0.022407  0.022519  0.021864  0.021506  0.021605  0.021129  0.020668  0.020427  0.020148  0.019713  0.018928  0.018051  0.017569  0.017278  0.017131  0.017155  0.016959  0.016602  0.015698  0.015573  0.015341  0.015429  0.015118  0.013945  0.013610  0.013089  0.012444  0.012228  0.011714  0.011285  0.011009  0.010201  0.009733  0.009622  0.009419  0.008774  0.008597  0.007902  0.007267  0.006855  0.006438  0.006343
A55d-08  0.002418  0.002439  0.002376  0.002345  0.002365  0.002320  0.002277  0.002258  0.002234  0.002191  0.002107  0.002009  0.001958  0.001929  0.001917  0.001926  0.001908  0.001869  0.001759  0.001748  0.001723  0.001740  0.001703  0.001550  0.001507  0.001438  0.001350  0.001321  0.001248  0.001187  0.001146  0.001025  0.000952  0.000933  0.000898  0.000794  0.000761  0.000644  0.000533  0.000457  0.000378  0.000352
A55f-01  0.044457  0.044997  0.044004  0.043595  0.044105  0.043451  0.042822  0.042630  0.042360  0.041765  0.040441  0.038914  0.038192  0.037861  0.037824  0.038143  0.037999  0.037509  0.035848  0.035835  0.035589  0.036024  0.035600  0.033294  0.032794  0.031877  0.030674  0.030407  0.029470  0.028711  0.028284  0.026644  0.025756  0.025672  0.025372  0.024041  0.023780  0.022297  0.020932  0.020077  0.019192  0.019068
A55f-03  1.043451  1.040053  1.024686  1.013960  1.010523  0.997989  0.985700  0.976928  0.967586  0.955740  0.938160  0.919008  0.906296  0.896741  0.889581  0.885340  0.877459  0.866871  0.846960  0.840291  0.831821  0.828900  0.819115  0.794198  0.783885  0.770252  0.754343  0.746072  0.732400  0.720222  0.710796  0.691506  0.678402  0.671920  0.663731  0.647108  0.639334  0.621523  0.604696  0.592127  0.579350  0.572935
A55f-04  0.018249  0.018288  0.017591  0.017180  0.017207  0.016688  0.016188  0.015896  0.015571  0.015104  0.014321  0.013463  0.012971  0.012655  0.012468  0.012433  0.012205  0.011837  0.011003  0.010846  0.010598  0.010621  0.010310  0.009294  0.008978  0.008516  0.007963  0.007759  0.007326  0.006966  0.006731  0.006098  0.005735  0.005641  0.005484  0.005015  0.004889  0.004408  0.003984  0.003724  0.003471  0.003437
A55f-05  0.002184  0.002178  0.002048  0.001967  0.001958  0.001860  0.001766  0.001706  0.001641  0.001554  0.001421  0.001280  0.001195  0.001137  0.001097  0.001079  0.001033  0.000969  0.000847  0.000813  0.000769  0.000757  0.000706  0.000576  0.000529  0.000469  0.000402  0.000372  0.000322  0.000282  0.000255  0.000199  0.000169  0.000160  0.000147  0.000120  0.000114  0.000096  0.000087  0.000089  0.000096  0.000108
A55f-06  0.002203  0.002197  0.002067  0.001986  0.001976  0.001878  0.001783  0.001723  0.001657  0.001571  0.001438  0.001296  0.001211  0.001153  0.001113  0.001094  0.001048  0.000985  0.000862  0.000829  0.000784  0.000772  0.000721  0.000592  0.000545  0.000485  0.000419  0.000389  0.000340  0.000301  0.000274  0.000219  0.000190  0.000181  0.000168  0.000142  0.000137  0.000121  0.000114  0.000116  0.000124  0.000137
A55f-07  0.018358  0.018444  0.017839  0.017502  0.017577  0.017134  0.016706  0.016475  0.016211  0.015808  0.015091  0.014293  0.013850  0.013579  0.013436  0.013446  0.013260  0.012930  0.012116  0.011994  0.011778  0.011845  0.011559  0.010513  0.010209  0.009741  0.009165  0.008968  0.008509  0.008127  0.007879  0.007168  0.006755  0.006653  0.006473  0.005910  0.005754  0.005151  0.004601  0.004247  0.003889  0.003809
A55f-08  0.033530  0.033547  0.032707  0.032200  0.032206  0.031574  0.030961  0.030594  0.030187  0.029613  0.028657  0.027607  0.026994  0.026591  0.026345  0.026286  0.025991  0.025526  0.024481  0.024270  0.023948  0.023965  0.023563  0.022265  0.021849  0.021244  0.020516  0.020235  0.019653  0.019163  0.018832  0.017970  0.017458  0.017307  0.017067  0.016396  0.016191  0.015486  0.014847  0.014433  0.014021  0.013921
A56d-01  0.063420  0.063426  0.061878  0.060925  0.061170  0.059724  0.058522  0.057882  0.057128  0.056193  0.054618  0.052674  0.051492  0.050795  0.050114  0.049926  0.049258  0.048439  0.046718  0.046196  0.045548  0.045681  0.044795  0.042417  0.041831  0.040668  0.039330  0.038527  0.037701  0.036965  0.036379  0.034969  0.034170  0.033963  0.033626  0.032446  0.032313  0.031153  0.030151  0.029436  0.028790  0.028707
A56d-02  0.004478  0.004483  0.004256  0.004118  0.004155  0.003945  0.003771  0.003679  0.003570  0.003437  0.003215  0.002945  0.002782  0.002686  0.002593  0.002564  0.002473  0.002362  0.002139  0.002068  0.001983  0.001992  0.001879  0.001594  0.001521  0.001386  0.001235  0.001146  0.001057  0.000980  0.000921  0.000785  0.000713  0.000697  0.000671  0.000577  0.000572  0.000491  0.000431  0.000397  0.000374  0.000389
A56d-04  0.044353  0.044552  0.043198  0.042432  0.042869  0.041597  0.040563  0.040096  0.039507  0.038727  0.037276  0.035427  0.034356  0.033789  0.033232  0.033194  0.032643  0.031922  0.030215  0.029796  0.029235  0.029530  0.028695  0.026173  0.025642  0.024446  0.023029  0.022210  0.021349  0.020580  0.019974  0.018369  0.017471  0.017279  0.016920  0.015498  0.015368  0.013918  0.012636  0.011694  0.010815  0.010668
A56d-05  0.031608  0.031897  0.031083  0.030685  0.031136  0.030374  0.029779  0.029583  0.029300  0.028879  0.027980  0.026797  0.026163  0.025884  0.025610  0.025701  0.025428  0.025031  0.023934  0.023747  0.023458  0.023773  0.023285  0.021600  0.021323  0.020573  0.019664  0.019177  0.018658  0.018202  0.017860  0.016807  0.016253  0.016197  0.016022  0.015090  0.015072  0.014116  0.013277  0.012678  0.012121  0.012080
A56d-06  0.007402  0.007356  0.007073  0.006881  0.006874  0.006609  0.006381  0.006241  0.006084  0.005900  0.005619  0.005282  0.005062  0.004918  0.004777  0.004713  0.004576  0.004417  0.004119  0.004006  0.003876  0.003866  0.003701  0.003305  0.003187  0.002980  0.002747  0.002598  0.002446  0.002308  0.002195  0.001954  0.001809  0.001757  0.001685  0.001482  0.001444  0.001246  0.001073  0.000946  0.000830  0.000803
B16-01  0.022725  0.022843  0.022088  0.021562  0.021391  0.020770  0.020197  0.019654  0.019333  0.018773  0.018104  0.017089  0.016660  0.016373  0.016079  0.015951  0.015724  0.015344  0.014434  0.014241  0.013917  0.013954  0.013699  0.012669  0.012285  0.011819  0.011280  0.011058  0.010616  0.010207  0.009898  0.009278  0.008907  0.008830  0.008711  0.008260  0.008117  0.007642  0.007287  0.007041  0.006838  0.006807
B16-02  0.001781  0.001810  0.001726  0.001671  0.001662  0.001595  0.001534  0.001476  0.001447  0.001387  0.001313  0.001196  0.001152  0.001126  0.001098  0.001091  0.001071  0.001032  0.000929  0.000912  0.000880  0.000891  0.000866  0.000749  0.000710  0.000660  0.000603  0.000582  0.000536  0.000494  0.000464  0.000399  0.000362  0.000358  0.000349  0.000305  0.000294  0.000249  0.000217  0.000198  0.000183  0.000185
B16-03  0.009648  0.009825  0.009617  0.009505  0.009552  0.009391  0.009248  0.009114  0.009082  0.008933  0.008724  0.008335  0.008231  0.008196  0.008155  0.008200  0.008191  0.008097  0.007704  0.007701  0.007622  0.007751  0.007708  0.007188  0.007049  0.006850  0.006594  0.006535  0.006322  0.006119  0.005976  0.005596  0.005380  0.005377  0.005337  0.005021  0.004943  0.004567  0.004270  0.004049  0.003851  0.003805
B16-04  0.020620  0.020547  0.019269  0.018316  0.017848  0.016786  0.015802  0.014870  0.014229  0.013299  0.012252  0.010814  0.010099  0.009560  0.009018  0.008664  0.008203  0.007587  0.006454  0.006064  0.005555  0.005384  0.004948  0.003880  0.003393  0.002867  0.002323  0.002027  0.001614  0.001256  0.000986  0.000612  0.000402  0.000325  0.000246  0.000135  0.000115  0.000115  0.000115  0.000115  0.000115  0.000115
B16-05  0.015597  0.015805  0.015347  0.015059  0.015044  0.014675  0.014340  0.014023  0.013879  0.013540  0.013106  0.012379  0.012126  0.011988  0.011842  0.011835  0.011742  0.011514  0.010810  0.010734  0.010537  0.010668  0.010530  0.009655  0.009376  0.009009  0.008558  0.008411  0.008035  0.007680  0.007417  0.006808  0.006449  0.006403  0.006306  0.005815  0.005669  0.005105  0.004661  0.004331  0.004037  0.003958
B16-09  0.001939  0.001983  0.001907  0.001862  0.001866  0.001806  0.001752  0.001701  0.001681  0.001627  0.001555  0.001431  0.001392  0.001373  0.001352  0.001356  0.001345  0.001309  0.001190  0.001181  0.001151  0.001179  0.001159  0.001010  0.000966  0.000906  0.000831  0.000810  0.000749  0.000691  0.000650  0.000548  0.000490  0.000486  0.000474  0.000393  0.000372  0.000279  0.000207  0.000155  0.000109  0.000100
B16-10  0.002189  0.002262  0.002169  0.002118  0.002133  0.002062  0.002000  0.001942  0.001924  0.001861  0.001776  0.001625  0.001583  0.001567  0.001548  0.001560  0.001552  0.001514  0.001375  0.001371  0.001341  0.001377  0.001358  0.001191  0.001146  0.001083  0.001006  0.000988  0.000927  0.000871  0.000833  0.000736  0.000684  0.000687  0.000681  0.000611  0.000598  0.000522  0.000467  0.000431  0.000403  0.000406
B16-12  0.002515  0.002561  0.002454  0.002387  0.002381  0.002297  0.002220  0.002148  0.002114  0.002038  0.001944  0.001790  0.001736  0.001705  0.001673  0.001668  0.001646  0.001598  0.001461  0.001443  0.001403  0.001422  0.001392  0.001236  0.001185  0.001120  0.001044  0.001018  0.000958  0.000902  0.000862  0.000774  0.000725  0.000722  0.000711  0.000650  0.000636  0.000573  0.000529  0.000501  0.000479  0.000482
B17-02  0.016941  0.017131  0.016701  0.016429  0.016411  0.016064  0.015746  0.015446  0.015308  0.014986  0.014575  0.013885  0.013643  0.013509  0.013367  0.013358  0.013267  0.013047  0.012373  0.012297  0.012106  0.012229  0.012093  0.011250  0.010978  0.010619  0.010179  0.010033  0.009663  0.009312  0.009051  0.008450  0.008092  0.008040  0.007938  0.007446  0.007294  0.006727  0.006277  0.005937  0.005632  0.005542
B17-03  0.007331  0.007413  0.007220  0.007097  0.007088  0.006931  0.006787  0.006651  0.006587  0.006441  0.006254  0.005941  0.005830  0.005767  0.005700  0.005693  0.005650  0.005548  0.005238  0.005201  0.005111  0.005165  0.005101  0.004710  0.004581  0.004412  0.004205  0.004133  0.003957  0.003790  0.003663  0.003377  0.003203  0.003174  0.003120  0.002882  0.002804  0.002528  0.002305  0.002135  0.001981  0.001930
B17-04  0.010660  0.010841  0.010610  0.010482  0.010524  0.010344  0.010182  0.010030  0.009988  0.009818  0.009584  0.009155  0.009033  0.008987  0.008933  0.008973  0.008955  0.008844  0.008404  0.008392  0.008296  0.008429  0.008373  0.007790  0.007627  0.007396  0.007101  0.007025  0.006777  0.006539  0.006368  0.005929  0.005674  0.005658  0.005601  0.005231  0.005129  0.004688  0.004334  0.004067  0.003825  0.003757
B17-08  0.030186  0.030588  0.030155  0.029930  0.030052  0.029716  0.029416  0.029136  0.029081  0.028759  0.028302  0.027431  0.027202  0.027130  0.027044  0.027156  0.027145  0.026934  0.026013  0.026012  0.025827  0.026140  0.026042  0.024788  0.024448  0.023958  0.023320  0.023166  0.022626  0.022106  0.021731  0.020749  0.020178  0.020144  0.020018  0.019171  0.018936  0.017915  0.017091  0.016461  0.015883  0.015711
B17-10  0.000191  0.000203  0.000196  0.000194  0.000200  0.000195  0.000192  0.000189  0.000191  0.000187  0.000180  0.000165  0.000163  0.000164  0.000165  0.000170  0.000173  0.000172  0.000156  0.000159  0.000158  0.000167  0.000167  0.000146  0.000142  0.000136  0.000127  0.000127  0.000119  0.000113  0.000109  0.000094  0.000087  0.000089  0.000090  0.000078  0.000077  0.000063  0.000052  0.000044  0.000038  0.000038
B21-05  0.052083  0.052486  0.051485  0.050841  0.050776  0.049960  0.049212  0.048504  0.048164  0.047404  0.046438  0.044834  0.044253  0.043921  0.043570  0.043524  0.043292  0.042761  0.041180  0.040981  0.040514  0.040777  0.040440  0.038455  0.037796  0.036935  0.035881  0.035513  0.034620  0.033770  0.033127  0.031683  0.030808  0.030655  0.030384  0.029187  0.028794  0.027410  0.026299  0.025451  0.024684  0.024428
B21-07  0.002169  0.002205  0.002125  0.002075  0.002071  0.002007  0.001949  0.001895  0.001870  0.001812  0.001739  0.001619  0.001577  0.001554  0.001530  0.001528  0.001512  0.001474  0.001364  0.001351  0.001320  0.001338  0.001315  0.001184  0.001142  0.001088  0.001023  0.001002  0.000949  0.000900  0.000865  0.000783  0.000737  0.000733  0.000722  0.000662  0.000646  0.000579  0.000530  0.000495  0.000466  0.000463
B22-01  0.352373  0.351409  0.345403  0.340724  0.338162  0.332939  0.327999  0.323240  0.319833  0.314966  0.309408  0.301635  0.297530  0.294341  0.291120  0.289004  0.286266  0.282518  0.275153  0.272642  0.269237  0.268387  0.265500  0.256985  0.253081  0.248530  0.243368  0.240583  0.236062  0.231733  0.228150  0.221926  0.217664  0.215857  0.213690  0.208501  0.206018  0.200328  0.195596  0.191776  0.188272  0.186471
B22-04  0.010601  0.010613  0.010157  0.009826  0.009685  0.009306  0.008954  0.008620  0.008405  0.008065  0.007670  0.007097  0.006833  0.006644  0.006452  0.006347  0.006192  0.005960  0.005462  0.005329  0.005132  0.005117  0.004956  0.004416  0.004198  0.003943  0.003656  0.003525  0.003292  0.003077  0.002913  0.002610  0.002427  0.002379  0.002314  0.002107  0.002038  0.001833  0.001686  0.001590  0.001517  0.001516
B23-01  0.001974  0.001989  0.001875  0.001795  0.001767  0.001674  0.001588  0.001507  0.001458  0.001376  0.001280  0.001140  0.001078  0.001036  0.000992  0.000970  0.000934  0.000881  0.000766  0.000736  0.000692  0.000687  0.000650  0.000534  0.000487  0.000434  0.000377  0.000350  0.000305  0.000266  0.000237  0.000188  0.000161  0.000154  0.000146  0.000123  0.000117  0.000102  0.000098  0.000101  0.000109  0.000117
B23-02  0.003721  0.003735  0.003523  0.003370  0.003309  0.003134  0.002973  0.002821  0.002724  0.002569  0.002391  0.002135  0.002018  0.001935  0.001851  0.001803  0.001734  0.001632  0.001422  0.001363  0.001279  0.001266  0.001195  0.000983  0.000895  0.000796  0.000689  0.000638  0.000555  0.000481  0.000426  0.000334  0.000281  0.000268  0.000251  0.000205  0.000193  0.000162  0.000150  0.000152  0.000165  0.000186
B23-03  0.052128  0.052554  0.051533  0.050878  0.050821  0.049987  0.049221  0.048495  0.048151  0.047368  0.046369  0.044699  0.044096  0.043754  0.043391  0.043349  0.043111  0.042558  0.040890  0.040683  0.040192  0.040476  0.040122  0.038006  0.037303  0.036380  0.035248  0.034849  0.033884  0.032961  0.032259  0.030685  0.029723  0.029546  0.029239  0.027916  0.027471  0.025933  0.024690  0.023731  0.022857  0.022548
B23-07  0.022012  0.022063  0.021253  0.020669  0.020439  0.019765  0.019139  0.018546  0.018172  0.017563  0.016849  0.015793  0.015318  0.014985  0.014646  0.014473  0.014203  0.013784  0.012841  0.012610  0.012249  0.012248  0.011958  0.010904  0.010491  0.009997  0.009432  0.009182  0.008717  0.008285  0.007953  0.007315  0.006925  0.006827  0.006688  0.006223  0.006064  0.005578  0.005212  0.004955  0.004742  0.004701
B25-03  0.013228  0.013306  0.012927  0.012666  0.012593  0.012278  0.011985  0.011707  0.011548  0.011255  0.010896  0.010334  0.010102  0.009951  0.009795  0.009737  0.009620  0.009409  0.008864  0.008761  0.008574  0.008618  0.008473  0.007809  0.007565  0.007259  0.006894  0.006745  0.006434  0.006137  0.005907  0.005429  0.005129  0.005056  0.004946  0.004552  0.004407  0.003960  0.003599  0.003320  0.003068  0.002973
B25-04  0.004323  0.004283  0.004097  0.003952  0.003867  0.003708  0.003558  0.003416  0.003311  0.003168  0.003008  0.002794  0.002677  0.002585  0.002492  0.002428  0.002349  0.002246  0.002061  0.001992  0.001903  0.001872  0.001796  0.001602  0.001509  0.001406  0.001294  0.001232  0.001138  0.001051  0.000981  0.000867  0.000792  0.000761  0.000725  0.000645  0.000609  0.000531  0.000472  0.000430  0.000396  0.000386
B25-07  0.008218  0.008206  0.007946  0.007750  0.007659  0.007436  0.007226  0.007025  0.006890  0.006683  0.006442  0.006091  0.005921  0.005795  0.005666  0.005592  0.005487  0.005331  0.004999  0.004904  0.004764  0.004749  0.004634  0.004244  0.004079  0.003882  0.003655  0.003543  0.003347  0.003159  0.003008  0.002728  0.002543  0.002477  0.002393  0.002163  0.002063  0.001808  0.001600  0.001435  0.001285  0.001217
B30-02  0.017051  0.017026  0.016424  0.015975  0.015765  0.015255  0.014778  0.014323  0.014018  0.013553  0.013014  0.012237  0.011861  0.011586  0.011307  0.011145  0.010916  0.010582  0.009873  0.009671  0.009378  0.009346  0.009105  0.008302  0.007966  0.007569  0.007117  0.006899  0.006517  0.006157  0.005872  0.005345  0.005007  0.004898  0.004757  0.004348  0.004186  0.003748  0.003402  0.003141  0.002913  0.002831
B30-04  0.004748  0.004722  0.004547  0.004412  0.004339  0.004189  0.004047  0.003912  0.003816  0.003679  0.003524  0.003308  0.003195  0.003109  0.003022  0.002965  0.002892  0.002792  0.002596  0.002531  0.002443  0.002421  0.002347  0.002131  0.002034  0.001922  0.001796  0.001730  0.001624  0.001523  0.001442  0.001301  0.001208  0.001172  0.001129  0.001021  0.000973  0.000859  0.000768  0.000699  0.000639  0.000614
B30-05  0.014840  0.014684  0.014063  0.013569  0.013270  0.012735  0.012231  0.011749  0.011389  0.010907  0.010373  0.009664  0.009268  0.008951  0.008635  0.008410  0.008137  0.007791  0.007179  0.006939  0.006638  0.006523  0.006265  0.005627  0.005317  0.004973  0.004600  0.004388  0.004076  0.003786  0.003550  0.003175  0.002925  0.002818  0.002696  0.002431  0.002312  0.002054  0.001859  0.001719  0.001606  0.001572
B30-06  0.373290  0.375742  0.369707  0.365821  0.365447  0.360504  0.355962  0.351650  0.349590  0.344941  0.339010  0.329112  0.325516  0.323456  0.321276  0.321000  0.319563  0.316253  0.306327  0.305071  0.302125  0.303791  0.301669  0.289028  0.284808  0.279275  0.272477  0.270064  0.264254  0.258691  0.254452  0.244963  0.239145  0.238042  0.236156  0.228140  0.225411  0.216079  0.208510  0.202651  0.197297  0.195362
B30-13  0.014891  0.014732  0.014108  0.013611  0.013309  0.012772  0.012266  0.011782  0.011419  0.010936  0.010402  0.009692  0.009295  0.008977  0.008660  0.008432  0.008159  0.007812  0.007202  0.006961  0.006660  0.006543  0.006285  0.005652  0.005344  0.005002  0.004632  0.004421  0.004112  0.003825  0.003593  0.003224  0.002979  0.002873  0.002753  0.002495  0.002379  0.002130  0.001942  0.001810  0.001704  0.001673
B30-23  0.000662  0.000693  0.000678  0.000674  0.000689  0.000680  0.000672  0.000666  0.000671  0.000663  0.000647  0.000609  0.000605  0.000610  0.000614  0.000628  0.000636  0.000633  0.000593  0.000601  0.000600  0.000625  0.000628  0.000571  0.000561  0.000544  0.000519  0.000520  0.000500  0.000481  0.000470  0.000428  0.000407  0.000414  0.000416  0.000380  0.000377  0.000333  0.000299  0.000276  0.000255  0.000255
B30-24  0.000385  0.000402  0.000393  0.000390  0.000398  0.000392  0.000388  0.000383  0.000386  0.000381  0.000371  0.000348  0.000346  0.000348  0.000350  0.000358  0.000362  0.000360  0.000336  0.000341  0.000339  0.000353  0.000355  0.000321  0.000315  0.000305  0.000290  0.000290  0.000278  0.000267  0.000260  0.000236  0.000223  0.000227  0.000227  0.000207  0.000204  0.000179  0.000159  0.000145  0.000133  0.000133
B30-25  0.000232  0.000244  0.000236  0.000234  0.000239  0.000233  0.000229  0.000225  0.000226  0.000221  0.000213  0.000196  0.000193  0.000194  0.000195  0.000199  0.000201  0.000199  0.000181  0.000184  0.000182  0.000191  0.000191  0.000167  0.000162  0.000154  0.000143  0.000142  0.000133  0.000124  0.000119  0.000101  0.000092  0.000093  0.000093  0.000079  0.000076  0.000058  0.000044  0.000034  0.000025  0.000024
B30-26  0.012147  0.012178  0.011541  0.011081  0.010888  0.010361  0.009873  0.009412  0.009112  0.008644  0.008105  0.007332  0.006973  0.006714  0.006451  0.006297  0.006078  0.005762  0.005121  0.004933  0.004667  0.004615  0.004390  0.003739  0.003461  0.003148  0.002809  0.002639  0.002370  0.002130  0.001944  0.001644  0.001464  0.001404  0.001332  0.001166  0.001108  0.000983  0.000915  0.000893  0.000899  0.000937
B30-27  0.021944  0.022132  0.021587  0.021230  0.021173  0.020730  0.020324  0.019941  0.019746  0.019340  0.018834  0.018014  0.017707  0.017525  0.017334  0.017291  0.017158  0.016881  0.016106  0.015993  0.015754  0.015858  0.015681  0.014743  0.014426  0.014019  0.013530  0.013354  0.012947  0.012564  0.012276  0.011645  0.011268  0.011205  0.011093  0.010594  0.010437  0.009877  0.009438  0.009114  0.008829  0.008751
B30-28  0.040156  0.040483  0.039320  0.038540  0.038369  0.037418  0.036545  0.035719  0.035274  0.034406  0.033339  0.031648  0.030988  0.030578  0.030151  0.030021  0.029711  0.029117  0.027541  0.027277  0.026766  0.026927  0.026538  0.024669  0.024014  0.023190  0.022211  0.021840  0.021027  0.020264  0.019689  0.018464  0.017730  0.017593  0.017363  0.016413  0.016108  0.015058  0.014243  0.013645  0.013126  0.012989
B31-01  0.002241  0.002310  0.002272  0.002261  0.002294  0.002268  0.002247  0.002229  0.002239  0.002215  0.002174  0.002080  0.002068  0.002076  0.002082  0.002114  0.002130  0.002121  0.002020  0.002037  0.002030  0.002088  0.002093  0.001949  0.001922  0.001876  0.001812  0.001809  0.001757  0.001707  0.001676  0.001566  0.001510  0.001522  0.001523  0.001431  0.001418  0.001303  0.001214  0.001149  0.001091  0.001086
B31-02  0.071860  0.072811  0.071264  0.070348  0.070458  0.069231  0.068120  0.067077  0.066687  0.065545  0.064032  0.061376  0.060542  0.060149  0.059720  0.059834  0.059612  0.058852  0.056209  0.056036  0.055381  0.056029  0.055602  0.052211  0.051198  0.049817  0.048086  0.047582  0.046132  0.044754  0.043746  0.041289  0.039853  0.039717  0.039365  0.037334  0.036753  0.034376  0.032487  0.031069  0.029792  0.029439
B31-03  0.005043  0.005126  0.004999  0.004925  0.004937  0.004837  0.004747  0.004663  0.004634  0.004542  0.004419  0.004203  0.004137  0.004107  0.004075  0.004087  0.004071  0.004011  0.003799  0.003787  0.003737  0.003792  0.003759  0.003489  0.003410  0.003302  0.003167  0.003130  0.003017  0.002911  0.002835  0.002645  0.002536  0.002529  0.002505  0.002351  0.002310  0.002130  0.001989  0.001885  0.001792  0.001771
B31-04  0.638320  0.644916  0.638308  0.635007  0.637149  0.632142  0.627723  0.623631  0.623031  0.618346  0.611611  0.598595  0.595444  0.594684  0.593708  0.595717  0.595867  0.593025  0.579643  0.579986  0.577614  0.582568  0.581461  0.563498  0.558949  0.552254  0.543480  0.541713  0.534439  0.527516  0.522685  0.509312  0.501824  0.501948  0.500773  0.489573  0.486945  0.473477  0.462826  0.454920  0.447789  0.446239
B31-06  0.003949  0.003985  0.003837  0.003736  0.003711  0.003590  0.003478  0.003372  0.003313  0.003202  0.003067  0.002856  0.002771  0.002717  0.002662  0.002642  0.002601  0.002525  0.002329  0.002294  0.002229  0.002245  0.002195  0.001965  0.001883  0.001781  0.001660  0.001613  0.001512  0.001419  0.001348  0.001199  0.001110  0.001092  0.001063  0.000949  0.000912  0.000787  0.000690  0.000620  0.000559  0.000543
B31-07  0.000929  0.000977  0.000921  0.000892  0.000903  0.000861  0.000824  0.000789  0.000779  0.000742  0.000692  0.000605  0.000581  0.000572  0.000560  0.000565  0.000559  0.000536  0.000461  0.000456  0.000437  0.000452  0.000438  0.000354  0.000329  0.000297  0.000259  0.000247  0.000218  0.000193  0.000175  0.000136  0.000115  0.000114  0.000110  0.000087  0.000083  0.000063  0.000052  0.000047  0.000046  0.000050
B31-08  0.012773  0.013014  0.012708  0.012539  0.012595  0.012358  0.012147  0.011950  0.011895  0.011677  0.011378  0.010833  0.010682  0.010626  0.010562  0.010614  0.010593  0.010457  0.009918  0.009908  0.009794  0.009956  0.009890  0.009197  0.009008  0.008741  0.008402  0.008321  0.008041  0.007778  0.007592  0.007106  0.006832  0.006829  0.006780  0.006386  0.006290  0.005828  0.005467  0.005204  0.004970  0.004924
B31-09  0.009952  0.009948  0.009540  0.009239  0.009104  0.008762  0.008444  0.008141  0.007940  0.007632  0.007275  0.006763  0.006519  0.006341  0.006161  0.006057  0.005909  0.005694  0.005242  0.005114  0.004928  0.004904  0.004751  0.004258  0.004052  0.003812  0.003542  0.003412  0.003189  0.002983  0.002821  0.002530  0.002347  0.002290  0.002218  0.002009  0.001930  0.001719  0.001560  0.001449  0.001359  0.001338
B31-10  0.001639  0.001626  0.001555  0.001499  0.001468  0.001406  0.001349  0.001294  0.001254  0.001199  0.001136  0.001052  0.001006  0.000971  0.000936  0.000912  0.000881  0.000842  0.000767  0.000740  0.000706  0.000695  0.000666  0.000586  0.000549  0.000507  0.000461  0.000436  0.000397  0.000361  0.000331  0.000282  0.000250  0.000238  0.000222  0.000187  0.000171  0.000135  0.000107  0.000087  0.000069  0.000064
B31-12  0.048527  0.048528  0.047344  0.046465  0.046079  0.045061  0.044103  0.043181  0.042575  0.041615  0.040483  0.038808  0.038008  0.037423  0.036826  0.036493  0.036004  0.035263  0.033623  0.033171  0.032492  0.032444  0.031884  0.029906  0.029073  0.028068  0.026899  0.026324  0.025298  0.024311  0.023506  0.022008  0.021005  0.020633  0.020161  0.018884  0.018310  0.016873  0.015675  0.014709  0.013815  0.013373
B31-13  0.000284  0.000299  0.000288  0.000284  0.000290  0.000283  0.000277  0.000271  0.000272  0.000266  0.000256  0.000235  0.000231  0.000232  0.000232  0.000237  0.000239  0.000235  0.000215  0.000217  0.000215  0.000224  0.000223  0.000197  0.000191  0.000182  0.000171  0.000169  0.000160  0.000152  0.000146  0.000129  0.000120  0.000122  0.000122  0.000108  0.000106  0.000090  0.000078  0.000070  0.000063  0.000063
B31-14  0.022238  0.022159  0.021371  0.020771  0.020466  0.019794  0.019162  0.018558  0.018140  0.017525  0.016821  0.015827  0.015325  0.014946  0.014563  0.014325  0.014006  0.013558  0.012653  0.012369  0.011974  0.011898  0.011568  0.010554  0.010111  0.009594  0.009011  0.008714  0.008218  0.007751  0.007375  0.006707  0.006270  0.006110  0.005913  0.005393  0.005172  0.004620  0.004180  0.003845  0.003550  0.003432
B31-15  0.000325  0.000341  0.000331  0.000328  0.000335  0.000329  0.000323  0.000319  0.000320  0.000314  0.000305  0.000283  0.000280  0.000281  0.000282  0.000289  0.000292  0.000289  0.000267  0.000270  0.000269  0.000280  0.000281  0.000251  0.000245  0.000235  0.000222  0.000221  0.000211  0.000201  0.000195  0.000173  0.000162  0.000165  0.000166  0.000148  0.000146  0.000125  0.000109  0.000098  0.000088  0.000088
B31-16  0.027815  0.027805  0.027001  0.026404  0.026137  0.025453  0.024813  0.024200  0.023797  0.023166  0.022429  0.021352  0.020840  0.020466  0.020087  0.019874  0.019565  0.019102  0.018094  0.017817  0.017405  0.017373  0.017036  0.015866  0.015380  0.014799  0.014131  0.013811  0.013239  0.012696  0.012262  0.011451  0.010924  0.010747  0.010519  0.009866  0.009595  0.008879  0.008301  0.007852  0.007449  0.007281
B31-20  0.000712  0.000733  0.000721  0.000718  0.000727  0.000719  0.000713  0.000707  0.000710  0.000703  0.000691  0.000663  0.000659  0.000661  0.000663  0.000672  0.000676  0.000673  0.000643  0.000648  0.000646  0.000663  0.000664  0.000621  0.000613  0.000600  0.000580  0.000579  0.000564  0.000549  0.000539  0.000507  0.000490  0.000494  0.000494  0.000466  0.000462  0.000428  0.000401  0.000382  0.000365  0.000363
B31-21  0.000564  0.000605  0.000581  0.000574  0.000592  0.000576  0.000563  0.000551  0.000555  0.000541  0.000518  0.000469  0.000462  0.000465  0.000467  0.000481  0.000486  0.000480  0.000433  0.000439  0.000435  0.000457  0.000456  0.000397  0.000385  0.000367  0.000342  0.000341  0.000322  0.000305  0.000294  0.000260  0.000243  0.000248  0.000249  0.000224  0.000222  0.000194  0.000174  0.000162  0.000152  0.000154
B31-22  0.001349  0.001380  0.001324  0.001290  0.001291  0.001247  0.001207  0.001170  0.001154  0.001115  0.001064  0.000978  0.000950  0.000936  0.000920  0.000921  0.000911  0.000886  0.000808  0.000800  0.000779  0.000793  0.000778  0.000687  0.000659  0.000622  0.000579  0.000565  0.000530  0.000497  0.000474  0.000422  0.000392  0.000390  0.000384  0.000346  0.000337  0.000297  0.000268  0.000249  0.000233  0.000233
B31-23  0.001169  0.001182  0.001144  0.001119  0.001115  0.001084  0.001056  0.001029  0.001016  0.000987  0.000952  0.000895  0.000873  0.000860  0.000847  0.000844  0.000834  0.000814  0.000759  0.000751  0.000734  0.000742  0.000729  0.000662  0.000639  0.000609  0.000574  0.000561  0.000531  0.000503  0.000482  0.000435  0.000407  0.000401  0.000393  0.000355  0.000343  0.000300  0.000266  0.000241  0.000218  0.000211
B31-25  0.005268  0.005385  0.005322  0.005303  0.005360  0.005317  0.005282  0.005251  0.005269  0.005230  0.005160  0.005001  0.004981  0.004995  0.005007  0.005061  0.005089  0.005073  0.004902  0.004932  0.004921  0.005020  0.005028  0.004784  0.004740  0.004663  0.004553  0.004549  0.004461  0.004377  0.004325  0.004139  0.004044  0.004066  0.004068  0.003912  0.003890  0.003696  0.003545  0.003436  0.003338  0.003330
B31-26  0.001168  0.001254  0.001206  0.001191  0.001229  0.001197  0.001171  0.001148  0.001157  0.001128  0.001082  0.000983  0.000970  0.000977  0.000981  0.001009  0.001021  0.001008  0.000914  0.000927  0.000918  0.000962  0.000960  0.000842  0.000819  0.000782  0.000733  0.000730  0.000693  0.000659  0.000638  0.000571  0.000539  0.000548  0.000551  0.000503  0.000499  0.000445  0.000408  0.000385  0.000367  0.000372
B31-27  0.000556  0.000579  0.000560  0.000551  0.000559  0.000546  0.000534  0.000523  0.000522  0.000510  0.000491  0.000454  0.000447  0.000446  0.000445  0.000452  0.000454  0.000447  0.000411  0.000413  0.000408  0.000423  0.000421  0.000373  0.000363  0.000346  0.000325  0.000322  0.000304  0.000288  0.000278  0.000246  0.000229  0.000232  0.000231  0.000206  0.000202  0.000172  0.000150  0.000134  0.000120  0.000120
B31-28  0.000755  0.000782  0.000766  0.000760  0.000772  0.000760  0.000750  0.000741  0.000744  0.000733  0.000715  0.000676  0.000670  0.000672  0.000674  0.000685  0.000690  0.000685  0.000644  0.000650  0.000646  0.000668  0.000669  0.000611  0.000600  0.000581  0.000554  0.000552  0.000531  0.000511  0.000498  0.000455  0.000433  0.000437  0.000437  0.000401  0.000395  0.000351  0.000317  0.000292  0.000270  0.000267
B32-02  0.025593  0.025787  0.025166  0.024753  0.024676  0.024163  0.023690  0.023240  0.023005  0.022525  0.021926  0.020955  0.020580  0.020350  0.020109  0.020048  0.019877  0.019533  0.018575  0.018424  0.018118  0.018238  0.018008  0.016813  0.016395  0.015858  0.015208  0.014960  0.014405  0.013874  0.013466  0.012586  0.012041  0.011920  0.011730  0.010995  0.010733  0.009888  0.009203  0.008673  0.008190  0.008009
B32-03  0.012845  0.012894  0.012495  0.012213  0.012114  0.011782  0.011473  0.011180  0.011002  0.010697  0.010333  0.009779  0.009539  0.009375  0.009207  0.009130  0.009000  0.008783  0.008267  0.008153  0.007963  0.007981  0.007831  0.007226  0.006995  0.006712  0.006382  0.006239  0.005961  0.005698  0.005494  0.005088  0.004834  0.004767  0.004672  0.004352  0.004234  0.003882  0.003603  0.003393  0.003208  0.003144
B32-04  0.008968  0.009022  0.008715  0.008501  0.008435  0.008181  0.007947  0.007725  0.007595  0.007364  0.007087  0.006662  0.006484  0.006366  0.006245  0.006194  0.006100  0.005941  0.005553  0.005472  0.005335  0.005355  0.005247  0.004798  0.004631  0.004427  0.004188  0.004090  0.003892  0.003707  0.003566  0.003282  0.003109  0.003069  0.003010  0.002794  0.002721  0.002488  0.002309  0.002179  0.002067  0.002038
B32-05  0.015178  0.015266  0.014879  0.014615  0.014546  0.014227  0.013933  0.013654  0.013497  0.013204  0.012847  0.012287  0.012060  0.011914  0.011763  0.011710  0.011597  0.011393  0.010864  0.010767  0.010588  0.010633  0.010495  0.009864  0.009636  0.009350  0.009012  0.008877  0.008593  0.008325  0.008119  0.007690  0.007427  0.007370  0.007280  0.006939  0.006821  0.006441  0.006140  0.005915  0.005715  0.005651
B32-06  0.017189  0.017419  0.016962  0.016678  0.016678  0.016310  0.015974  0.015658  0.015521  0.015179  0.014735  0.013978  0.013722  0.013587  0.013442  0.013446  0.013358  0.013124  0.012376  0.012303  0.012098  0.012251  0.012110  0.011160  0.010860  0.010460  0.009965  0.009806  0.009389  0.008993  0.008697  0.008009  0.007598  0.007542  0.007427  0.006857  0.006681  0.006019  0.005490  0.005089  0.004727  0.004617
B32-07  0.030889  0.031186  0.030496  0.030057  0.030024  0.029466  0.028955  0.028473  0.028248  0.027731  0.027072  0.025973  0.025583  0.025366  0.025135  0.025114  0.024965  0.024611  0.023540  0.023414  0.023106  0.023293  0.023073  0.021738  0.021303  0.020733  0.020035  0.019799  0.019213  0.018657  0.018241  0.017295  0.016729  0.016643  0.016479  0.015706  0.015464  0.014576  0.013870  0.013338  0.012862  0.012718
B32-08  0.001813  0.001884  0.001803  0.001760  0.001777  0.001716  0.001662  0.001612  0.001599  0.001544  0.001470  0.001337  0.001302  0.001289  0.001274  0.001285  0.001278  0.001246  0.001126  0.001122  0.001095  0.001126  0.001108  0.000967  0.000928  0.000875  0.000811  0.000795  0.000744  0.000698  0.000667  0.000589  0.000549  0.000550  0.000544  0.000491  0.000481  0.000426  0.000388  0.000364  0.000347  0.000350
B32-10  0.011442  0.011593  0.011254  0.011040  0.011026  0.010753  0.010503  0.010269  0.010160  0.009909  0.009588  0.009053  0.008866  0.008762  0.008653  0.008645  0.008575  0.008405  0.007890  0.007831  0.007685  0.007777  0.007673  0.007037  0.006832  0.006563  0.006235  0.006126  0.005852  0.005594  0.005402  0.004963  0.004704  0.004669  0.004598  0.004245  0.004140  0.003737  0.003420  0.003185  0.002977  0.002921
B32-12  0.000481  0.000496  0.000482  0.000474  0.000479  0.000468  0.000459  0.000450  0.000449  0.000439  0.000425  0.000397  0.000391  0.000390  0.000388  0.000392  0.000392  0.000387  0.000360  0.000361  0.000356  0.000366  0.000364  0.000330  0.000321  0.000309  0.000293  0.000290  0.000277  0.000265  0.000257  0.000234  0.000222  0.000223  0.000222  0.000204  0.000200  0.000179  0.000163  0.000151  0.000142  0.000141
B32-14  0.003179  0.003240  0.003089  0.002992  0.002980  0.002859  0.002750  0.002647  0.002596  0.002488  0.002354  0.002142  0.002064  0.002018  0.001970  0.001958  0.001922  0.001852  0.001666  0.001637  0.001578  0.001596  0.001550  0.001344  0.001272  0.001185  0.001083  0.001045  0.000965  0.000892  0.000838  0.000729  0.000667  0.000658  0.000641  0.000570  0.000550  0.000481  0.000434  0.000405  0.000386  0.000390
B32-17  0.000996  0.001022  0.000991  0.000975  0.000981  0.000957  0.000936  0.000917  0.000912  0.000890  0.000860  0.000806  0.000791  0.000786  0.000780  0.000786  0.000784  0.000771  0.000718  0.000717  0.000706  0.000723  0.000717  0.000648  0.000630  0.000604  0.000571  0.000564  0.000537  0.000512  0.000494  0.000448  0.000422  0.000422  0.000418  0.000381  0.000372  0.000329  0.000295  0.000271  0.000250  0.000247
B33-02  0.054702  0.055136  0.054039  0.053329  0.053252  0.052353  0.051526  0.050741  0.050360  0.049515  0.048440  0.046656  0.046001  0.045621  0.045220  0.045159  0.044890  0.044287  0.042503  0.042267  0.041730  0.042014  0.041623  0.039361  0.038599  0.037603  0.036384  0.035944  0.034903  0.033905  0.033143  0.031454  0.030415  0.030210  0.029866  0.028442  0.027951  0.026298  0.024957  0.023919  0.022971  0.022624
B33-03  0.017395  0.017315  0.016710  0.016244  0.015998  0.015480  0.014992  0.014526  0.014198  0.013724  0.013185  0.012431  0.012043  0.011747  0.011448  0.011256  0.011005  0.010659  0.009976  0.009753  0.009448  0.009378  0.009122  0.008363  0.008024  0.007633  0.007193  0.006964  0.006590  0.006238  0.005953  0.005455  0.005127  0.005003  0.004852  0.004466  0.004299  0.003892  0.003568  0.003320  0.003104  0.003015
B33-04  0.016306  0.016409  0.016022  0.015760  0.015701  0.015379  0.015082  0.014799  0.014645  0.014344  0.013972  0.013376  0.013139  0.012990  0.012834  0.012786  0.012673  0.012455  0.011870  0.011769  0.011575  0.011637  0.011489  0.010763  0.010503  0.010173  0.009775  0.009617  0.009277  0.008951  0.008698  0.008165  0.007831  0.007752  0.007631  0.007185  0.007023  0.006512  0.006098  0.005776  0.005482  0.005369
B33-05  0.002586  0.002628  0.002555  0.002512  0.002515  0.002458  0.002406  0.002357  0.002337  0.002284  0.002215  0.002094  0.002056  0.002037  0.002017  0.002021  0.002010  0.001975  0.001857  0.001849  0.001819  0.001846  0.001827  0.001679  0.001635  0.001575  0.001501  0.001479  0.001417  0.001359  0.001317  0.001215  0.001156  0.001151  0.001137  0.001055  0.001032  0.000937  0.000862  0.000808  0.000759  0.000747
B33-06  0.001647  0.001715  0.001632  0.001588  0.001602  0.001539  0.001484  0.001433  0.001417  0.001361  0.001287  0.001155  0.001119  0.001104  0.001087  0.001096  0.001087  0.001053  0.000936  0.000930  0.000903  0.000928  0.000908  0.000775  0.000736  0.000685  0.000624  0.000607  0.000559  0.000516  0.000486  0.000416  0.000379  0.000379  0.000373  0.000327  0.000318  0.000273  0.000243  0.000226  0.000214  0.000218
B33-07  0.003850  0.003936  0.003801  0.003722  0.003733  0.003627  0.003532  0.003444  0.003411  0.003315  0.003189  0.002970  0.002903  0.002873  0.002839  0.002848  0.002830  0.002769  0.002564  0.002550  0.002500  0.002548  0.002514  0.002263  0.002189  0.002090  0.001968  0.001934  0.001834  0.001742  0.001677  0.001516  0.001426  0.001423  0.001405  0.001283  0.001253  0.001115  0.001011  0.000937  0.000875  0.000867
B33-08  0.003137  0.003165  0.003051  0.002974  0.002955  0.002861  0.002775  0.002694  0.002649  0.002564  0.002460  0.002297  0.002232  0.002190  0.002147  0.002133  0.002101  0.002042  0.001891  0.001864  0.001814  0.001827  0.001788  0.001610  0.001547  0.001467  0.001374  0.001337  0.001259  0.001187  0.001131  0.001016  0.000946  0.000932  0.000910  0.000821  0.000792  0.000694  0.000618  0.000563  0.000515  0.000502
B33-10  0.005727  0.005755  0.005549  0.005403  0.005354  0.005183  0.005024  0.004874  0.004784  0.004628  0.004442  0.004160  0.004039  0.003956  0.003872  0.003834  0.003768  0.003660  0.003402  0.003345  0.003251  0.003260  0.003185  0.002888  0.002775  0.002637  0.002477  0.002409  0.002276  0.002152  0.002056  0.001866  0.001749  0.001720  0.001678  0.001533  0.001482  0.001325  0.001204  0.001115  0.001038  0.001016
B33-11  0.002876  0.002888  0.002764  0.002676  0.002643  0.002541  0.002446  0.002357  0.002301  0.002209  0.002102  0.001943  0.001873  0.001824  0.001773  0.001747  0.001707  0.001645  0.001507  0.001472  0.001419  0.001417  0.001374  0.001225  0.001166  0.001096  0.001018  0.000982  0.000919  0.000861  0.000816  0.000734  0.000685  0.000672  0.000654  0.000599  0.000580  0.000527  0.000489  0.000465  0.000447  0.000446
B34-01  0.001097  0.001126  0.001070  0.001035  0.001034  0.000989  0.000949  0.000912  0.000895  0.000855  0.000805  0.000724  0.000696  0.000681  0.000664  0.000662  0.000650  0.000625  0.000554  0.000545  0.000524  0.000532  0.000515  0.000438  0.000412  0.000380  0.000342  0.000329  0.000300  0.000273  0.000254  0.000215  0.000194  0.000191  0.000185  0.000161  0.000155  0.000132  0.000117  0.000109  0.000105  0.000108
B34-02  0.208237  0.209860  0.204918  0.201644  0.201084  0.197007  0.193245  0.189669  0.187825  0.184003  0.179211  0.171406  0.168419  0.166608  0.164709  0.164257  0.162924  0.160179  0.152450  0.151273  0.148826  0.149846  0.148023  0.138339  0.134973  0.130638  0.125375  0.123386  0.118885  0.114582  0.111271  0.104105  0.099664  0.098698  0.097161  0.091152  0.089021  0.082095  0.076477  0.072122  0.068151  0.066663
B34-03  0.125528  0.126293  0.124365  0.123115  0.122981  0.121387  0.119915  0.118513  0.117830  0.116310  0.114371  0.111141  0.109942  0.109238  0.108492  0.108366  0.107860  0.106739  0.103439  0.102980  0.101963  0.102467  0.101719  0.097470  0.096009  0.094103  0.091764  0.090887  0.088863  0.086913  0.085402  0.082104  0.080037  0.079567  0.078827  0.075985  0.074943  0.071623  0.068894  0.066743  0.064755  0.063947
B34-04  0.001249  0.001253  0.001189  0.001143  0.001125  0.001072  0.001023  0.000977  0.000947  0.000900  0.000845  0.000766  0.000730  0.000704  0.000677  0.000663  0.000641  0.000609  0.000541  0.000523  0.000496  0.000492  0.000470  0.000398  0.000368  0.000334  0.000296  0.000279  0.000248  0.000220  0.000199  0.000161  0.000139  0.000132  0.000123  0.000099  0.000091  0.000069  0.000054  0.000045  0.000039  0.000040
B34-05  0.001470  0.001494  0.001436  0.001399  0.001395  0.001348  0.001306  0.001266  0.001247  0.001204  0.001151  0.001064  0.001033  0.001016  0.000997  0.000994  0.000982  0.000954  0.000874  0.000864  0.000840  0.000852  0.000834  0.000740  0.000710  0.000670  0.000623  0.000607  0.000568  0.000532  0.000506  0.000448  0.000415  0.000410  0.000402  0.000358  0.000346  0.000299  0.000263  0.000239  0.000218  0.000214
B34-07  0.001280  0.001321  0.001294  0.001284  0.001301  0.001283  0.001267  0.001254  0.001257  0.001240  0.001214  0.001158  0.001149  0.001151  0.001152  0.001167  0.001173  0.001165  0.001110  0.001117  0.001111  0.001138  0.001138  0.001064  0.001049  0.001025  0.000992  0.000990  0.000964  0.000940  0.000926  0.000876  0.000851  0.000857  0.000857  0.000818  0.000813  0.000766  0.000731  0.000706  0.000686  0.000686
B34-08  0.013186  0.013210  0.012733  0.012387  0.012248  0.011849  0.011477  0.011123  0.010898  0.010535  0.010107  0.009475  0.009188  0.008984  0.008777  0.008669  0.008503  0.008246  0.007671  0.007526  0.007303  0.007299  0.007118  0.006464  0.006203  0.005890  0.005531  0.005369  0.005068  0.004787  0.004567  0.004148  0.003885  0.003810  0.003708  0.003389  0.003270  0.002928  0.002662  0.002466  0.002296  0.002243
B34-09  0.001801  0.001864  0.001834  0.001827  0.001858  0.001839  0.001824  0.001810  0.001822  0.001804  0.001771  0.001692  0.001685  0.001695  0.001703  0.001733  0.001750  0.001744  0.001659  0.001677  0.001674  0.001727  0.001734  0.001612  0.001591  0.001554  0.001501  0.001501  0.001459  0.001418  0.001394  0.001302  0.001255  0.001269  0.001273  0.001196  0.001187  0.001090  0.001015  0.000962  0.000915  0.000913
B35-01  0.028206  0.028432  0.027787  0.027364  0.027300  0.026769  0.026280  0.025816  0.025581  0.025084  0.024458  0.023431  0.023044  0.022813  0.022569  0.022518  0.022350  0.021994  0.020975  0.020827  0.020510  0.020654  0.020419  0.019139  0.018699  0.018130  0.017437  0.017179  0.016587  0.016021  0.015586  0.014638  0.014052  0.013929  0.013730  0.012935  0.012656  0.011737  0.010992  0.010416  0.009890  0.009695
B35-02  0.011212  0.011216  0.010842  0.010567  0.010448  0.010133  0.009838  0.009558  0.009375  0.009087  0.008749  0.008256  0.008024  0.007858  0.007689  0.007596  0.007459  0.007252  0.006798  0.006677  0.006496  0.006485  0.006336  0.005818  0.005606  0.005353  0.005063  0.004927  0.004682  0.004452  0.004269  0.003927  0.003708  0.003640  0.003550  0.003283  0.003178  0.002890  0.002662  0.002490  0.002338  0.002283
B35-03  0.001072  0.001099  0.001042  0.001006  0.001003  0.000958  0.000917  0.000879  0.000860  0.000820  0.000770  0.000689  0.000660  0.000644  0.000627  0.000623  0.000610  0.000584  0.000515  0.000504  0.000483  0.000489  0.000472  0.000396  0.000370  0.000339  0.000302  0.000289  0.000260  0.000235  0.000216  0.000179  0.000159  0.000156  0.000150  0.000128  0.000122  0.000102  0.000090  0.000084  0.000081  0.000084
B35-05  0.020476  0.020554  0.020014  0.019634  0.019509  0.019056  0.018634  0.018232  0.017992  0.017571  0.017061  0.016277  0.015940  0.015711  0.015476  0.015374  0.015193  0.014884  0.014127  0.013964  0.013688  0.013725  0.013508  0.012591  0.012241  0.011807  0.011295  0.011074  0.010634  0.010214  0.009884  0.009221  0.008799  0.008681  0.008514  0.007966  0.007753  0.007134  0.006631  0.006239  0.005884  0.005739
B35-06  0.001723  0.001776  0.001724  0.001699  0.001716  0.001678  0.001644  0.001614  0.001609  0.001574  0.001525  0.001429  0.001407  0.001402  0.001396  0.001411  0.001412  0.001392  0.001298  0.001301  0.001285  0.001320  0.001312  0.001191  0.001162  0.001118  0.001062  0.001052  0.001006  0.000964  0.000935  0.000854  0.000810  0.000814  0.000810  0.000746  0.000733  0.000658  0.000600  0.000560  0.000525  0.000521
B35-07  0.005709  0.005666  0.005453  0.005285  0.005189  0.005005  0.004831  0.004665  0.004543  0.004375  0.004186  0.003928  0.003788  0.003679  0.003569  0.003494  0.003400  0.003276  0.003044  0.002960  0.002850  0.002817  0.002723  0.002468  0.002349  0.002213  0.002062  0.001980  0.001850  0.001729  0.001629  0.001462  0.001349  0.001302  0.001247  0.001117  0.001058  0.000922  0.000813  0.000729  0.000656  0.000624
B35-09  0.000471  0.000483  0.000466  0.000457  0.000459  0.000446  0.000434  0.000424  0.000420  0.000408  0.000392  0.000364  0.000356  0.000352  0.000348  0.000351  0.000349  0.000342  0.000314  0.000313  0.000307  0.000314  0.000311  0.000276  0.000266  0.000252  0.000235  0.000231  0.000217  0.000204  0.000195  0.000171  0.000158  0.000157  0.000155  0.000136  0.000132  0.000110  0.000093  0.000081  0.000071  0.000069
B35-10  0.001249  0.001252  0.001188  0.001142  0.001123  0.001070  0.001021  0.000974  0.000944  0.000897  0.000842  0.000762  0.000726  0.000699  0.000673  0.000658  0.000636  0.000604  0.000536  0.000518  0.000490  0.000486  0.000464  0.000393  0.000364  0.000330  0.000293  0.000275  0.000245  0.000218  0.000197  0.000161  0.000139  0.000132  0.000124  0.000101  0.000093  0.000073  0.000060  0.000052  0.000047  0.000049
B35-15  0.002448  0.002457  0.002376  0.002319  0.002299  0.002231  0.002169  0.002109  0.002072  0.002010  0.001936  0.001823  0.001773  0.001739  0.001704  0.001688  0.001661  0.001616  0.001510  0.001485  0.001446  0.001449  0.001418  0.001291  0.001243  0.001183  0.001113  0.001082  0.001023  0.000966  0.000922  0.000834  0.000779  0.000764  0.000742  0.000671  0.000644  0.000566  0.000503  0.000455  0.000412  0.000395
B36-01  2.090623  2.087157  2.054147  2.028738  2.015688  1.986780  1.959363  1.932849  1.914288  1.886787  1.854906  1.809280  1.785739  1.767655  1.749247  1.737578  1.721950  1.699885  1.654834  1.640123  1.619610  1.615281  1.597833  1.543799  1.519228  1.490174  1.456804  1.438821  1.409091  1.380317  1.356255  1.313995  1.284621  1.271778  1.256301  1.219561  1.201340  1.160209  1.125319  1.096485  1.069506  1.054531
B36-02  0.011948  0.011959  0.011590  0.011320  0.011208  0.010896  0.010606  0.010329  0.010151  0.009866  0.009530  0.009035  0.008806  0.008643  0.008477  0.008388  0.008254  0.008049  0.007590  0.007471  0.007290  0.007285  0.007138  0.006608  0.006393  0.006136  0.005839  0.005702  0.005451  0.005213  0.005026  0.004669  0.004441  0.004372  0.004279  0.003997  0.003886  0.003579  0.003334  0.003148  0.002984  0.002922
B36-04  0.005262  0.005201  0.004976  0.004796  0.004685  0.004491  0.004307  0.004132  0.003999  0.003824  0.003631  0.003374  0.003230  0.003113  0.002997  0.002914  0.002814  0.002687  0.002466  0.002378  0.002267  0.002224  0.002129  0.001899  0.001786  0.001661  0.001525  0.001447  0.001333  0.001227  0.001141  0.001004  0.000913  0.000873  0.000827  0.000730  0.000686  0.000591  0.000519  0.000467  0.000424  0.000410
B36-05  0.005277  0.005296  0.005084  0.004933  0.004876  0.004700  0.004537  0.004382  0.004286  0.004126  0.003938  0.003659  0.003534  0.003448  0.003360  0.003316  0.003246  0.003136  0.002885  0.002824  0.002729  0.002730  0.002653  0.002371  0.002260  0.002128  0.001977  0.001910  0.001784  0.001668  0.001578  0.001405  0.001299  0.001272  0.001233  0.001106  0.001061  0.000928  0.000827  0.000755  0.000695  0.000680
B36-07  0.009626  0.009608  0.009192  0.008882  0.008736  0.008386  0.008061  0.007751  0.007543  0.007229  0.006869  0.006360  0.006112  0.005928  0.005742  0.005630  0.005476  0.005258  0.004817  0.004683  0.004496  0.004461  0.004305  0.003834  0.003632  0.003400  0.003142  0.003014  0.002803  0.002608  0.002456  0.002190  0.002024  0.001969  0.001901  0.001719  0.001650  0.001473  0.001344  0.001257  0.001191  0.001182
B36-08  0.002676  0.002683  0.002602  0.002544  0.002523  0.002454  0.002391  0.002330  0.002292  0.002229  0.002153  0.002038  0.001987  0.001951  0.001915  0.001898  0.001869  0.001822  0.001712  0.001687  0.001645  0.001648  0.001615  0.001483  0.001431  0.001368  0.001294  0.001261  0.001197  0.001137  0.001089  0.000995  0.000934  0.000916  0.000892  0.000814  0.000784  0.000697  0.000627  0.000572  0.000522  0.000502
B36-09  0.000880  0.000902  0.000867  0.000847  0.000849  0.000822  0.000797  0.000774  0.000766  0.000741  0.000709  0.000653  0.000636  0.000628  0.000619  0.000621  0.000616  0.000600  0.000549  0.000545  0.000532  0.000543  0.000535  0.000473  0.000454  0.000430  0.000400  0.000392  0.000368  0.000346  0.000330  0.000292  0.000271  0.000270  0.000266  0.000238  0.000232  0.000201  0.000178  0.000163  0.000150  0.000149
B36-11  0.020904  0.020991  0.020363  0.019920  0.019772  0.019246  0.018757  0.018290  0.018011  0.017524  0.016937  0.016035  0.015647  0.015384  0.015113  0.014995  0.014786  0.014433  0.013571  0.013385  0.013071  0.013111  0.012864  0.011829  0.011435  0.010948  0.010374  0.010127  0.009637  0.009171  0.008805  0.008072  0.007609  0.007481  0.007302  0.006702  0.006474  0.005802  0.005260  0.004841  0.004463  0.004316
B36-12  0.014281  0.014432  0.014160  0.013994  0.014003  0.013784  0.013583  0.013393  0.013316  0.013108  0.012834  0.012359  0.012201  0.012120  0.012033  0.012043  0.011993  0.011847  0.011362  0.011319  0.011189  0.011296  0.011208  0.010576  0.010378  0.010110  0.009776  0.009668  0.009383  0.009110  0.008904  0.008423  0.008132  0.008087  0.008001  0.007591  0.007459  0.006976  0.006585  0.006282  0.006005  0.005909
B36-13  0.000636  0.000654  0.000637  0.000629  0.000635  0.000623  0.000612  0.000602  0.000601  0.000589  0.000572  0.000538  0.000530  0.000529  0.000527  0.000532  0.000533  0.000526  0.000491  0.000493  0.000487  0.000500  0.000498  0.000450  0.000438  0.000421  0.000397  0.000393  0.000373  0.000355  0.000342  0.000306  0.000285  0.000286  0.000283  0.000252  0.000245  0.000208  0.000179  0.000157  0.000137  0.000132
B36-15  0.020341  0.020464  0.019962  0.019620  0.019536  0.019119  0.018733  0.018365  0.018162  0.017774  0.017295  0.016537  0.016231  0.016036  0.015833  0.015765  0.015616  0.015336  0.014597  0.014465  0.014217  0.014288  0.014098  0.013190  0.012862  0.012447  0.011950  0.011752  0.011328  0.010923  0.010610  0.009953  0.009542  0.009444  0.009296  0.008751  0.008553  0.007933  0.007432  0.007044  0.006693  0.006560
B36-16  0.000540  0.000553  0.000534  0.000523  0.000525  0.000510  0.000497  0.000484  0.000480  0.000467  0.000449  0.000417  0.000407  0.000403  0.000399  0.000401  0.000398  0.000390  0.000359  0.000358  0.000350  0.000358  0.000354  0.000315  0.000304  0.000289  0.000270  0.000265  0.000250  0.000235  0.000225  0.000199  0.000184  0.000184  0.000181  0.000161  0.000156  0.000132  0.000114  0.000101  0.000089  0.000087
B36-17  0.125669  0.126329  0.123743  0.121983  0.121567  0.119410  0.117409  0.115500  0.114451  0.112422  0.109909  0.105897  0.104281  0.103250  0.102176  0.101825  0.101036  0.099543  0.095561  0.094851  0.093507  0.093898  0.092868  0.087900  0.086095  0.083804  0.081046  0.079930  0.077553  0.075273  0.073491  0.069766  0.067412  0.066810  0.065921  0.062770  0.061580  0.057960  0.055000  0.052676  0.050546  0.049675
B36-18  0.054975  0.055373  0.054289  0.053581  0.053485  0.052594  0.051774  0.050995  0.050607  0.049771  0.048714  0.046974  0.046324  0.045941  0.045536  0.045460  0.045184  0.044586  0.042855  0.042612  0.042080  0.042336  0.041945  0.039762  0.039017  0.038050  0.036871  0.036437  0.035429  0.034465  0.033726  0.032104  0.031104  0.030900  0.030563  0.029200  0.028726  0.027149  0.025871  0.024881  0.023978  0.023645
B36-19  0.000541  0.000555  0.000536  0.000526  0.000528  0.000514  0.000501  0.000489  0.000485  0.000472  0.000454  0.000422  0.000412  0.000409  0.000404  0.000407  0.000405  0.000397  0.000365  0.000364  0.000357  0.000366  0.000362  0.000322  0.000311  0.000295  0.000276  0.000271  0.000255  0.000240  0.000229  0.000202  0.000186  0.000186  0.000183  0.000161  0.000156  0.000130  0.000110  0.000096  0.000083  0.000081
B36-20  0.003096  0.003135  0.003041  0.002980  0.002974  0.002898  0.002828  0.002762  0.002730  0.002660  0.002570  0.002422  0.002368  0.002338  0.002306  0.002303  0.002282  0.002233  0.002090  0.002072  0.002030  0.002054  0.002024  0.001846  0.001788  0.001712  0.001620  0.001588  0.001510  0.001437  0.001382  0.001258  0.001184  0.001172  0.001151  0.001050  0.001019  0.000904  0.000813  0.000745  0.000684  0.000666
B36-21  0.435920  0.438819  0.430320  0.424708  0.423813  0.416780  0.410284  0.404097  0.400936  0.394295  0.385928  0.372226  0.366996  0.363831  0.360506  0.359743  0.357417  0.352571  0.338817  0.336733  0.332373  0.334225  0.330976  0.313553  0.307474  0.299624  0.290065  0.286417  0.278188  0.270289  0.264174  0.250975  0.242725  0.240837  0.237892  0.226670  0.222584  0.209577  0.198947  0.190626  0.182984  0.179962
B36-22  0.003644  0.003697  0.003589  0.003521  0.003520  0.003432  0.003353  0.003279  0.003246  0.003166  0.003063  0.002889  0.002830  0.002798  0.002765  0.002765  0.002744  0.002690  0.002522  0.002505  0.002459  0.002492  0.002460  0.002251  0.002185  0.002098  0.001992  0.001958  0.001869  0.001785  0.001723  0.001579  0.001494  0.001484  0.001462  0.001346  0.001312  0.001179  0.001075  0.000997  0.000929  0.000911
B36-23  0.018719  0.018868  0.018429  0.018140  0.018093  0.017734  0.017403  0.017090  0.016930  0.016596  0.016178  0.015497  0.015240  0.015086  0.014925  0.014890  0.014777  0.014543  0.013880  0.013783  0.013578  0.013669  0.013516  0.012696  0.012415  0.012054  0.011615  0.011455  0.011084  0.010731  0.010463  0.009876  0.009518  0.009449  0.009333  0.008851  0.008689  0.008137  0.007695  0.007358  0.007055  0.006953
B36-24  0.020743  0.020870  0.020267  0.019852  0.019737  0.019236  0.018773  0.018331  0.018081  0.017617  0.017050  0.016162  0.015797  0.015560  0.015314  0.015223  0.015040  0.014708  0.013854  0.013692  0.013399  0.013467  0.013240  0.012206  0.011828  0.011353  0.010788  0.010559  0.010078  0.009622  0.009268  0.008536  0.008079  0.007968  0.007803  0.007205  0.006987  0.006312  0.005769  0.005353  0.004978  0.004841
B36-25  0.018798  0.018960  0.018440  0.018094  0.018030  0.017602  0.017207  0.016832  0.016636  0.016237  0.015739  0.014934  0.014624  0.014435  0.014237  0.014187  0.014046  0.013763  0.012976  0.012854  0.012603  0.012702  0.012515  0.011539  0.011200  0.010765  0.010238  0.010040  0.009592  0.009166  0.008839  0.008133  0.007699  0.007607  0.007460  0.006876  0.006673  0.006004  0.005465  0.005052  0.004677  0.004543
B36-26 14.427137 14.450636 14.352770 14.285421 14.268492 14.185580 14.108156 14.033814 13.992031 13.912316 13.813483 13.655874 13.590462 13.547563 13.502791 13.486268 13.452453 13.390536 13.228928 13.197208 13.139875 13.152353 13.107394 12.901602 12.823693 12.725235 12.606749 12.555527 12.451341 12.350446 12.269720 12.106194 11.999480 11.966714 11.921447 11.778404 11.718968 11.553326 11.414996 11.303422 11.199345 11.150290
B36-28  0.016634  0.016713  0.016189  0.015822  0.015703  0.015267  0.014864  0.014480  0.014253  0.013854  0.013374  0.012640  0.012328  0.012118  0.011902  0.011809  0.011643  0.011362  0.010677  0.010532  0.010286  0.010319  0.010125  0.009320  0.009017  0.008644  0.008207  0.008024  0.007656  0.007310  0.007042  0.006502  0.006168  0.006084  0.005963  0.005538  0.005385  0.004917  0.004547  0.004270  0.004026  0.003945
B36-30  0.001036  0.001062  0.001039  0.001028  0.001037  0.001020  0.001005  0.000991  0.000990  0.000973  0.000949  0.000900  0.000889  0.000888  0.000885  0.000894  0.000896  0.000886  0.000835  0.000837  0.000829  0.000850  0.000847  0.000777  0.000760  0.000734  0.000700  0.000694  0.000665  0.000638  0.000620  0.000566  0.000536  0.000537  0.000533  0.000488  0.000477  0.000422  0.000378  0.000346  0.000316  0.000309
B36-31  0.025735  0.026063  0.025343  0.024890  0.024864  0.024287  0.023763  0.023269  0.023043  0.022516  0.021846  0.020731  0.020344  0.020131  0.019906  0.019891  0.019745  0.019396  0.018341  0.018223  0.017925  0.018110  0.017897  0.016615  0.016204  0.015669  0.015018  0.014805  0.014267  0.013764  0.013394  0.012545  0.012051  0.011993  0.011865  0.011202  0.011012  0.010265  0.009687  0.009267  0.008902  0.008821
B36-32  0.031958  0.032211  0.031590  0.031190  0.031151  0.030643  0.030176  0.029733  0.029521  0.029044  0.028436  0.027423  0.027055  0.026844  0.026621  0.026592  0.026444  0.026105  0.025095  0.024966  0.024665  0.024832  0.024614  0.023334  0.022906  0.022346  0.021659  0.021414  0.020829  0.020268  0.019842  0.018890  0.018307  0.018197  0.018008  0.017208  0.016936  0.016007  0.015255  0.014675  0.014146  0.013957
B36-33  0.025644  0.025847  0.025071  0.024547  0.024424  0.023788  0.023203  0.022649  0.022346  0.021764  0.021052  0.019927  0.019482  0.019202  0.018911  0.018817  0.018604  0.018203  0.017151  0.016969  0.016622  0.016723  0.016458  0.015209  0.014767  0.014211  0.013552  0.013298  0.012748  0.012231  0.011840  0.011013  0.010513  0.010414  0.010253  0.009606  0.009394  0.008677  0.008117  0.007704  0.007343  0.007241
B36-35  0.001894  0.001959  0.001914  0.001897  0.001925  0.001893  0.001866  0.001841  0.001846  0.001816  0.001768  0.001666  0.001648  0.001651  0.001652  0.001679  0.001690  0.001675  0.001567  0.001579  0.001568  0.001621  0.001620  0.001470  0.001439  0.001388  0.001318  0.001311  0.001254  0.001200  0.001164  0.001052  0.000991  0.001000  0.000996  0.000902  0.000885  0.000768  0.000677  0.000610  0.000550  0.000542
B36-37  0.000650  0.000663  0.000647  0.000638  0.000642  0.000629  0.000617  0.000607  0.000604  0.000592  0.000575  0.000545  0.000536  0.000533  0.000529  0.000532  0.000531  0.000524  0.000492  0.000491  0.000485  0.000494  0.000491  0.000449  0.000437  0.000420  0.000399  0.000394  0.000376  0.000359  0.000346  0.000315  0.000296  0.000295  0.000291  0.000264  0.000257  0.000225  0.000199  0.000180  0.000162  0.000157
B36-46  0.005734  0.005883  0.005808  0.005788  0.005862  0.005813  0.005774  0.005739  0.005765  0.005720  0.005638  0.005445  0.005424  0.005446  0.005463  0.005534  0.005572  0.005556  0.005349  0.005389  0.005380  0.005505  0.005520  0.005222  0.005171  0.005080  0.004948  0.004947  0.004841  0.004741  0.004680  0.004455  0.004341  0.004372  0.004379  0.004190  0.004166  0.003930  0.003747  0.003616  0.003500  0.003493
B36-47  0.000280  0.000295  0.000282  0.000277  0.000282  0.000273  0.000266  0.000259  0.000259  0.000251  0.000239  0.000216  0.000212  0.000211  0.000211  0.000215  0.000217  0.000212  0.000190  0.000192  0.000189  0.000198  0.000197  0.000169  0.000162  0.000153  0.000140  0.000139  0.000129  0.000120  0.000114  0.000096  0.000087  0.000089  0.000089  0.000075  0.000074  0.000058  0.000046  0.000038  0.000032  0.000032
B36-51  0.013930  0.013756  0.013145  0.012655  0.012349  0.011822  0.011325  0.010849  0.010488  0.010015  0.009495  0.008812  0.008422  0.008107  0.007793  0.007563  0.007291  0.006952  0.006369  0.006131  0.005836  0.005713  0.005460  0.004862  0.004566  0.004240  0.003889  0.003685  0.003392  0.003122  0.002901  0.002560  0.002332  0.002230  0.002117  0.001882  0.001775  0.001554  0.001389  0.001274  0.001185  0.001162
B36-52  0.003237  0.003287  0.003253  0.003240  0.003262  0.003237  0.003217  0.003198  0.003202  0.003179  0.003142  0.003064  0.003050  0.003052  0.003053  0.003074  0.003083  0.003071  0.002987  0.002997  0.002988  0.003029  0.003029  0.002911  0.002886  0.002846  0.002791  0.002784  0.002739  0.002696  0.002667  0.002577  0.002528  0.002535  0.002531  0.002455  0.002440  0.002346  0.002272  0.002217  0.002168  0.002160
B36-53  0.000301  0.000316  0.000307  0.000304  0.000310  0.000304  0.000298  0.000294  0.000295  0.000289  0.000280  0.000259  0.000256  0.000257  0.000258  0.000264  0.000267  0.000264  0.000243  0.000246  0.000245  0.000255  0.000255  0.000227  0.000222  0.000213  0.000201  0.000200  0.000191  0.000182  0.000176  0.000157  0.000148  0.000150  0.000150  0.000135  0.000133  0.000115  0.000101  0.000092  0.000083  0.000083
B36-56  0.026858  0.027075  0.026415  0.025978  0.025903  0.025362  0.024864  0.024392  0.024149  0.023647  0.023020  0.022002  0.021616  0.021383  0.021139  0.021082  0.020911  0.020560  0.019573  0.019425  0.019117  0.019247  0.019018  0.017802  0.017384  0.016847  0.016198  0.015958  0.015409  0.014888  0.014491  0.013627  0.013100  0.012997  0.012826  0.012119  0.011880  0.011073  0.010427  0.009936  0.009495  0.009347
B36-57  0.000419  0.000437  0.000424  0.000418  0.000426  0.000416  0.000407  0.000400  0.000401  0.000392  0.000378  0.000351  0.000346  0.000347  0.000346  0.000353  0.000355  0.000350  0.000324  0.000326  0.000323  0.000334  0.000333  0.000299  0.000292  0.000281  0.000265  0.000264  0.000252  0.000241  0.000234  0.000212  0.000201  0.000203  0.000203  0.000187  0.000185  0.000165  0.000151  0.000141  0.000133  0.000133
B36-58  0.002154  0.002175  0.002104  0.002057  0.002048  0.001990  0.001937  0.001887  0.001860  0.001807  0.001742  0.001637  0.001596  0.001571  0.001545  0.001538  0.001519  0.001483  0.001383  0.001367  0.001335  0.001346  0.001322  0.001202  0.001160  0.001107  0.001044  0.001020  0.000966  0.000916  0.000878  0.000795  0.000746  0.000736  0.000720  0.000654  0.000633  0.000559  0.000501  0.000457  0.000419  0.000407
B36-59  0.043903  0.044174  0.043012  0.042218  0.042014  0.041053  0.040165  0.039322  0.038852  0.037965  0.036880  0.035171  0.034480  0.034038  0.033580  0.033421  0.033082  0.032456  0.030826  0.030530  0.029981  0.030127  0.029706  0.027739  0.027030  0.026139  0.025078  0.024657  0.023761  0.022912  0.022259  0.020893  0.020050  0.019861  0.019568  0.018466  0.018079  0.016839  0.015851  0.015101  0.014431  0.014203
B36-62  0.008511  0.008623  0.008391  0.008247  0.008243  0.008058  0.007889  0.007731  0.007661  0.007491  0.007275  0.006910  0.006786  0.006720  0.006649  0.006648  0.006604  0.006492  0.006145  0.006109  0.006014  0.006079  0.006012  0.005587  0.005453  0.005277  0.005062  0.004993  0.004816  0.004649  0.004527  0.004243  0.004078  0.004060  0.004018  0.003794  0.003731  0.003478  0.003282  0.003138  0.003013  0.002985
B40-01  0.005015  0.005002  0.004752  0.004565  0.004475  0.004265  0.004070  0.003885  0.003759  0.003572  0.003359  0.003062  0.002916  0.002806  0.002696  0.002627  0.002534  0.002406  0.002156  0.002077  0.001968  0.001941  0.001849  0.001593  0.001481  0.001354  0.001217  0.001146  0.001035  0.000935  0.000856  0.000729  0.000650  0.000622  0.000590  0.000512  0.000484  0.000418  0.000376  0.000354  0.000342  0.000351
B40-03  0.006607  0.006667  0.006448  0.006301  0.006267  0.006088  0.005924  0.005768  0.005683  0.005520  0.005319  0.005002  0.004878  0.004800  0.004719  0.004693  0.004634  0.004522  0.004226  0.004175  0.004078  0.004108  0.004034  0.003683  0.003559  0.003404  0.003220  0.003149  0.002996  0.002852  0.002743  0.002512  0.002374  0.002347  0.002303  0.002124  0.002065  0.001867  0.001713  0.001599  0.001500  0.001474
B40-04  0.002367  0.002396  0.002330  0.002289  0.002286  0.002233  0.002185  0.002139  0.002117  0.002068  0.002004  0.001897  0.001859  0.001838  0.001816  0.001814  0.001800  0.001765  0.001659  0.001646  0.001616  0.001635  0.001613  0.001478  0.001434  0.001376  0.001304  0.001280  0.001219  0.001161  0.001117  0.001018  0.000958  0.000948  0.000929  0.000846  0.000819  0.000723  0.000645  0.000586  0.000532  0.000514
B40-05  0.007171  0.007271  0.007031  0.006879  0.006864  0.006672  0.006497  0.006332  0.006253  0.006079  0.005859  0.005499  0.005371  0.005298  0.005221  0.005210  0.005158  0.005042  0.004708  0.004665  0.004567  0.004617  0.004546  0.004146  0.004015  0.003847  0.003644  0.003575  0.003409  0.003254  0.003140  0.002884  0.002735  0.002716  0.002677  0.002482  0.002426  0.002210  0.002045  0.001927  0.001826  0.001806
B40-06  0.135913  0.137342  0.135439  0.134372  0.134680  0.133189  0.131850  0.130596  0.130222  0.128826  0.126919  0.123448  0.122448  0.122048  0.121596  0.121889  0.121720  0.120809  0.117284  0.117171  0.116387  0.117418  0.116949  0.112322  0.111013  0.109181  0.106841  0.106230  0.104270  0.102402  0.101051  0.097616  0.095628  0.095502  0.095062  0.092184  0.091398  0.087985  0.085264  0.083217  0.081363  0.080863
B40-07  4.249820  4.267859  4.240068  4.223751  4.226425  4.204156  4.183918  4.164802  4.157941  4.136716  4.108228  4.057495  4.041545  4.034062  4.025832  4.028242  4.024079  4.009256  3.956700  3.953210  3.939997  3.953149  3.944541  3.875046  3.853884  3.824905  3.788302  3.777114  3.745836  3.715759  3.693275  3.639390  3.606973  3.602525  3.593303  3.546991  3.532316  3.477344  3.432674  3.398099  3.366321  3.355365
B40-09  0.058742  0.059489  0.058138  0.057319  0.057360  0.056282  0.055303  0.054382  0.054008  0.053007  0.051699  0.049441  0.048703  0.048333  0.047933  0.047985  0.047758  0.047087  0.044859  0.044676  0.044096  0.044592  0.044200  0.041372  0.040504  0.039336  0.037883  0.037439  0.036222  0.035067  0.034217  0.032189  0.030996  0.030864  0.030556  0.028889  0.028401  0.026462  0.024923  0.023769  0.022731  0.022440
B40-11  0.000472  0.000486  0.000471  0.000463  0.000467  0.000456  0.000446  0.000437  0.000435  0.000424  0.000410  0.000383  0.000377  0.000375  0.000372  0.000375  0.000375  0.000369  0.000343  0.000343  0.000338  0.000347  0.000344  0.000311  0.000302  0.000290  0.000274  0.000271  0.000258  0.000246  0.000238  0.000216  0.000203  0.000204  0.000202  0.000184  0.000181  0.000160  0.000144  0.000133  0.000123  0.000122
B40-12  0.000454  0.000468  0.000453  0.000445  0.000449  0.000438  0.000428  0.000419  0.000417  0.000406  0.000392  0.000365  0.000359  0.000357  0.000354  0.000357  0.000357  0.000351  0.000325  0.000325  0.000320  0.000329  0.000326  0.000293  0.000284  0.000272  0.000256  0.000253  0.000240  0.000228  0.000220  0.000198  0.000185  0.000186  0.000184  0.000166  0.000163  0.000142  0.000126  0.000115  0.000105  0.000104
B40-13  0.014099  0.013935  0.013331  0.012848  0.012550  0.012029  0.011537  0.011067  0.010712  0.010242  0.009725  0.009041  0.008654  0.008342  0.008031  0.007807  0.007538  0.007200  0.006612  0.006375  0.006081  0.005964  0.005711  0.005100  0.004800  0.004468  0.004109  0.003902  0.003601  0.003321  0.003093  0.002735  0.002495  0.002389  0.002271  0.002018  0.001902  0.001658  0.001473  0.001340  0.001233  0.001200
B40-17  0.001280  0.001306  0.001278  0.001263  0.001271  0.001250  0.001231  0.001213  0.001209  0.001188  0.001159  0.001103  0.001088  0.001084  0.001078  0.001086  0.001085  0.001072  0.001012  0.001012  0.001001  0.001021  0.001015  0.000934  0.000912  0.000881  0.000840  0.000830  0.000795  0.000762  0.000738  0.000675  0.000638  0.000636  0.000628  0.000574  0.000559  0.000493  0.000440  0.000400  0.000363  0.000352
B40-19  0.002385  0.002389  0.002293  0.002223  0.002194  0.002113  0.002039  0.001968  0.001922  0.001849  0.001764  0.001639  0.001582  0.001541  0.001500  0.001478  0.001444  0.001393  0.001282  0.001253  0.001209  0.001206  0.001171  0.001046  0.000996  0.000937  0.000869  0.000838  0.000782  0.000730  0.000690  0.000614  0.000567  0.000553  0.000535  0.000479  0.000459  0.000401  0.000357  0.000325  0.000299  0.000292
B40-20  0.002174  0.002171  0.002071  0.001997  0.001963  0.001878  0.001800  0.001726  0.001676  0.001601  0.001514  0.001391  0.001331  0.001288  0.001244  0.001217  0.001181  0.001129  0.001022  0.000991  0.000946  0.000938  0.000901  0.000787  0.000739  0.000684  0.000622  0.000592  0.000541  0.000495  0.000459  0.000396  0.000357  0.000344  0.000329  0.000286  0.000270  0.000229  0.000199  0.000180  0.000165  0.000164
B40-21  0.002171  0.002169  0.002069  0.001994  0.001960  0.001876  0.001797  0.001723  0.001673  0.001598  0.001511  0.001388  0.001329  0.001285  0.001241  0.001214  0.001178  0.001126  0.001019  0.000988  0.000943  0.000935  0.000898  0.000784  0.000736  0.000681  0.000619  0.000589  0.000539  0.000492  0.000456  0.000393  0.000354  0.000342  0.000326  0.000284  0.000268  0.000227  0.000198  0.000178  0.000164  0.000163
B40-22  0.001493  0.001496  0.001399  0.001330  0.001300  0.001221  0.001148  0.001080  0.001036  0.000968  0.000890  0.000779  0.000728  0.000692  0.000656  0.000635  0.000605  0.000562  0.000476  0.000452  0.000418  0.000412  0.000384  0.000302  0.000269  0.000233  0.000195  0.000178  0.000150  0.000128  0.000112  0.000087  0.000076  0.000077  0.000077  0.000074  0.000078  0.000085  0.000087  0.000087  0.000087  0.000087
B41-02  0.004308  0.004348  0.004236  0.004162  0.004151  0.004059  0.003975  0.003895  0.003854  0.003769  0.003661  0.003485  0.003419  0.003380  0.003339  0.003331  0.003303  0.003242  0.003070  0.003045  0.002993  0.003018  0.002979  0.002764  0.002691  0.002597  0.002482  0.002440  0.002343  0.002251  0.002181  0.002026  0.001932  0.001914  0.001883  0.001756  0.001713  0.001566  0.001448  0.001359  0.001277  0.001250
B41-04  0.005088  0.005085  0.004887  0.004741  0.004675  0.004508  0.004353  0.004205  0.004107  0.003956  0.003781  0.003528  0.003408  0.003320  0.003231  0.003179  0.003107  0.002999  0.002772  0.002708  0.002615  0.002605  0.002528  0.002275  0.002169  0.002045  0.001904  0.001837  0.001719  0.001609  0.001522  0.001363  0.001262  0.001230  0.001189  0.001070  0.001023  0.000898  0.000801  0.000730  0.000669  0.000650
B41-05  0.066503  0.066674  0.065133  0.064028  0.063635  0.062320  0.061088  0.059905  0.059179  0.057931  0.056425  0.054118  0.053088  0.052372  0.051633  0.051282  0.050698  0.049736  0.047434  0.046893  0.046010  0.046066  0.045355  0.042509  0.041375  0.039975  0.038320  0.037558  0.036108  0.034708  0.033580  0.031384  0.029937  0.029453  0.028811  0.026920  0.026110  0.023953  0.022157  0.020712  0.019371  0.018730
B41-07  0.160396  0.160904  0.157545  0.155172  0.154404  0.151560  0.148904  0.146359  0.144844  0.142157  0.138893  0.133835  0.131645  0.130157  0.128621  0.127952  0.126761  0.124727  0.119706  0.118613  0.116761  0.116999  0.115529  0.109318  0.106916  0.103927  0.100376  0.098807  0.095714  0.092740  0.090368  0.085646  0.082579  0.081635  0.080345  0.076315  0.074661  0.070058  0.066253  0.063222  0.060424  0.059158
B41-08  0.000852  0.000946  0.000891  0.000872  0.000910  0.000872  0.000841  0.000813  0.000819  0.000785  0.000733  0.000627  0.000611  0.000614  0.000615  0.000638  0.000644  0.000626  0.000533  0.000539  0.000525  0.000558  0.000549  0.000441  0.000416  0.000380  0.000335  0.000328  0.000294  0.000265  0.000246  0.000197  0.000174  0.000177  0.000175  0.000147  0.000143  0.000118  0.000104  0.000099  0.000098  0.000105
B41-09  0.002185  0.002192  0.002093  0.002022  0.001994  0.001913  0.001837  0.001765  0.001720  0.001646  0.001561  0.001436  0.001379  0.001339  0.001298  0.001276  0.001243  0.001193  0.001084  0.001056  0.001013  0.001010  0.000975  0.000857  0.000809  0.000754  0.000691  0.000662  0.000611  0.000565  0.000529  0.000463  0.000423  0.000412  0.000397  0.000353  0.000338  0.000294  0.000263  0.000242  0.000227  0.000226
B43-01  0.000750  0.000757  0.000724  0.000701  0.000695  0.000667  0.000642  0.000618  0.000605  0.000580  0.000551  0.000505  0.000487  0.000475  0.000462  0.000458  0.000448  0.000432  0.000391  0.000384  0.000370  0.000372  0.000361  0.000316  0.000300  0.000280  0.000256  0.000247  0.000228  0.000211  0.000198  0.000172  0.000157  0.000154  0.000150  0.000131  0.000126  0.000107  0.000093  0.000084  0.000077  0.000077
B43-02  0.030467  0.030634  0.029698  0.029047  0.028851  0.028073  0.027352  0.026667  0.026269  0.025552  0.024683  0.023335  0.022771  0.022399  0.022016  0.021864  0.021574  0.021065  0.019784  0.019530  0.019083  0.019170  0.018822  0.017288  0.016721  0.016015  0.015179  0.014836  0.014129  0.013459  0.012941  0.011875  0.011214  0.011054  0.010816  0.009957  0.009649  0.008687  0.007919  0.007335  0.006813  0.006632
B43-03  1.978114  1.982404  1.962598  1.948894  1.945195  1.928479  1.912893  1.897960  1.889463  1.873554  1.853954  1.822938  1.809997  1.801477  1.792617  1.789260  1.782562  1.770454  1.739162  1.732978  1.721892  1.724225  1.715553  1.676191  1.661352  1.642656  1.620226  1.610625  1.591041  1.572153  1.557135  1.526609  1.506862  1.501038  1.492900  1.466562  1.455889  1.425539  1.400376  1.380267  1.361626  1.353195
B43-05  0.002677  0.002681  0.002573  0.002494  0.002462  0.002371  0.002287  0.002207  0.002156  0.002074  0.001977  0.001835  0.001770  0.001725  0.001678  0.001654  0.001617  0.001559  0.001431  0.001399  0.001349  0.001348  0.001308  0.001163  0.001106  0.001037  0.000959  0.000923  0.000858  0.000797  0.000749  0.000659  0.000602  0.000587  0.000566  0.000498  0.000474  0.000402  0.000346  0.000306  0.000272  0.000263
B43-06  0.001161  0.001205  0.001173  0.001160  0.001178  0.001155  0.001136  0.001118  0.001120  0.001100  0.001068  0.001001  0.000990  0.000991  0.000991  0.001007  0.001013  0.001002  0.000936  0.000943  0.000935  0.000966  0.000965  0.000876  0.000858  0.000828  0.000789  0.000785  0.000753  0.000723  0.000704  0.000644  0.000612  0.000618  0.000618  0.000569  0.000562  0.000504  0.000459  0.000428  0.000401  0.000400
B43-07  0.014824  0.014794  0.014217  0.013786  0.013580  0.013094  0.012640  0.012208  0.011916  0.011477  0.010972  0.010252  0.009902  0.009643  0.009382  0.009228  0.009013  0.008705  0.008067  0.007880  0.007614  0.007576  0.007356  0.006655  0.006360  0.006016  0.005629  0.005442  0.005120  0.004821  0.004587  0.004161  0.003894  0.003811  0.003704  0.003394  0.003277  0.002957  0.002714  0.002541  0.002397  0.002362
B43-08  0.003648  0.003645  0.003513  0.003414  0.003370  0.003257  0.003153  0.003052  0.002986  0.002883  0.002763  0.002589  0.002506  0.002445  0.002383  0.002348  0.002298  0.002224  0.002062  0.002018  0.001952  0.001946  0.001893  0.001707  0.001630  0.001539  0.001434  0.001384  0.001295  0.001211  0.001143  0.001018  0.000937  0.000911  0.000877  0.000778  0.000738  0.000630  0.000544  0.000478  0.000419  0.000397
B43-09  0.003746  0.003743  0.003610  0.003512  0.003467  0.003355  0.003250  0.003149  0.003083  0.002980  0.002860  0.002686  0.002603  0.002542  0.002480  0.002445  0.002395  0.002320  0.002159  0.002115  0.002049  0.002043  0.001989  0.001804  0.001728  0.001636  0.001531  0.001481  0.001392  0.001308  0.001241  0.001116  0.001036  0.001010  0.000976  0.000877  0.000837  0.000729  0.000644  0.000578  0.000520  0.000497
B43-11  0.007832  0.007752  0.007392  0.007109  0.006943  0.006635  0.006346  0.006069  0.005866  0.005590  0.005283  0.004870  0.004645  0.004467  0.004290  0.004167  0.004015  0.003820  0.003466  0.003334  0.003165  0.003107  0.002964  0.002594  0.002421  0.002227  0.002015  0.001900  0.001724  0.001563  0.001433  0.001221  0.001084  0.001030  0.000968  0.000822  0.000761  0.000620  0.000515  0.000444  0.000388  0.000378
B43-12  0.048280  0.048842  0.047882  0.047304  0.047357  0.046583  0.045879  0.045213  0.044952  0.044218  0.043247  0.041545  0.040990  0.040714  0.040414  0.040464  0.040298  0.039783  0.038037  0.037896  0.037438  0.037840  0.037533  0.035247  0.034536  0.033573  0.032364  0.031981  0.030949  0.029958  0.029215  0.027461  0.026402  0.026244  0.025934  0.024434  0.023952  0.022181  0.020743  0.019632  0.018612  0.018258
B44-03  0.029468  0.029443  0.028661  0.028076  0.027806  0.027136  0.026506  0.025902  0.025498  0.024874  0.024144  0.023081  0.022565  0.022185  0.021799  0.021576  0.021258  0.020787  0.019772  0.019483  0.019058  0.019014  0.018663  0.017466  0.016958  0.016352  0.015652  0.015307  0.014699  0.014119  0.013648  0.012779  0.012203  0.011994  0.011729  0.011007  0.010691  0.009890  0.009231  0.008708  0.008230  0.008007
B44-10  0.003809  0.003753  0.003594  0.003463  0.003376  0.003237  0.003105  0.002979  0.002880  0.002754  0.002617  0.002440  0.002334  0.002247  0.002160  0.002094  0.002018  0.001925  0.001772  0.001704  0.001623  0.001585  0.001514  0.001355  0.001272  0.001182  0.001085  0.001026  0.000943  0.000865  0.000801  0.000703  0.000635  0.000601  0.000565  0.000493  0.000457  0.000386  0.000330  0.000288  0.000253  0.000237
B44-11  0.015908  0.015827  0.015358  0.014991  0.014787  0.014380  0.013994  0.013623  0.013356  0.012978  0.012548  0.011950  0.011632  0.011384  0.011134  0.010968  0.010754  0.010465  0.009905  0.009711  0.009449  0.009380  0.009158  0.008517  0.008222  0.007879  0.007492  0.007281  0.006944  0.006621  0.006355  0.005896  0.005582  0.005448  0.005289  0.004911  0.004730  0.004319  0.003979  0.003706  0.003457  0.003331
B44-12  0.000981  0.000999  0.000962  0.000939  0.000939  0.000909  0.000883  0.000858  0.000847  0.000820  0.000786  0.000729  0.000710  0.000700  0.000689  0.000688  0.000681  0.000664  0.000611  0.000605  0.000591  0.000600  0.000590  0.000526  0.000506  0.000480  0.000448  0.000438  0.000412  0.000388  0.000371  0.000331  0.000307  0.000305  0.000300  0.000269  0.000261  0.000227  0.000201  0.000183  0.000168  0.000165
B44-16  0.012164  0.012101  0.011693  0.011376  0.011205  0.010853  0.010522  0.010204  0.009978  0.009656  0.009289  0.008780  0.008513  0.008307  0.008100  0.007964  0.007789  0.007550  0.007084  0.006926  0.006714  0.006661  0.006482  0.005960  0.005724  0.005450  0.005143  0.004980  0.004717  0.004467  0.004264  0.003912  0.003676  0.003583  0.003470  0.003192  0.003066  0.002769  0.002529  0.002343  0.002177  0.002103
B44-17  0.054210  0.054227  0.052913  0.051943  0.051527  0.050403  0.049348  0.048337  0.047678  0.046627  0.045387  0.043550  0.042683  0.042056  0.041416  0.041068  0.040548  0.039752  0.037977  0.037502  0.036782  0.036747  0.036157  0.034034  0.033155  0.032093  0.030857  0.030264  0.029189  0.028160  0.027329  0.025763  0.024729  0.024367  0.023900  0.022587  0.022019  0.020549  0.019336  0.018370  0.017484  0.017071
B44-19  0.035399  0.034806  0.033458  0.032324  0.031517  0.030327  0.029193  0.028099  0.027214  0.026132  0.024967  0.023508  0.022582  0.021795  0.021015  0.020397  0.019704  0.018889  0.017616  0.016994  0.016269  0.015880  0.015243  0.013928  0.013203  0.012418  0.011580  0.011040  0.010315  0.009633  0.009054  0.008207  0.007599  0.007268  0.006913  0.006270  0.005920  0.005280  0.004761  0.004354  0.004000  0.003816
B44-20  0.017360  0.017129  0.016481  0.015949  0.015595  0.015027  0.014489  0.013970  0.013565  0.013048  0.012484  0.011756  0.011319  0.010957  0.010597  0.010324  0.010008  0.009623  0.008981  0.008697  0.008355  0.008197  0.007900  0.007222  0.006871  0.006483  0.006064  0.005808  0.005448  0.005108  0.004824  0.004387  0.004080  0.003928  0.003760  0.003427  0.003257  0.002919  0.002647  0.002436  0.002252  0.002162
B44-22  0.006536  0.006403  0.006090  0.005829  0.005646  0.005373  0.005114  0.004866  0.004666  0.004422  0.004160  0.003835  0.003630  0.003458  0.003287  0.003153  0.003002  0.002826  0.002556  0.002424  0.002272  0.002189  0.002056  0.001792  0.001647  0.001493  0.001332  0.001229  0.001095  0.000971  0.000869  0.000726  0.000627  0.000575  0.000521  0.000428  0.000382  0.000301  0.000243  0.000205  0.000179  0.000176
B44-23  0.005264  0.005180  0.004938  0.004741  0.004610  0.004401  0.004202  0.004012  0.003864  0.003675  0.003470  0.003207  0.003050  0.002920  0.002792  0.002694  0.002582  0.002445  0.002222  0.002123  0.002004  0.001948  0.001845  0.001618  0.001500  0.001372  0.001236  0.001153  0.001039  0.000933  0.000846  0.000715  0.000626  0.000582  0.000536  0.000445  0.000402  0.000317  0.000253  0.000208  0.000172  0.000161
B44-24  0.021091  0.020597  0.019494  0.018570  0.017908  0.016949  0.016040  0.015169  0.014463  0.013614  0.012713  0.011611  0.010905  0.010304  0.009714  0.009237  0.008714  0.008116  0.007236  0.006783  0.006273  0.005970  0.005524  0.004709  0.004246  0.003765  0.003276  0.002951  0.002555  0.002198  0.001904  0.001528  0.001271  0.001130  0.000993  0.000797  0.000703  0.000577  0.000515  0.000505  0.000535  0.000577
B44-28  0.013056  0.012975  0.012521  0.012167  0.011969  0.011578  0.011209  0.010855  0.010600  0.010241  0.009836  0.009276  0.008979  0.008746  0.008513  0.008357  0.008159  0.007892  0.007383  0.007204  0.006967  0.006902  0.006701  0.006133  0.005872  0.005571  0.005235  0.005054  0.004765  0.004491  0.004268  0.003886  0.003628  0.003523  0.003398  0.003096  0.002958  0.002637  0.002378  0.002176  0.001997  0.001915
B44-29  0.007887  0.007856  0.007617  0.007433  0.007335  0.007128  0.006932  0.006744  0.006612  0.006419  0.006198  0.005886  0.005724  0.005600  0.005475  0.005394  0.005288  0.005141  0.004845  0.004749  0.004615  0.004586  0.004473  0.004131  0.003977  0.003796  0.003591  0.003482  0.003303  0.003131  0.002990  0.002742  0.002573  0.002504  0.002420  0.002214  0.002117  0.001891  0.001704  0.001553  0.001415  0.001346
B44-31  0.006559  0.006422  0.006106  0.005842  0.005655  0.005379  0.005118  0.004867  0.004664  0.004418  0.004156  0.003831  0.003625  0.003451  0.003279  0.003142  0.002990  0.002814  0.002546  0.002414  0.002262  0.002176  0.002044  0.001785  0.001642  0.001491  0.001333  0.001232  0.001101  0.000982  0.000883  0.000747  0.000653  0.000604  0.000553  0.000468  0.000426  0.000355  0.000306  0.000276  0.000258  0.000259
B45-02  0.006588  0.006450  0.006133  0.005869  0.005681  0.005405  0.005143  0.004892  0.004689  0.004443  0.004180  0.003855  0.003649  0.003474  0.003302  0.003165  0.003013  0.002837  0.002570  0.002437  0.002285  0.002199  0.002066  0.001809  0.001666  0.001515  0.001358  0.001257  0.001127  0.001009  0.000911  0.000776  0.000683  0.000633  0.000583  0.000500  0.000458  0.000389  0.000342  0.000313  0.000296  0.000298
B45-03  0.000692  0.000701  0.000679  0.000665  0.000663  0.000646  0.000629  0.000614  0.000606  0.000590  0.000569  0.000534  0.000522  0.000514  0.000507  0.000506  0.000501  0.000489  0.000456  0.000451  0.000441  0.000447  0.000440  0.000398  0.000384  0.000366  0.000345  0.000337  0.000319  0.000301  0.000288  0.000259  0.000241  0.000238  0.000233  0.000209  0.000201  0.000174  0.000152  0.000136  0.000121  0.000117
B45-04  0.559931  0.557286  0.546016  0.537007  0.531632  0.521669  0.512179  0.502989  0.496134  0.486731  0.476106  0.461578  0.453442  0.446905  0.440305  0.435656  0.429904  0.422354  0.408336  0.402950  0.395958  0.393550  0.387479  0.371204  0.363234  0.354059  0.343734  0.337728  0.328512  0.319611  0.312058  0.299561  0.290660  0.286322  0.281298  0.270543  0.264864  0.253049  0.242989  0.234619  0.226806  0.222247
B45-05  0.003237  0.003162  0.003014  0.002887  0.002793  0.002662  0.002538  0.002418  0.002318  0.002201  0.002077  0.001926  0.001826  0.001740  0.001655  0.001585  0.001509  0.001423  0.001297  0.001230  0.001155  0.001109  0.001043  0.000921  0.000850  0.000775  0.000697  0.000645  0.000579  0.000518  0.000466  0.000396  0.000345  0.000316  0.000287  0.000239  0.000213  0.000170  0.000137  0.000114  0.000096  0.000089
B45-06  0.025534  0.025069  0.024103  0.023280  0.022676  0.021818  0.020997  0.020203  0.019551  0.018766  0.017927  0.016889  0.016210  0.015626  0.015048  0.014579  0.014061  0.013461  0.012548  0.012079  0.011541  0.011233  0.010757  0.009813  0.009274  0.008694  0.008077  0.007666  0.007126  0.006616  0.006177  0.005547  0.005085  0.004819  0.004536  0.004046  0.003765  0.003272  0.002864  0.002536  0.002244  0.002077
B45-07  0.025289  0.024807  0.023829  0.022994  0.022376  0.021507  0.020677  0.019875  0.019212  0.018421  0.017577  0.016539  0.015856  0.015266  0.014683  0.014209  0.013687  0.013085  0.012181  0.011710  0.011173  0.010861  0.010385  0.009460  0.008929  0.008359  0.007755  0.007351  0.006825  0.006330  0.005904  0.005300  0.004857  0.004602  0.004332  0.003869  0.003605  0.003146  0.002770  0.002470  0.002207  0.002061
B45-08  0.007469  0.007346  0.006953  0.006636  0.006433  0.006095  0.005777  0.005474  0.005240  0.004941  0.004616  0.004200  0.003957  0.003757  0.003559  0.003410  0.003237  0.003029  0.002692  0.002542  0.002365  0.002277  0.002124  0.001801  0.001634  0.001455  0.001271  0.001157  0.001008  0.000874  0.000766  0.000616  0.000519  0.000471  0.000422  0.000342  0.000307  0.000252  0.000223  0.000215  0.000223  0.000245
B45-09  0.033646  0.033504  0.032398  0.031548  0.031100  0.030152  0.029260  0.028406  0.027806  0.026938  0.025948  0.024560  0.023847  0.023303  0.022754  0.022403  0.021942  0.021305  0.020041  0.019629  0.019065  0.018940  0.018467  0.017051  0.016422  0.015691  0.014868  0.014441  0.013739  0.013076  0.012540  0.011598  0.010975  0.010739  0.010450  0.009713  0.009390  0.008606  0.007978  0.007494  0.007068  0.006888
B45-10  0.008617  0.008478  0.008073  0.007743  0.007526  0.007176  0.006844  0.006527  0.006280  0.005967  0.005626  0.005189  0.004929  0.004715  0.004503  0.004342  0.004157  0.003933  0.003566  0.003404  0.003210  0.003117  0.002949  0.002584  0.002394  0.002189  0.001972  0.001840  0.001660  0.001494  0.001359  0.001159  0.001024  0.000959  0.000890  0.000759  0.000697  0.000580  0.000496  0.000440  0.000400  0.000395
B45-11  0.000615  0.000622  0.000598  0.000583  0.000579  0.000560  0.000542  0.000526  0.000517  0.000499  0.000478  0.000444  0.000431  0.000422  0.000414  0.000411  0.000405  0.000393  0.000361  0.000356  0.000345  0.000349  0.000341  0.000303  0.000290  0.000274  0.000254  0.000246  0.000230  0.000215  0.000203  0.000179  0.000164  0.000161  0.000156  0.000137  0.000131  0.000110  0.000094  0.000082  0.000071  0.000068
B45-12  0.002167  0.002146  0.002048  0.001970  0.001925  0.001841  0.001762  0.001686  0.001630  0.001555  0.001470  0.001357  0.001295  0.001247  0.001198  0.001164  0.001123  0.001069  0.000972  0.000936  0.000889  0.000873  0.000833  0.000732  0.000685  0.000632  0.000574  0.000542  0.000494  0.000450  0.000415  0.000358  0.000321  0.000306  0.000288  0.000250  0.000233  0.000196  0.000169  0.000150  0.000136  0.000133
B45-15  0.003171  0.003184  0.003108  0.003054  0.003038  0.002973  0.002913  0.002855  0.002821  0.002759  0.002683  0.002565  0.002514  0.002479  0.002443  0.002427  0.002399  0.002351  0.002231  0.002205  0.002160  0.002166  0.002130  0.001979  0.001920  0.001846  0.001758  0.001718  0.001641  0.001566  0.001505  0.001386  0.001307  0.001281  0.001247  0.001142  0.001098  0.000978  0.000878  0.000797  0.000721  0.000684
B45-20  0.003262  0.003306  0.003195  0.003123  0.003115  0.003025  0.002944  0.002866  0.002829  0.002747  0.002644  0.002476  0.002415  0.002381  0.002344  0.002338  0.002313  0.002259  0.002101  0.002080  0.002034  0.002057  0.002023  0.001834  0.001772  0.001692  0.001595  0.001562  0.001482  0.001408  0.001352  0.001229  0.001157  0.001147  0.001127  0.001032  0.001004  0.000898  0.000816  0.000757  0.000706  0.000695
B45-25  0.003033  0.003058  0.002950  0.002876  0.002857  0.002768  0.002686  0.002608  0.002564  0.002483  0.002384  0.002229  0.002167  0.002127  0.002086  0.002071  0.002040  0.001984  0.001840  0.001814  0.001766  0.001778  0.001740  0.001571  0.001510  0.001435  0.001345  0.001310  0.001236  0.001166  0.001113  0.001003  0.000936  0.000923  0.000901  0.000816  0.000788  0.000694  0.000621  0.000568  0.000522  0.000509
B45-31  0.001194  0.001199  0.001155  0.001124  0.001114  0.001077  0.001043  0.001011  0.000992  0.000958  0.000918  0.000857  0.000831  0.000813  0.000794  0.000786  0.000772  0.000748  0.000691  0.000679  0.000658  0.000660  0.000644  0.000577  0.000552  0.000521  0.000484  0.000469  0.000438  0.000409  0.000387  0.000342  0.000314  0.000307  0.000297  0.000262  0.000249  0.000210  0.000179  0.000156  0.000136  0.000129
B45-32  0.001206  0.001211  0.001168  0.001137  0.001126  0.001090  0.001056  0.001024  0.001004  0.000971  0.000931  0.000870  0.000844  0.000826  0.000807  0.000799  0.000785  0.000761  0.000704  0.000692  0.000671  0.000673  0.000657  0.000590  0.000565  0.000533  0.000497  0.000481  0.000451  0.000422  0.000399  0.000354  0.000326  0.000319  0.000309  0.000273  0.000260  0.000221  0.000190  0.000167  0.000146  0.000139
B45-33  0.003681  0.003703  0.003573  0.003483  0.003455  0.003348  0.003249  0.003155  0.003100  0.003003  0.002885  0.002705  0.002629  0.002578  0.002527  0.002505  0.002465  0.002397  0.002231  0.002196  0.002137  0.002146  0.002100  0.001906  0.001833  0.001744  0.001640  0.001597  0.001510  0.001429  0.001366  0.001240  0.001162  0.001144  0.001117  0.001019  0.000986  0.000879  0.000796  0.000735  0.000681  0.000666
B45-34  0.011001  0.010858  0.010255  0.009779  0.009493  0.008980  0.008499  0.008041  0.007698  0.007245  0.006749  0.006101  0.005738  0.005447  0.005157  0.004944  0.004692  0.004381  0.003863  0.003646  0.003383  0.003260  0.003032  0.002543  0.002295  0.002032  0.001761  0.001597  0.001382  0.001190  0.001038  0.000833  0.000703  0.000640  0.000577  0.000483  0.000444  0.000398  0.000389  0.000398  0.000398  0.000398
B45-35  0.008676  0.008608  0.008252  0.007974  0.007816  0.007510  0.007223  0.006948  0.006749  0.006472  0.006161  0.005737  0.005511  0.005333  0.005155  0.005035  0.004883  0.004683  0.004309  0.004176  0.004000  0.003947  0.003798  0.003396  0.003210  0.002998  0.002765  0.002638  0.002441  0.002258  0.002109  0.001860  0.001695  0.001629  0.001552  0.001367  0.001286  0.001099  0.000953  0.000845  0.000754  0.000721
B46-02  0.016042  0.015911  0.015305  0.014828  0.014550  0.014028  0.013536  0.013065  0.012719  0.012245  0.011715  0.010996  0.010605  0.010296  0.009987  0.009773  0.009509  0.009163  0.008526  0.008291  0.007987  0.007888  0.007629  0.006942  0.006619  0.006252  0.005849  0.005626  0.005283  0.004962  0.004701  0.004267  0.003977  0.003856  0.003715  0.003389  0.003241  0.002907  0.002644  0.002446  0.002275  0.002207
B46-05  0.008719  0.008584  0.008181  0.007853  0.007638  0.007290  0.006960  0.006644  0.006399  0.006087  0.005747  0.005310  0.005051  0.004838  0.004627  0.004467  0.004283  0.004059  0.003691  0.003529  0.003335  0.003244  0.003076  0.002707  0.002516  0.002309  0.002090  0.001957  0.001774  0.001606  0.001468  0.001263  0.001125  0.001059  0.000988  0.000851  0.000787  0.000663  0.000573  0.000512  0.000467  0.000458
B46-06  0.013769  0.013497  0.012789  0.012205  0.011807  0.011195  0.010617  0.010063  0.009624  0.009082  0.008500  0.007771  0.007324  0.006950  0.006581  0.006291  0.005966  0.005585  0.004998  0.004717  0.004392  0.004214  0.003931  0.003377  0.003075  0.002758  0.002432  0.002224  0.001960  0.001721  0.001527  0.001267  0.001093  0.001003  0.000912  0.000772  0.000708  0.000611  0.000559  0.000544  0.000554  0.000591
B46-07  0.027933  0.027408  0.026159  0.025118  0.024389  0.023299  0.022265  0.021272  0.020476  0.019499  0.018452  0.017145  0.016326  0.015636  0.014954  0.014415  0.013813  0.013108  0.012016  0.011487  0.010874  0.010543  0.010008  0.008933  0.008345  0.007718  0.007061  0.006641  0.006091  0.005584  0.005162  0.004565  0.004151  0.003935  0.003710  0.003314  0.003116  0.002763  0.002504  0.002329  0.002201  0.002171
B46-10  0.005481  0.005414  0.005160  0.004957  0.004834  0.004616  0.004411  0.004216  0.004070  0.003875  0.003660  0.003375  0.003217  0.003090  0.002965  0.002877  0.002770  0.002634  0.002391  0.002299  0.002183  0.002141  0.002043  0.001794  0.001676  0.001545  0.001403  0.001326  0.001210  0.001103  0.001018  0.000878  0.000789  0.000757  0.000720  0.000626  0.000591  0.000502  0.000438  0.000397  0.000368  0.000369
B46-11  0.005619  0.005669  0.005502  0.005391  0.005369  0.005232  0.005107  0.004988  0.004925  0.004800  0.004646  0.004398  0.004303  0.004244  0.004183  0.004166  0.004123  0.004037  0.003803  0.003766  0.003691  0.003718  0.003662  0.003382  0.003284  0.003161  0.003013  0.002958  0.002835  0.002719  0.002631  0.002442  0.002329  0.002308  0.002272  0.002123  0.002075  0.001908  0.001777  0.001680  0.001595  0.001570
B46-13  0.010523  0.010461  0.010052  0.009736  0.009565  0.009215  0.008886  0.008572  0.008349  0.008031  0.007672  0.007175  0.006916  0.006716  0.006515  0.006384  0.006214  0.005985  0.005543  0.005393  0.005192  0.005140  0.004971  0.004489  0.004271  0.004022  0.003745  0.003598  0.003364  0.003145  0.002969  0.002667  0.002468  0.002392  0.002301  0.002075  0.001977  0.001744  0.001562  0.001426  0.001310  0.001267
B46-14  0.008914  0.008798  0.008352  0.007997  0.007780  0.007398  0.007039  0.006696  0.006438  0.006099  0.005725  0.005237  0.004961  0.004738  0.004517  0.004356  0.004165  0.003927  0.003522  0.003356  0.003152  0.003064  0.002889  0.002489  0.002290  0.002074  0.001845  0.001712  0.001525  0.001356  0.001220  0.001019  0.000888  0.000829  0.000766  0.000645  0.000592  0.000493  0.000429  0.000394  0.000377  0.000388
B46-16  0.000703  0.000717  0.000682  0.000660  0.000657  0.000630  0.000605  0.000581  0.000570  0.000545  0.000514  0.000466  0.000448  0.000437  0.000426  0.000423  0.000415  0.000399  0.000356  0.000350  0.000336  0.000341  0.000330  0.000282  0.000265  0.000244  0.000221  0.000212  0.000193  0.000175  0.000162  0.000136  0.000120  0.000118  0.000114  0.000096  0.000091  0.000073  0.000060  0.000052  0.000046  0.000047
B46-17  0.019029  0.018762  0.017926  0.017249  0.016812  0.016089  0.015405  0.014750  0.014246  0.013596  0.012886  0.011965  0.011427  0.010986  0.010548  0.010221  0.009840  0.009371  0.008588  0.008252  0.007845  0.007662  0.007311  0.006512  0.006106  0.005662  0.005187  0.004904  0.004506  0.004139  0.003837  0.003379  0.003069  0.002924  0.002766  0.002451  0.002302  0.002005  0.001783  0.001626  0.001504  0.001469
B46-18  0.004693  0.004544  0.004273  0.004040  0.003863  0.003628  0.003405  0.003192  0.003013  0.002809  0.002596  0.002346  0.002177  0.002030  0.001888  0.001770  0.001645  0.001507  0.001318  0.001213  0.001100  0.001028  0.000931  0.000768  0.000673  0.000578  0.000485  0.000424  0.000353  0.000292  0.000245  0.000189  0.000156  0.000143  0.000135  0.000123  0.000128  0.000138  0.000156  0.000156  0.000156  0.000156
B46-20  0.004013  0.004090  0.003999  0.003950  0.003971  0.003900  0.003837  0.003778  0.003764  0.003698  0.003606  0.003435  0.003389  0.003373  0.003354  0.003374  0.003369  0.003327  0.003153  0.003151  0.003115  0.003172  0.003152  0.002921  0.002858  0.002769  0.002653  0.002626  0.002530  0.002438  0.002373  0.002201  0.002103  0.002100  0.002080  0.001937  0.001900  0.001728  0.001592  0.001490  0.001398  0.001375
B46-22  0.018951  0.018843  0.018037  0.017420  0.017090  0.016406  0.015767  0.015158  0.014726  0.014113  0.013423  0.012473  0.011981  0.011603  0.011224  0.010975  0.010654  0.010224  0.009409  0.009130  0.008760  0.008655  0.008342  0.007489  0.007102  0.006666  0.006190  0.005937  0.005544  0.005183  0.004896  0.004421  0.004117  0.004004  0.003870  0.003549  0.003419  0.003114  0.002893  0.002745  0.002634  0.002619
B46-24  0.017403  0.017067  0.016184  0.015457  0.014964  0.014200  0.013478  0.012787  0.012241  0.011563  0.010835  0.009921  0.009361  0.008895  0.008434  0.008074  0.007669  0.007192  0.006451  0.006099  0.005691  0.005472  0.005117  0.004412  0.004031  0.003628  0.003213  0.002950  0.002612  0.002306  0.002056  0.001717  0.001490  0.001373  0.001256  0.001066  0.000978  0.000840  0.000759  0.000727  0.000727  0.000765
B46-25  0.018856  0.018883  0.018391  0.018034  0.017892  0.017476  0.017088  0.016718  0.016484  0.016100  0.015645  0.014966  0.014657  0.014438  0.014215  0.014101  0.013923  0.013642  0.013001  0.012842  0.012593  0.012595  0.012394  0.011638  0.011336  0.010969  0.010543  0.010348  0.009984  0.009637  0.009363  0.008834  0.008494  0.008389  0.008249  0.007820  0.007649  0.007173  0.006789  0.006492  0.006224  0.006116
B46-30  0.033414  0.033236  0.032353  0.031656  0.031254  0.030479  0.029743  0.029031  0.028509  0.027780  0.026952  0.025809  0.025184  0.024688  0.024188  0.023845  0.023413  0.022835  0.021737  0.021335  0.020804  0.020641  0.020183  0.018908  0.018299  0.017594  0.016798  0.016348  0.015641  0.014961  0.014389  0.013423  0.012745  0.012430  0.012061  0.011238  0.010818  0.009913  0.009148  0.008518  0.007933  0.007604
B46-31  0.000706  0.000714  0.000692  0.000679  0.000677  0.000659  0.000643  0.000628  0.000621  0.000604  0.000584  0.000550  0.000538  0.000530  0.000522  0.000521  0.000516  0.000504  0.000471  0.000466  0.000456  0.000461  0.000453  0.000411  0.000397  0.000379  0.000356  0.000348  0.000329  0.000310  0.000296  0.000265  0.000246  0.000243  0.000236  0.000211  0.000202  0.000172  0.000148  0.000129  0.000113  0.000107
B46-36  0.002008  0.001993  0.001899  0.001826  0.001786  0.001705  0.001630  0.001558  0.001507  0.001435  0.001354  0.001244  0.001186  0.001141  0.001096  0.001066  0.001027  0.000977  0.000882  0.000849  0.000805  0.000792  0.000755  0.000657  0.000611  0.000561  0.000505  0.000475  0.000430  0.000388  0.000354  0.000299  0.000264  0.000250  0.000234  0.000197  0.000182  0.000147  0.000122  0.000104  0.000092  0.000090
B46-37  0.001043  0.001055  0.001020  0.000998  0.000995  0.000967  0.000941  0.000917  0.000905  0.000879  0.000846  0.000794  0.000774  0.000762  0.000750  0.000748  0.000739  0.000721  0.000671  0.000663  0.000648  0.000655  0.000644  0.000581  0.000560  0.000533  0.000500  0.000488  0.000461  0.000435  0.000415  0.000372  0.000345  0.000341  0.000333  0.000297  0.000286  0.000246  0.000214  0.000190  0.000169  0.000162
B46-44  0.003240  0.003267  0.003157  0.003083  0.003064  0.002975  0.002892  0.002813  0.002770  0.002687  0.002586  0.002428  0.002364  0.002324  0.002282  0.002268  0.002237  0.002179  0.002030  0.002003  0.001954  0.001967  0.001929  0.001751  0.001687  0.001607  0.001513  0.001476  0.001396  0.001321  0.001264  0.001145  0.001072  0.001056  0.001032  0.000937  0.000905  0.000800  0.000717  0.000655  0.000601  0.000584
B46-45  0.018033  0.017719  0.016850  0.016139  0.015663  0.014911  0.014201  0.013522  0.012989  0.012319  0.011597  0.010680  0.010128  0.009669  0.009215  0.008866  0.008468  0.007993  0.007239  0.006892  0.006485  0.006277  0.005923  0.005189  0.004800  0.004385  0.003951  0.003681  0.003325  0.003000  0.002734  0.002358  0.002105  0.001980  0.001850  0.001621  0.001515  0.001327  0.001202  0.001131  0.001094  0.001109
B46-46  0.000427  0.000450  0.000432  0.000424  0.000433  0.000420  0.000410  0.000400  0.000400  0.000389  0.000372  0.000339  0.000332  0.000332  0.000331  0.000338  0.000340  0.000334  0.000302  0.000305  0.000300  0.000312  0.000310  0.000271  0.000262  0.000249  0.000232  0.000230  0.000217  0.000204  0.000197  0.000174  0.000162  0.000164  0.000164  0.000147  0.000145  0.000126  0.000113  0.000104  0.000097  0.000098
B46-47  0.004513  0.004604  0.004518  0.004477  0.004509  0.004444  0.004387  0.004334  0.004329  0.004267  0.004176  0.003998  0.003956  0.003947  0.003934  0.003964  0.003968  0.003929  0.003740  0.003746  0.003713  0.003785  0.003770  0.003510  0.003444  0.003346  0.003216  0.003189  0.003080  0.002976  0.002902  0.002699  0.002583  0.002581  0.002560  0.002385  0.002341  0.002129  0.001959  0.001830  0.001712  0.001681
B46-48  0.005973  0.005891  0.005568  0.005311  0.005155  0.004879  0.004620  0.004373  0.004188  0.003944  0.003676  0.003327  0.003131  0.002972  0.002815  0.002699  0.002562  0.002393  0.002112  0.001994  0.001850  0.001785  0.001661  0.001391  0.001255  0.001109  0.000958  0.000867  0.000746  0.000637  0.000551  0.000430  0.000353  0.000316  0.000279  0.000217  0.000191  0.000152  0.000134  0.000134  0.000146  0.000152
B47-01  0.041556  0.041659  0.040573  0.039794  0.039508  0.038591  0.037735  0.036917  0.036413  0.035559  0.034537  0.032988  0.032298  0.031818  0.031327  0.031092  0.030705  0.030074  0.028582  0.028233  0.027668  0.027704  0.027252  0.025457  0.024752  0.023888  0.022872  0.022417  0.021542  0.020708  0.020046  0.018747  0.017910  0.017656  0.017311  0.016235  0.015802  0.014593  0.013607  0.012835  0.012132  0.011835
B47-02  0.006503  0.006450  0.006144  0.005907  0.005774  0.005514  0.005271  0.005038  0.004870  0.004637  0.004377  0.004023  0.003835  0.003688  0.003541  0.003441  0.003316  0.003152  0.002851  0.002741  0.002600  0.002554  0.002434  0.002122  0.001976  0.001814  0.001637  0.001541  0.001396  0.001262  0.001155  0.000983  0.000871  0.000827  0.000777  0.000661  0.000613  0.000505  0.000427  0.000375  0.000337  0.000332
B47-03  0.002271  0.002285  0.002168  0.002086  0.002056  0.001960  0.001871  0.001787  0.001736  0.001650  0.001550  0.001402  0.001337  0.001292  0.001245  0.001221  0.001184  0.001126  0.001000  0.000968  0.000919  0.000916  0.000876  0.000742  0.000689  0.000627  0.000558  0.000526  0.000471  0.000421  0.000383  0.000315  0.000274  0.000263  0.000249  0.000206  0.000192  0.000154  0.000129  0.000115  0.000106  0.000110
B47-04  0.108359  0.109139  0.107164  0.105886  0.105747  0.104127  0.102637  0.101222  0.100535  0.099011  0.097073  0.093853  0.092671  0.091985  0.091260  0.091149  0.090663  0.089572  0.086350  0.085922  0.084950  0.085462  0.084754  0.080664  0.079283  0.077481  0.075273  0.074474  0.072585  0.070777  0.069394  0.066330  0.064444  0.064067  0.063440  0.060853  0.059957  0.056954  0.054516  0.052625  0.050896  0.050258
B47-05  0.008986  0.009117  0.008805  0.008606  0.008588  0.008337  0.008109  0.007894  0.007792  0.007563  0.007276  0.006802  0.006634  0.006539  0.006439  0.006426  0.006359  0.006207  0.005764  0.005709  0.005580  0.005650  0.005556  0.005024  0.004850  0.004626  0.004356  0.004265  0.004042  0.003834  0.003681  0.003336  0.003135  0.003109  0.003056  0.002790  0.002713  0.002417  0.002189  0.002025  0.001884  0.001854
B47-09  0.001823  0.001857  0.001754  0.001686  0.001673  0.001590  0.001515  0.001444  0.001406  0.001332  0.001243  0.001106  0.001053  0.001019  0.000984  0.000970  0.000943  0.000895  0.000779  0.000756  0.000716  0.000719  0.000686  0.000565  0.000519  0.000466  0.000407  0.000381  0.000335  0.000294  0.000263  0.000208  0.000177  0.000170  0.000159  0.000129  0.000120  0.000097  0.000085  0.000081  0.000082  0.000089
B50-02  0.041649  0.041664  0.040323  0.039338  0.038913  0.037785  0.036735  0.035735  0.035084  0.034060  0.032867  0.031128  0.030314  0.029728  0.029133  0.028804  0.028321  0.027598  0.026029  0.025606  0.024977  0.024930  0.024415  0.022653  0.021933  0.021079  0.020107  0.019652  0.018839  0.018079  0.017483  0.016372  0.015672  0.015460  0.015180  0.014344  0.014025  0.013142  0.012458  0.011955  0.011526  0.011393
B51-02  0.040632  0.040662  0.039330  0.038356  0.037943  0.036824  0.035782  0.034789  0.034148  0.033130  0.031940  0.030198  0.029389  0.028809  0.028220  0.027901  0.027425  0.026704  0.025124  0.024707  0.024079  0.024043  0.023532  0.021745  0.021020  0.020158  0.019173  0.018715  0.017889  0.017115  0.016509  0.015369  0.014651  0.014436  0.014150  0.013284  0.012954  0.012033  0.011315  0.010785  0.010329  0.010182
B51-04  0.018997  0.019099  0.018480  0.018048  0.017911  0.017398  0.016925  0.016477  0.016212  0.015746  0.015188  0.014334  0.013974  0.013734  0.013487  0.013382  0.013191  0.012869  0.012089  0.011925  0.011647  0.011682  0.011463  0.010563  0.010226  0.009815  0.009335  0.009135  0.008737  0.008365  0.008080  0.007508  0.007159  0.007078  0.006957  0.006523  0.006375  0.005907  0.005546  0.005284  0.005059  0.004999
B51-05  0.059165  0.059862  0.058754  0.058102  0.058192  0.057313  0.056517  0.055770  0.055497  0.054677  0.053586  0.051662  0.051062  0.050784  0.050478  0.050569  0.050415  0.049868  0.047941  0.047821  0.047348  0.047831  0.047525  0.045040  0.044300  0.043288  0.042016  0.041648  0.040581  0.039565  0.038821  0.037002  0.035936  0.035835  0.035571  0.034059  0.033624  0.031848  0.030433  0.029366  0.028403  0.028130
B51-08  0.003746  0.003806  0.003701  0.003637  0.003642  0.003558  0.003482  0.003411  0.003383  0.003305  0.003204  0.003029  0.002972  0.002945  0.002915  0.002920  0.002903  0.002852  0.002680  0.002667  0.002623  0.002662  0.002633  0.002416  0.002350  0.002262  0.002151  0.002118  0.002027  0.001940  0.001876  0.001723  0.001634  0.001626  0.001604  0.001479  0.001444  0.001300  0.001186  0.001102  0.001026  0.001007
B51-09  0.033450  0.034013  0.033581  0.033397  0.033623  0.033310  0.033041  0.032796  0.032814  0.032524  0.032079  0.031160  0.030984  0.030988  0.030974  0.031185  0.031256  0.031101  0.030152  0.030236  0.030115  0.030545  0.030519  0.029223  0.028936  0.028487  0.027882  0.027804  0.027310  0.026843  0.026532  0.025578  0.025067  0.025128  0.025091  0.024299  0.024152  0.023188  0.022436  0.021890  0.021402  0.021334
B51-10  0.007196  0.007086  0.006692  0.006378  0.006181  0.005844  0.005528  0.005226  0.004997  0.004699  0.004375  0.003955  0.003714  0.003519  0.003325  0.003180  0.003011  0.002805  0.002467  0.002321  0.002147  0.002063  0.001911  0.001590  0.001426  0.001250  0.001069  0.000959  0.000814  0.000685  0.000581  0.000439  0.000347  0.000303  0.000258  0.000187  0.000157  0.000114  0.000096  0.000099  0.000114  0.000114
B51-11  0.012889  0.012970  0.012538  0.012240  0.012150  0.011794  0.011466  0.011155  0.010975  0.010652  0.010263  0.009667  0.009419  0.009256  0.009087  0.009018  0.008889  0.008667  0.008124  0.008014  0.007823  0.007852  0.007702  0.007077  0.006846  0.006563  0.006233  0.006097  0.005824  0.005570  0.005376  0.004985  0.004748  0.004695  0.004616  0.004322  0.004223  0.003908  0.003667  0.003493  0.003345  0.003310
B51-12  0.019802  0.019982  0.019415  0.019040  0.018971  0.018508  0.018083  0.017681  0.017471  0.017046  0.016518  0.015669  0.015345  0.015148  0.014943  0.014891  0.014746  0.014454  0.013647  0.013523  0.013269  0.013369  0.013180  0.012203  0.011868  0.011440  0.010926  0.010737  0.010307  0.009901  0.009596  0.008931  0.008531  0.008458  0.008333  0.007804  0.007633  0.007038  0.006569  0.006220  0.005911  0.005821
B51-13  0.100244  0.101203  0.099240  0.098018  0.098000  0.096416  0.094971  0.093607  0.093010  0.091533  0.089622  0.086373  0.085262  0.084670  0.084037  0.084044  0.083658  0.082644  0.079418  0.079095  0.078207  0.078855  0.078239  0.074140  0.072838  0.071105  0.068960  0.068263  0.066452  0.064727  0.063440  0.060446  0.058656  0.058401  0.057892  0.055404  0.054629  0.051734  0.049416  0.047654  0.046061  0.045561
B51-14  0.023116  0.023256  0.022648  0.022232  0.022125  0.021618  0.021149  0.020702  0.020453  0.019981  0.019400  0.018480  0.018107  0.017866  0.017617  0.017531  0.017347  0.017005  0.016107  0.015943  0.015638  0.015721  0.015487  0.014381  0.013979  0.013471  0.012862  0.012617  0.012096  0.011599  0.011213  0.010405  0.009898  0.009774  0.009588  0.008916  0.008668  0.007901  0.007279  0.006796  0.006357  0.006188
B51-16  0.020619  0.020761  0.020165  0.019759  0.019655  0.019164  0.018711  0.018282  0.018043  0.017593  0.017043  0.016180  0.015832  0.015610  0.015380  0.015301  0.015130  0.014817  0.014005  0.013858  0.013586  0.013657  0.013448  0.012480  0.012132  0.011697  0.011181  0.010978  0.010546  0.010138  0.009827  0.009176  0.008779  0.008694  0.008561  0.008046  0.007872  0.007299  0.006848  0.006512  0.006215  0.006124
B51-17  0.002742  0.002795  0.002748  0.002726  0.002745  0.002710  0.002679  0.002651  0.002650  0.002617  0.002569  0.002474  0.002453  0.002450  0.002445  0.002463  0.002466  0.002448  0.002350  0.002355  0.002339  0.002379  0.002373  0.002241  0.002209  0.002161  0.002098  0.002087  0.002035  0.001985  0.001952  0.001854  0.001800  0.001803  0.001797  0.001715  0.001698  0.001599  0.001522  0.001465  0.001413  0.001404
B52-01  0.012617  0.012479  0.011701  0.011100  0.010761  0.010108  0.009499  0.008922  0.008502  0.007932  0.007303  0.006471  0.006025  0.005675  0.005327  0.005081  0.004781  0.004403  0.003757  0.003505  0.003193  0.003061  0.002793  0.002203  0.001916  0.001615  0.001308  0.001132  0.000900  0.000702  0.000552  0.000357  0.000249  0.000207  0.000168  0.000126  0.000126  0.000126  0.000126  0.000126  0.000126  0.000126
B52-02  0.005989  0.006085  0.005915  0.005813  0.005820  0.005685  0.005563  0.005448  0.005402  0.005277  0.005114  0.004831  0.004740  0.004695  0.004647  0.004655  0.004628  0.004546  0.004268  0.004247  0.004176  0.004240  0.004193  0.003841  0.003734  0.003590  0.003411  0.003358  0.003209  0.003067  0.002964  0.002714  0.002569  0.002555  0.002520  0.002316  0.002259  0.002022  0.001835  0.001696  0.001571  0.001539
B52-04  0.012041  0.012151  0.011780  0.011532  0.011483  0.011179  0.010901  0.010637  0.010498  0.010221  0.009878  0.009329  0.009117  0.008989  0.008854  0.008819  0.008723  0.008534  0.008016  0.007935  0.007772  0.007835  0.007713  0.007091  0.006877  0.006605  0.006279  0.006160  0.005889  0.005634  0.005443  0.005026  0.004776  0.004733  0.004658  0.004330  0.004227  0.003859  0.003571  0.003359  0.003173  0.003124
B52-05  0.009203  0.009222  0.008700  0.008322  0.008162  0.007732  0.007335  0.006961  0.006717  0.006339  0.005905  0.005287  0.005000  0.004794  0.004585  0.004463  0.004290  0.004041  0.003540  0.003395  0.003189  0.003150  0.002978  0.002481  0.002273  0.002040  0.001790  0.001668  0.001476  0.001307  0.001181  0.000978  0.000864  0.000835  0.000799  0.000708  0.000689  0.000638  0.000631  0.000656  0.000704  0.000708
B52-06  0.061270  0.061235  0.059597  0.058378  0.057826  0.056432  0.055126  0.053876  0.053048  0.051762  0.050258  0.048064  0.047015  0.046249  0.045471  0.045033  0.044399  0.043452  0.041392  0.040824  0.039980  0.039915  0.039225  0.036824  0.035826  0.034634  0.033258  0.032600  0.031420  0.030300  0.029404  0.027724  0.026631  0.026266  0.025793  0.024433  0.023869  0.022372  0.021159  0.020216  0.019368  0.019011
B52-08  0.005759  0.005790  0.005556  0.005391  0.005335  0.005142  0.004963  0.004794  0.004693  0.004518  0.004311  0.003997  0.003863  0.003773  0.003680  0.003639  0.003567  0.003448  0.003167  0.003106  0.003005  0.003015  0.002935  0.002617  0.002498  0.002353  0.002186  0.002117  0.001980  0.001853  0.001756  0.001564  0.001449  0.001424  0.001387  0.001247  0.001202  0.001055  0.000944  0.000867  0.000803  0.000793
B52-09  0.004516  0.004480  0.004235  0.004047  0.003945  0.003739  0.003547  0.003365  0.003235  0.003053  0.002850  0.002576  0.002433  0.002322  0.002212  0.002138  0.002045  0.001922  0.001699  0.001619  0.001517  0.001483  0.001396  0.001177  0.001076  0.000966  0.000848  0.000786  0.000694  0.000612  0.000548  0.000450  0.000391  0.000372  0.000350  0.000300  0.000285  0.000250  0.000235  0.000236  0.000246  0.000269
B52-11  0.010819  0.010667  0.010014  0.009501  0.009194  0.008643  0.008127  0.007638  0.007273  0.006791  0.006264  0.005578  0.005197  0.004892  0.004591  0.004372  0.004111  0.003790  0.003256  0.003036  0.002770  0.002649  0.002420  0.001933  0.001690  0.001436  0.001178  0.001026  0.000829  0.000660  0.000530  0.000362  0.000266  0.000227  0.000192  0.000148  0.000145  0.000148  0.000148  0.000148  0.000148  0.000148
B52-12  0.011217  0.011187  0.010836  0.010569  0.010436  0.010134  0.009849  0.009575  0.009387  0.009106  0.008780  0.008313  0.008079  0.007903  0.007725  0.007617  0.007468  0.007255  0.006812  0.006677  0.006484  0.006454  0.006294  0.005776  0.005550  0.005283  0.004977  0.004822  0.004556  0.004301  0.004094  0.003719  0.003468  0.003372  0.003254  0.002943  0.002804  0.002460  0.002178  0.001953  0.001747  0.001649
B52-13  0.018674  0.018676  0.018161  0.017779  0.017614  0.017173  0.016759  0.016363  0.016103  0.015691  0.015206  0.014488  0.014148  0.013902  0.013650  0.013512  0.013307  0.012995  0.012302  0.012115  0.011833  0.011818  0.011587  0.010758  0.010415  0.010000  0.009517  0.009285  0.008865  0.008463  0.008138  0.007527  0.007123  0.006982  0.006800  0.006287  0.006065  0.005491  0.005018  0.004641  0.004295  0.004134
B52-14  0.008191  0.008217  0.007761  0.007434  0.007299  0.006924  0.006579  0.006252  0.006043  0.005713  0.005333  0.004788  0.004539  0.004361  0.004180  0.004077  0.003929  0.003712  0.003269  0.003144  0.002965  0.002935  0.002786  0.002344  0.002161  0.001955  0.001734  0.001628  0.001458  0.001308  0.001196  0.001013  0.000911  0.000886  0.000855  0.000771  0.000753  0.000704  0.000694  0.000713  0.000752  0.000771
B52-17  0.008165  0.008199  0.007748  0.007425  0.007298  0.006927  0.006585  0.006262  0.006058  0.005731  0.005352  0.004804  0.004557  0.004382  0.004205  0.004108  0.003963  0.003748  0.003297  0.003175  0.002997  0.002975  0.002828  0.002369  0.002183  0.001972  0.001741  0.001634  0.001455  0.001296  0.001179  0.000976  0.000863  0.000837  0.000802  0.000699  0.000675  0.000601  0.000569  0.000571  0.000593  0.000640
B52-20  0.008141  0.008172  0.007719  0.007394  0.007264  0.006891  0.006548  0.006224  0.006017  0.005689  0.005310  0.004763  0.004515  0.004339  0.004161  0.004061  0.003915  0.003700  0.003251  0.003128  0.002950  0.002925  0.002777  0.002325  0.002140  0.001931  0.001704  0.001597  0.001422  0.001266  0.001151  0.000957  0.000848  0.000822  0.000789  0.000693  0.000671  0.000607  0.000584  0.000592  0.000622  0.000671
B52-22  0.090103  0.090553  0.088549  0.087171  0.086810  0.085132  0.083573  0.082085  0.081247  0.079668  0.077724  0.074645  0.073380  0.072559  0.071705  0.071399  0.070763  0.069594  0.066541  0.065965  0.064910  0.065171  0.064356  0.060556  0.059154  0.057383  0.055258  0.054380  0.052545  0.050784  0.049401  0.046544  0.044727  0.044241  0.043537  0.041117  0.040185  0.037408  0.035132  0.033340  0.031695  0.031007
B52-24  0.378959  0.381093  0.375509  0.371858  0.371412  0.366757  0.362444  0.358320  0.356268  0.351787  0.346074  0.336589  0.332995  0.330837  0.328554  0.328079  0.326491  0.323092  0.313271  0.311798  0.308670  0.310038  0.307699  0.294967  0.290479  0.284654  0.277522  0.274734  0.268506  0.262480  0.257752  0.247635  0.241194  0.239554  0.237095  0.228257  0.224857  0.214515  0.205939  0.199097  0.192733  0.189960
B52-25  0.002326  0.002308  0.002225  0.002160  0.002122  0.002050  0.001982  0.001916  0.001868  0.001802  0.001727  0.001624  0.001568  0.001523  0.001479  0.001448  0.001410  0.001359  0.001263  0.001228  0.001183  0.001168  0.001129  0.001021  0.000970  0.000912  0.000846  0.000809  0.000752  0.000697  0.000652  0.000575  0.000522  0.000499  0.000472  0.000409  0.000379  0.000311  0.000254  0.000209  0.000169  0.000148
B52-26  0.009987  0.010206  0.010022  0.009938  0.010022  0.009885  0.009766  0.009657  0.009655  0.009527  0.009334  0.008945  0.008862  0.008854  0.008839  0.008917  0.008938  0.008864  0.008456  0.008481  0.008421  0.008593  0.008573  0.008014  0.007881  0.007680  0.007411  0.007366  0.007143  0.006931  0.006785  0.006361  0.006126  0.006140  0.006111  0.005752  0.005674  0.005238  0.004892  0.004636  0.004405  0.004358
B52-27  0.009019  0.009062  0.008779  0.008581  0.008517  0.008282  0.008063  0.007855  0.007732  0.007515  0.007252  0.006848  0.006677  0.006562  0.006443  0.006394  0.006304  0.006148  0.005765  0.005685  0.005548  0.005570  0.005463  0.005004  0.004832  0.004619  0.004367  0.004262  0.004049  0.003846  0.003689  0.003369  0.003169  0.003118  0.003045  0.002786  0.002691  0.002402  0.002170  0.001993  0.001835  0.001778
B52-28  0.001529  0.001540  0.001477  0.001433  0.001420  0.001367  0.001319  0.001274  0.001248  0.001201  0.001144  0.001057  0.001022  0.000998  0.000974  0.000964  0.000946  0.000914  0.000837  0.000821  0.000794  0.000799  0.000778  0.000689  0.000657  0.000617  0.000571  0.000553  0.000516  0.000481  0.000455  0.000402  0.000370  0.000364  0.000355  0.000316  0.000304  0.000263  0.000233  0.000212  0.000194  0.000192
B52-29  0.765594  0.772057  0.764511  0.760469  0.762226  0.756360  0.751112  0.746205  0.745036  0.739480  0.731705  0.717139  0.713188  0.711817  0.710216  0.711856  0.711487  0.707865  0.692736  0.692565  0.689426  0.694320  0.692578  0.672283  0.666714  0.658762  0.648487  0.645949  0.637293  0.629001  0.623020  0.607480  0.598474  0.597976  0.596022  0.582785  0.579169  0.563299  0.550562  0.540893  0.532074  0.529581
B52-31  0.000808  0.000816  0.000780  0.000755  0.000748  0.000718  0.000691  0.000665  0.000650  0.000623  0.000591  0.000541  0.000521  0.000508  0.000495  0.000490  0.000480  0.000463  0.000419  0.000411  0.000396  0.000399  0.000387  0.000338  0.000321  0.000300  0.000275  0.000265  0.000246  0.000227  0.000214  0.000187  0.000171  0.000169  0.000165  0.000146  0.000141  0.000122  0.000109  0.000100  0.000094  0.000095
B52-32  0.172264  0.173267  0.170916  0.169406  0.169288  0.167346  0.165555  0.163847  0.163037  0.161178  0.158790  0.154777  0.153309  0.152461  0.151560  0.151439  0.150838  0.149460  0.145327  0.144780  0.143524  0.144195  0.143278  0.137919  0.136089  0.133691  0.130738  0.129642  0.127081  0.124610  0.122695  0.118492  0.115856  0.115261  0.114320  0.110677  0.109342  0.105072  0.101555  0.098776  0.096202  0.095147
B52-33  0.026360  0.025945  0.024789  0.023841  0.023211  0.022205  0.021253  0.020339  0.019626  0.018721  0.017737  0.016471  0.015715  0.015091  0.014473  0.014005  0.013465  0.012810  0.011725  0.011250  0.010678  0.010415  0.009923  0.008809  0.008238  0.007613  0.006942  0.006542  0.005977  0.005453  0.005022  0.004359  0.003909  0.003700  0.003472  0.003002  0.002782  0.002327  0.001980  0.001729  0.001526  0.001462
B52-36  0.003018  0.002960  0.002801  0.002671  0.002585  0.002448  0.002319  0.002196  0.002100  0.001979  0.001849  0.001684  0.001585  0.001503  0.001423  0.001361  0.001291  0.001207  0.001074  0.001014  0.000943  0.000908  0.000847  0.000720  0.000654  0.000584  0.000511  0.000467  0.000408  0.000356  0.000314  0.000255  0.000216  0.000200  0.000183  0.000151  0.000139  0.000116  0.000105  0.000102  0.000106  0.000118
B52-64  0.031514  0.031878  0.031207  0.030798  0.030816  0.030277  0.029787  0.029326  0.029136  0.028633  0.027975  0.026839  0.026463  0.026273  0.026068  0.026091  0.025973  0.025630  0.024495  0.024398  0.024099  0.024350  0.024147  0.022692  0.022241  0.021634  0.020877  0.020641  0.020003  0.019394  0.018943  0.017873  0.017237  0.017156  0.016983  0.016091  0.015820  0.014776  0.013940  0.013306  0.012731  0.012555
B52-65  0.007507  0.007660  0.007569  0.007540  0.007611  0.007549  0.007497  0.007452  0.007471  0.007413  0.007315  0.007097  0.007066  0.007080  0.007091  0.007159  0.007191  0.007165  0.006931  0.006967  0.006948  0.007075  0.007082  0.006750  0.006686  0.006578  0.006426  0.006416  0.006293  0.006176  0.006101  0.005848  0.005716  0.005741  0.005739  0.005525  0.005491  0.005226  0.005018  0.004868  0.004732  0.004717
B52-73  0.008803  0.008809  0.008279  0.007893  0.007722  0.007285  0.006882  0.006501  0.006249  0.005866  0.005431  0.004818  0.004527  0.004315  0.004100  0.003970  0.003790  0.003539  0.003051  0.002900  0.002694  0.002642  0.002467  0.001997  0.001794  0.001571  0.001336  0.001216  0.001038  0.000884  0.000769  0.000596  0.000502  0.000475  0.000444  0.000385  0.000376  0.000367  0.000385  0.000385  0.000385  0.000385
B53-04  0.931287  0.939281  0.924332  0.915164  0.915481  0.903404  0.892380  0.881955  0.877616  0.866221  0.851303  0.825542  0.816904  0.812433  0.807615  0.807984  0.805162  0.797195  0.771056  0.768654  0.761590  0.767188  0.762356  0.728514  0.717821  0.703469  0.685576  0.679769  0.664527  0.649924  0.638952  0.613355  0.597898  0.595529  0.590959  0.569250  0.562256  0.536752  0.516114  0.500210  0.485671  0.480696
B53-05  0.000926  0.000948  0.000899  0.000868  0.000865  0.000826  0.000791  0.000759  0.000743  0.000708  0.000666  0.000598  0.000574  0.000560  0.000545  0.000542  0.000532  0.000510  0.000452  0.000443  0.000425  0.000432  0.000418  0.000354  0.000333  0.000307  0.000276  0.000266  0.000242  0.000221  0.000206  0.000174  0.000158  0.000156  0.000153  0.000134  0.000130  0.000113  0.000102  0.000097  0.000095  0.000100
B53-06  0.008822  0.008830  0.008465  0.008199  0.008085  0.007781  0.007498  0.007230  0.007057  0.006784  0.006466  0.006004  0.005791  0.005638  0.005484  0.005399  0.005275  0.005088  0.004682  0.004575  0.004416  0.004405  0.004276  0.003832  0.003653  0.003444  0.003206  0.003098  0.002904  0.002725  0.002588  0.002331  0.002174  0.002134  0.002079  0.001898  0.001838  0.001654  0.001520  0.001430  0.001358  0.001351
B53-07  0.074264  0.075561  0.074121  0.073366  0.073741  0.072635  0.071651  0.070737  0.070546  0.069510  0.068051  0.065294  0.064579  0.064359  0.064095  0.064448  0.064417  0.063770  0.060947  0.060958  0.060410  0.061374  0.061088  0.057328  0.056335  0.054901  0.053040  0.052623  0.051073  0.049597  0.048553  0.045753  0.044165  0.044144  0.043856  0.041509  0.040925  0.038116  0.035888  0.034224  0.032722  0.032365
B53-08  0.087000  0.088064  0.087246  0.086897  0.087328  0.086731  0.086216  0.085746  0.085779  0.085219  0.084356  0.082572  0.082223  0.082222  0.082190  0.082597  0.082731  0.082422  0.080544  0.080702  0.080454  0.081302  0.081244  0.078647  0.078061  0.077146  0.075911  0.075735  0.074718  0.073748  0.073093  0.071120  0.070044  0.070139  0.070032  0.068365  0.068025  0.065987  0.064379  0.063193  0.062121  0.061926
B53-10  0.006252  0.006336  0.006151  0.006035  0.006028  0.005880  0.005745  0.005618  0.005560  0.005424  0.005252  0.004966  0.004866  0.004812  0.004754  0.004750  0.004713  0.004623  0.004353  0.004323  0.004247  0.004294  0.004239  0.003912  0.003807  0.003670  0.003504  0.003450  0.003313  0.003184  0.003090  0.002875  0.002750  0.002735  0.002703  0.002535  0.002488  0.002299  0.002153  0.002048  0.001957  0.001937
B53-11  0.091900  0.092955  0.090938  0.089698  0.089723  0.088099  0.086617  0.085218  0.084629  0.083107  0.081123  0.077716  0.076571  0.075977  0.075337  0.075378  0.075000  0.073951  0.070538  0.070221  0.069300  0.070020  0.069388  0.065015  0.063638  0.061795  0.059503  0.058767  0.056827  0.054976  0.053593  0.050358  0.048420  0.048144  0.047591  0.044882  0.044033  0.040866  0.038321  0.036379  0.034614  0.034045
B53-12  0.011294  0.011014  0.010405  0.009893  0.009523  0.008993  0.008491  0.008011  0.007619  0.007151  0.006656  0.006054  0.005665  0.005334  0.005008  0.004743  0.004454  0.004126  0.003650  0.003401  0.003122  0.002951  0.002708  0.002274  0.002024  0.001766  0.001506  0.001332  0.001122  0.000935  0.000782  0.000591  0.000461  0.000388  0.000318  0.000227  0.000184  0.000135  0.000119  0.000129  0.000135  0.000135
B53-14  0.014096  0.014315  0.013933  0.013703  0.013720  0.013415  0.013138  0.012877  0.012774  0.012489  0.012114  0.011462  0.011251  0.011147  0.011035  0.011054  0.010993  0.010800  0.010148  0.010099  0.009931  0.010082  0.009971  0.009134  0.008879  0.008533  0.008101  0.007970  0.007606  0.007260  0.007004  0.006390  0.006028  0.005987  0.005892  0.005381  0.005229  0.004631  0.004153  0.003792  0.003465  0.003368
B53-20  0.016738  0.016956  0.016574  0.016344  0.016361  0.016056  0.015778  0.015517  0.015414  0.015129  0.014754  0.014103  0.013892  0.013788  0.013675  0.013694  0.013632  0.013440  0.012788  0.012738  0.012571  0.012722  0.012611  0.011774  0.011519  0.011173  0.010741  0.010611  0.010247  0.009901  0.009645  0.009032  0.008670  0.008629  0.008534  0.008024  0.007872  0.007275  0.006798  0.006437  0.006110  0.006014
B53-23  0.002084  0.002144  0.002075  0.002038  0.002054  0.002001  0.001955  0.001912  0.001902  0.001855  0.001790  0.001670  0.001640  0.001630  0.001618  0.001631  0.001628  0.001601  0.001488  0.001488  0.001466  0.001501  0.001488  0.001348  0.001312  0.001261  0.001196  0.001183  0.001131  0.001083  0.001051  0.000964  0.000917  0.000921  0.000916  0.000850  0.000838  0.000763  0.000708  0.000670  0.000639  0.000639
B53-25  0.001031  0.001053  0.001005  0.000974  0.000972  0.000933  0.000898  0.000866  0.000850  0.000815  0.000772  0.000702  0.000677  0.000663  0.000649  0.000646  0.000635  0.000613  0.000551  0.000543  0.000524  0.000532  0.000517  0.000448  0.000424  0.000395  0.000361  0.000349  0.000322  0.000297  0.000279  0.000242  0.000220  0.000218  0.000212  0.000187  0.000180  0.000155  0.000137  0.000126  0.000119  0.000120
B53-26  0.008372  0.008354  0.007973  0.007689  0.007554  0.007236  0.006940  0.006659  0.006470  0.006187  0.005865  0.005412  0.005192  0.005029  0.004864  0.004765  0.004629  0.004438  0.004057  0.003941  0.003781  0.003749  0.003616  0.003222  0.003054  0.002864  0.002655  0.002554  0.002387  0.002237  0.002122  0.001923  0.001804  0.001771  0.001729  0.001609  0.001572  0.001466  0.001399  0.001364  0.001348  0.001368
B53-28  0.007182  0.007279  0.007101  0.006992  0.006996  0.006854  0.006726  0.006605  0.006555  0.006425  0.006255  0.005964  0.005869  0.005821  0.005769  0.005775  0.005745  0.005659  0.005377  0.005354  0.005280  0.005341  0.005291  0.004939  0.004831  0.004687  0.004509  0.004455  0.004307  0.004168  0.004066  0.003824  0.003683  0.003669  0.003635  0.003440  0.003385  0.003161  0.002985  0.002856  0.002741  0.002714
B53-29  0.008773  0.008779  0.008412  0.008144  0.008029  0.007723  0.007439  0.007170  0.006995  0.006721  0.006403  0.005942  0.005728  0.005574  0.005419  0.005333  0.005207  0.005020  0.004617  0.004509  0.004349  0.004337  0.004207  0.003768  0.003590  0.003382  0.003148  0.003041  0.002849  0.002673  0.002538  0.002286  0.002133  0.002094  0.002040  0.001865  0.001807  0.001631  0.001503  0.001418  0.001352  0.001348
B54-01  0.003866  0.003918  0.003780  0.003691  0.003679  0.003568  0.003467  0.003372  0.003324  0.003223  0.003097  0.002894  0.002819  0.002775  0.002729  0.002720  0.002688  0.002621  0.002433  0.002406  0.002349  0.002375  0.002332  0.002109  0.002034  0.001939  0.001826  0.001786  0.001692  0.001605  0.001541  0.001399  0.001317  0.001305  0.001282  0.001175  0.001144  0.001026  0.000936  0.000872  0.000818  0.000807
B54-03  0.658665  0.665274  0.660315  0.658246  0.660945  0.657368  0.654298  0.651508  0.651782  0.648456  0.643316  0.632633  0.630629  0.630726  0.630630  0.633165  0.634057  0.632298  0.621205  0.622248  0.620882  0.626005  0.625754  0.610530  0.607200  0.601953  0.594845  0.593960  0.588164  0.582667  0.579025  0.567746  0.561704  0.562456  0.562041  0.552644  0.550910  0.539447  0.530490  0.523980  0.518152  0.517330
B54-05  0.000958  0.000979  0.000930  0.000899  0.000895  0.000856  0.000821  0.000787  0.000771  0.000736  0.000692  0.000623  0.000598  0.000583  0.000567  0.000564  0.000553  0.000530  0.000469  0.000460  0.000441  0.000447  0.000432  0.000365  0.000342  0.000313  0.000281  0.000268  0.000242  0.000219  0.000202  0.000166  0.000147  0.000144  0.000139  0.000116  0.000110  0.000088  0.000073  0.000065  0.000059  0.000061
B55-02  0.004964  0.005045  0.004924  0.004853  0.004866  0.004771  0.004685  0.004604  0.004576  0.004488  0.004369  0.004158  0.004094  0.004066  0.004035  0.004047  0.004033  0.003975  0.003765  0.003754  0.003704  0.003760  0.003728  0.003457  0.003378  0.003270  0.003133  0.003095  0.002981  0.002872  0.002793  0.002597  0.002483  0.002475  0.002449  0.002287  0.002243  0.002052  0.001901  0.001788  0.001687  0.001661
B55-04  0.211695  0.215247  0.214003  0.213951  0.215869  0.215183  0.214703  0.214335  0.215229  0.214629  0.213275  0.209622  0.209556  0.210355  0.211068  0.212865  0.213977  0.213988  0.210137  0.211298  0.211458  0.214295  0.214906  0.209327  0.208658  0.207192  0.204954  0.205281  0.203576  0.201990  0.201166  0.197185  0.195362  0.196338  0.196827  0.193607  0.193543  0.189463  0.186413  0.184368  0.182600  0.182891
B55-05  0.005798  0.005857  0.005667  0.005541  0.005517  0.005362  0.005220  0.005086  0.005016  0.004874  0.004698  0.004417  0.004309  0.004245  0.004177  0.004160  0.004112  0.004016  0.003751  0.003711  0.003628  0.003662  0.003600  0.003282  0.003173  0.003035  0.002869  0.002809  0.002672  0.002542  0.002445  0.002233  0.002107  0.002086  0.002049  0.001883  0.001832  0.001645  0.001500  0.001394  0.001301  0.001277
B55-07  0.110320  0.111913  0.110495  0.109831  0.110406  0.109353  0.108435  0.107591  0.107540  0.106561  0.105117  0.102249  0.101620  0.101533  0.101396  0.101934  0.102051  0.101490  0.098546  0.098706  0.098252  0.099451  0.099281  0.095310  0.094366  0.092939  0.091045  0.090728  0.089173  0.087698  0.086694  0.083774  0.082176  0.082286  0.082104  0.079678  0.079172  0.076242  0.073945  0.072263  0.070755  0.070494
B55-08  0.075410  0.076677  0.075977  0.075767  0.076363  0.075896  0.075515  0.075181  0.075363  0.074938  0.074208  0.072550  0.072348  0.072498  0.072613  0.073167  0.073444  0.073278  0.071561  0.071861  0.071760  0.072733  0.072813  0.070422  0.069996  0.069255  0.068210  0.068187  0.067359  0.066582  0.066109  0.064391  0.063530  0.063775  0.063829  0.062427  0.062268  0.060537  0.059215  0.058290  0.057478  0.057470
B55-09  0.058479  0.059221  0.058277  0.057757  0.057929  0.057197  0.056544  0.055935  0.055766  0.055088  0.054161  0.052461  0.051990  0.051814  0.051614  0.051778  0.051715  0.051290  0.049594  0.049562  0.049204  0.049723  0.049517  0.047315  0.046713  0.045863  0.044777  0.044516  0.043617  0.042766  0.042163  0.040586  0.039695  0.039676  0.039511  0.038218  0.037898  0.036372  0.035173  0.034289  0.033499  0.033329
B55-11  0.001433  0.001487  0.001450  0.001435  0.001458  0.001432  0.001410  0.001390  0.001394  0.001370  0.001332  0.001252  0.001238  0.001241  0.001242  0.001263  0.001272  0.001260  0.001178  0.001188  0.001179  0.001219  0.001219  0.001107  0.001084  0.001047  0.000996  0.000991  0.000951  0.000912  0.000888  0.000807  0.000765  0.000773  0.000773  0.000707  0.000697  0.000617  0.000555  0.000512  0.000473  0.000470
B55-12  0.063934  0.065256  0.064577  0.064395  0.065041  0.064596  0.064238  0.063926  0.064148  0.063740  0.063013  0.061312  0.061128  0.061312  0.061462  0.062074  0.062398  0.062253  0.060457  0.060804  0.060723  0.061794  0.061911  0.059362  0.058926  0.058145  0.057028  0.057022  0.056133  0.055296  0.054788  0.052903  0.051956  0.052232  0.052298  0.050735  0.050557  0.048610  0.047112  0.046055  0.045118  0.045092
B55-13  0.002319  0.002384  0.002317  0.002283  0.002303  0.002253  0.002209  0.002168  0.002161  0.002116  0.002051  0.001929  0.001900  0.001892  0.001883  0.001901  0.001902  0.001875  0.001757  0.001760  0.001739  0.001781  0.001770  0.001618  0.001581  0.001526  0.001455  0.001442  0.001385  0.001332  0.001296  0.001195  0.001141  0.001146  0.001141  0.001062  0.001047  0.000955  0.000885  0.000836  0.000794  0.000791
B55-14  0.026705  0.027010  0.026296  0.025843  0.025807  0.025233  0.024710  0.024217  0.023986  0.023461  0.022794  0.021687  0.021297  0.021081  0.020852  0.020832  0.020683  0.020333  0.019278  0.019156  0.018856  0.019040  0.018827  0.017535  0.017120  0.016578  0.015916  0.015699  0.015151  0.014636  0.014256  0.013383  0.012872  0.012810  0.012675  0.011984  0.011784  0.010999  0.010387  0.009938  0.009544  0.009451
B55-15  0.002989  0.003053  0.002983  0.002946  0.002965  0.002911  0.002863  0.002818  0.002809  0.002758  0.002687  0.002550  0.002515  0.002504  0.002491  0.002509  0.002508  0.002476  0.002335  0.002335  0.002308  0.002357  0.002342  0.002153  0.002103  0.002031  0.001937  0.001915  0.001836  0.001761  0.001708  0.001565  0.001483  0.001481  0.001466  0.001345  0.001314  0.001169  0.001054  0.000967  0.000888  0.000868
B55-16  0.051620  0.052093  0.050963  0.050240  0.050178  0.049260  0.048420  0.047626  0.047251  0.046399  0.045313  0.043503  0.042856  0.042492  0.042107  0.042067  0.041816  0.041227  0.039451  0.039239  0.038724  0.039032  0.038664  0.036438  0.035709  0.034753  0.033582  0.033181  0.032193  0.031253  0.030548  0.028946  0.027982  0.027828  0.027542  0.026222  0.025801  0.024278  0.023060  0.022137  0.021305  0.021043
B55-17  0.005247  0.005361  0.005262  0.005216  0.005259  0.005185  0.005120  0.005060  0.005057  0.004987  0.004881  0.004671  0.004624  0.004617  0.004606  0.004645  0.004654  0.004611  0.004387  0.004398  0.004362  0.004453  0.004439  0.004130  0.004054  0.003940  0.003788  0.003759  0.003632  0.003509  0.003424  0.003184  0.003048  0.003050  0.003028  0.002822  0.002772  0.002521  0.002320  0.002169  0.002031  0.001997
B55-18  0.230422  0.234107  0.230797  0.229243  0.230514  0.228083  0.225975  0.224051  0.223894  0.221695  0.218506  0.212284  0.210938  0.210753  0.210457  0.211564  0.211768  0.210567  0.204528  0.204842  0.203912  0.206261  0.205871  0.198096  0.196280  0.193571  0.190027  0.189489  0.186669  0.184047  0.182327  0.177216  0.174550  0.174921  0.174776  0.170810  0.170167  0.165517  0.162022  0.159615  0.157556  0.157516
B55-19  0.042337  0.043050  0.042447  0.042171  0.042443  0.041992  0.041598  0.041235  0.041226  0.040798  0.040154  0.038854  0.038571  0.038536  0.038477  0.038733  0.038794  0.038538  0.037156  0.037233  0.037018  0.037591  0.037514  0.035603  0.035140  0.034439  0.033503  0.033334  0.032552  0.031803  0.031282  0.029797  0.028963  0.028985  0.028859  0.027587  0.027288  0.025736  0.024497  0.023567  0.022719  0.022518
B55-24  0.005011  0.005017  0.004850  0.004727  0.004677  0.004536  0.004404  0.004278  0.004198  0.004068  0.003915  0.003688  0.003584  0.003510  0.003435  0.003397  0.003337  0.003243  0.003031  0.002979  0.002896  0.002897  0.002830  0.002584  0.002485  0.002367  0.002229  0.002167  0.002050  0.001939  0.001853  0.001685  0.001578  0.001547  0.001504  0.001371  0.001320  0.001173  0.001056  0.000967  0.000888  0.000859
B55-25  0.000667  0.000678  0.000644  0.000622  0.000618  0.000591  0.000566  0.000543  0.000531  0.000507  0.000477  0.000430  0.000413  0.000403  0.000392  0.000390  0.000383  0.000368  0.000327  0.000322  0.000310  0.000315  0.000306  0.000261  0.000246  0.000228  0.000206  0.000199  0.000182  0.000167  0.000157  0.000133  0.000120  0.000121  0.000119  0.000104  0.000102  0.000087  0.000077  0.000071  0.000068  0.000072
B55-28  0.001067  0.001093  0.001046  0.001018  0.001019  0.000982  0.000949  0.000918  0.000905  0.000872  0.000830  0.000760  0.000737  0.000725  0.000713  0.000713  0.000706  0.000685  0.000621  0.000615  0.000599  0.000611  0.000599  0.000524  0.000502  0.000472  0.000437  0.000426  0.000398  0.000372  0.000354  0.000311  0.000288  0.000287  0.000283  0.000253  0.000247  0.000215  0.000192  0.000177  0.000166  0.000167
B55-29  0.002437  0.002538  0.002514  0.002521  0.002579  0.002570  0.002565  0.002564  0.002596  0.002589  0.002561  0.002472  0.002478  0.002507  0.002535  0.002591  0.002630  0.002638  0.002542  0.002582  0.002594  0.002680  0.002706  0.002560  0.002549  0.002516  0.002462  0.002479  0.002438  0.002401  0.002385  0.002280  0.002235  0.002270  0.002290  0.002205  0.002210  0.002099  0.002016  0.001963  0.001917  0.001931
B55-34  0.000920  0.000941  0.000893  0.000862  0.000859  0.000821  0.000786  0.000753  0.000738  0.000704  0.000661  0.000593  0.000569  0.000555  0.000541  0.000538  0.000528  0.000506  0.000447  0.000439  0.000421  0.000428  0.000415  0.000350  0.000328  0.000302  0.000271  0.000261  0.000237  0.000215  0.000200  0.000168  0.000150  0.000149  0.000146  0.000126  0.000122  0.000104  0.000092  0.000087  0.000084  0.000088
B55-36  0.109231  0.110446  0.108709  0.107718  0.107936  0.106578  0.105359  0.104220  0.103848  0.102594  0.100908  0.097889  0.097001  0.096628  0.096212  0.096427  0.096249  0.095448  0.092465  0.092345  0.091668  0.092494  0.092078  0.088252  0.087167  0.085662  0.083759  0.083264  0.081688  0.080198  0.079133  0.076424  0.074880  0.074813  0.074500  0.072293  0.071726  0.069141  0.067112  0.065617  0.064285  0.063989
B55-37  0.029796  0.030108  0.029398  0.028949  0.028918  0.028348  0.027828  0.027338  0.027112  0.026588  0.025922  0.024813  0.024424  0.024211  0.023985  0.023969  0.023824  0.023475  0.022413  0.022294  0.021995  0.022186  0.021974  0.020669  0.020251  0.019704  0.019035  0.018818  0.018263  0.017740  0.017355  0.016466  0.015945  0.015883  0.015746  0.015039  0.014834  0.014028  0.013399  0.012936  0.012528  0.012429
B55-38  0.002964  0.003018  0.002942  0.002899  0.002909  0.002850  0.002797  0.002747  0.002731  0.002677  0.002604  0.002473  0.002434  0.002418  0.002400  0.002410  0.002403  0.002368  0.002239  0.002234  0.002205  0.002241  0.002223  0.002058  0.002012  0.001947  0.001865  0.001844  0.001777  0.001713  0.001668  0.001552  0.001486  0.001484  0.001471  0.001377  0.001353  0.001244  0.001158  0.001095  0.001039  0.001027
B55-39  0.013769  0.013943  0.013537  0.013279  0.013258  0.012931  0.012633  0.012352  0.012221  0.011920  0.011539  0.010906  0.010683  0.010559  0.010428  0.010417  0.010332  0.010132  0.009526  0.009456  0.009284  0.009391  0.009268  0.008524  0.008285  0.007972  0.007589  0.007464  0.007147  0.006848  0.006627  0.006120  0.005822  0.005785  0.005706  0.005302  0.005184  0.004724  0.004365  0.004100  0.003867  0.003809
B56-01  0.010801  0.010993  0.010725  0.010573  0.010608  0.010400  0.010215  0.010042  0.009986  0.009797  0.009544  0.009092  0.008962  0.008908  0.008848  0.008881  0.008856  0.008739  0.008306  0.008290  0.008193  0.008312  0.008253  0.007711  0.007560  0.007351  0.007089  0.007024  0.006811  0.006612  0.006472  0.006113  0.005914  0.005913  0.005880  0.005599  0.005535  0.005212  0.004965  0.004789  0.004638  0.004618
B56-03  1.401016  1.409525  1.392777  1.382426  1.382480  1.368998  1.356710  1.345116  1.340156  1.327580  1.311255  1.283341  1.273915  1.268982  1.263691  1.263934  1.260776  1.252176  1.224427  1.221804  1.214291  1.220063  1.214902  1.179560  1.168439  1.153584  1.135153  1.129257  1.113711  1.098904  1.087883  1.062063  1.046672  1.044587  1.040294  1.018838  1.012229  0.987223  0.967216  0.952030  0.938298  0.934057
B56-04  0.045065  0.045667  0.044132  0.043146  0.043027  0.041795  0.040674  0.039620  0.039105  0.037992  0.036600  0.034333  0.033517  0.033050  0.032559  0.032480  0.032146  0.031419  0.029335  0.029065  0.028453  0.028762  0.028314  0.025855  0.025052  0.024023  0.022790  0.022377  0.021374  0.020444  0.019766  0.018239  0.017364  0.017271  0.017058  0.015919  0.015615  0.014367  0.013430  0.012778  0.012232  0.012166
B56-07  5.471423  5.477009  5.404950  5.352882  5.333085  5.271905  5.214679  5.159861  5.125655  5.068370  4.999903  4.896317  4.849569  4.816797  4.783181  4.766662  4.740015  4.697066  4.596266  4.572045  4.533244  4.534905  4.503704  4.381647  4.333082  4.273570  4.203625  4.171695  4.111069  4.052997  4.006588  3.916246  3.857464  3.838701  3.813608  3.737740  3.706361  3.620718  3.550319  3.494579  3.443492  3.420737
B56-10  0.092612  0.093560  0.092134  0.091307  0.091456  0.090331  0.089316  0.088364  0.088035  0.086987  0.085584  0.083084  0.082326  0.081990  0.081619  0.081769  0.081596  0.080907  0.078405  0.078277  0.077685  0.078349  0.077977  0.074741  0.073798  0.072499  0.070857  0.070403  0.069031  0.067725  0.066778  0.064418  0.063049  0.062944  0.062628  0.060672  0.060130  0.057828  0.056000  0.054630  0.053395  0.053066
B56-11  0.001957  0.001992  0.001935  0.001902  0.001906  0.001861  0.001820  0.001782  0.001767  0.001725  0.001670  0.001571  0.001540  0.001526  0.001510  0.001514  0.001505  0.001477  0.001378  0.001372  0.001347  0.001371  0.001355  0.001227  0.001189  0.001136  0.001070  0.001051  0.000995  0.000943  0.000904  0.000809  0.000753  0.000747  0.000733  0.000654  0.000631  0.000538  0.000463  0.000407  0.000356  0.000341
B56-13  0.000389  0.000415  0.000406  0.000406  0.000420  0.000415  0.000411  0.000409  0.000415  0.000411  0.000401  0.000375  0.000374  0.000380  0.000385  0.000399  0.000407  0.000407  0.000378  0.000387  0.000389  0.000410  0.000415  0.000372  0.000367  0.000356  0.000339  0.000341  0.000328  0.000315  0.000308  0.000277  0.000262  0.000270  0.000273  0.000247  0.000246  0.000213  0.000188  0.000170  0.000155  0.000157
B56-14  0.157866  0.158812  0.156427  0.154880  0.154715  0.152743  0.150923  0.149189  0.148344  0.146465  0.144067  0.140072  0.138589  0.137719  0.136798  0.136643  0.136018  0.134632  0.130552  0.129986  0.128728  0.129354  0.128430  0.123177  0.121371  0.119014  0.116123  0.115040  0.112539  0.110129  0.108262  0.104184  0.101630  0.101051  0.100139  0.096625  0.095340  0.091235  0.087862  0.085203  0.082748  0.081751
B56-23  0.006910  0.006855  0.006562  0.006333  0.006204  0.005953  0.005717  0.005492  0.005330  0.005103  0.004849  0.004502  0.004318  0.004175  0.004032  0.003936  0.003815  0.003654  0.003351  0.003245  0.003105  0.003066  0.002948  0.002624  0.002477  0.002309  0.002124  0.002027  0.001873  0.001729  0.001615  0.001420  0.001295  0.001248  0.001193  0.001053  0.000996  0.000855  0.000748  0.000672  0.000610  0.000593
B56-24  0.009105  0.009118  0.008781  0.008537  0.008436  0.008154  0.007893  0.007645  0.007486  0.007231  0.006934  0.006496  0.006296  0.006154  0.006010  0.005934  0.005819  0.005642  0.005249  0.005149  0.004997  0.004993  0.004871  0.004429  0.004253  0.004044  0.003805  0.003697  0.003499  0.003314  0.003171  0.002897  0.002728  0.002684  0.002622  0.002419  0.002348  0.002133  0.001969  0.001852  0.001754  0.001730
B56-26  0.182744  0.182172  0.177194  0.173380  0.171410  0.167130  0.163101  0.159237  0.156543  0.152595  0.148064  0.141650  0.138384  0.135903  0.133397  0.131831  0.129736  0.126793  0.120820  0.118933  0.116302  0.115802  0.113606  0.106762  0.103752  0.100222  0.096207  0.094149  0.090687  0.087398  0.084727  0.079950  0.076772  0.075569  0.074085  0.070221  0.068513  0.064309  0.060884  0.058197  0.055777  0.054684
B56-28  1.010958  1.009809  0.994909  0.983432  0.977669  0.964368  0.951656  0.939261  0.930573  0.917498  0.902179  0.880012  0.868457  0.859485  0.850276  0.844343  0.836381  0.825109  0.802092  0.794288  0.783447  0.780835  0.771422  0.742873  0.729447  0.713527  0.695158  0.684792  0.668033  0.651614  0.637576  0.613471  0.596167  0.587797  0.577885  0.556002  0.544276  0.519480  0.497948  0.479636  0.462185  0.451491
B56-30  0.192290  0.192131  0.187429  0.183903  0.182274  0.178225  0.174414  0.170749  0.168298  0.164500  0.160052  0.153552  0.150388  0.148049  0.145665  0.144290  0.142326  0.139412  0.133114  0.131309  0.128656  0.128379  0.126182  0.118666  0.115462  0.111622  0.107177  0.104965  0.101076  0.097343  0.094299  0.088686  0.084927  0.083520  0.081748  0.077005  0.074875  0.069570  0.065164  0.061623  0.058360  0.056764
B56-31  0.347639  0.345281  0.335739  0.328089  0.323473  0.315044  0.307018  0.299249  0.293429  0.285499  0.276566  0.264406  0.257558  0.252042  0.246481  0.242541  0.237695  0.231370  0.219712  0.215193  0.209356  0.207305  0.202240  0.188786  0.182181  0.174596  0.166079  0.161119  0.153535  0.146222  0.140025  0.129794  0.122522  0.118988  0.114902  0.106153  0.101555  0.091973  0.083836  0.077091  0.070811  0.067185
B57-02  0.078178  0.079574  0.077934  0.077059  0.077427  0.076169  0.075051  0.074014  0.073766  0.072604  0.070993  0.067996  0.067203  0.066942  0.066635  0.066982  0.066920  0.066207  0.063219  0.063210  0.062618  0.063595  0.063273  0.059379  0.058349  0.056875  0.054978  0.054557  0.052996  0.051522  0.050490  0.047720  0.046173  0.046184  0.045932  0.043671  0.043144  0.040468  0.038377  0.036847  0.035486  0.035226
B57-04  0.000255  0.000270  0.000262  0.000261  0.000268  0.000264  0.000260  0.000256  0.000259  0.000255  0.000247  0.000227  0.000225  0.000228  0.000230  0.000237  0.000241  0.000240  0.000219  0.000223  0.000222  0.000235  0.000237  0.000207  0.000202  0.000193  0.000181  0.000181  0.000170  0.000161  0.000155  0.000133  0.000122  0.000125  0.000126  0.000108  0.000106  0.000083  0.000065  0.000053  0.000042  0.000042
B57-05  1.556314  1.560142  1.540504  1.526790  1.522828  1.506148  1.490550  1.475571  1.466879  1.450909  1.431293  1.400429  1.387294  1.378494  1.369349  1.365623  1.358599  1.346220  1.314843  1.308279  1.296848  1.298721  1.289671  1.250085  1.234840  1.215726  1.192851  1.182751  1.162652  1.143212  1.127617  1.096433  1.076013  1.069554  1.060757  1.033604  1.022200  0.990898  0.964776  0.943714  0.924096  0.914799
B57-06  0.005677  0.005820  0.005678  0.005607  0.005654  0.005546  0.005450  0.005360  0.005347  0.005244  0.005094  0.004803  0.004731  0.004713  0.004689  0.004733  0.004736  0.004670  0.004362  0.004368  0.004311  0.004423  0.004396  0.003976  0.003866  0.003705  0.003494  0.003448  0.003270  0.003100  0.002978  0.002651  0.002463  0.002457  0.002420  0.002139  0.002065  0.001725  0.001451  0.001243  0.001053  0.001001
B57-08  0.003770  0.003880  0.003808  0.003782  0.003831  0.003781  0.003738  0.003700  0.003710  0.003663  0.003586  0.003419  0.003392  0.003398  0.003402  0.003449  0.003469  0.003445  0.003267  0.003289  0.003271  0.003362  0.003363  0.003111  0.003059  0.002975  0.002857  0.002846  0.002750  0.002658  0.002598  0.002406  0.002302  0.002317  0.002312  0.002148  0.002118  0.001917  0.001758  0.001641  0.001536  0.001520
B57-10  0.155012  0.156519  0.154496  0.153359  0.153681  0.152090  0.150658  0.149314  0.148908  0.147407  0.145358  0.141624  0.140537  0.140094  0.139594  0.139899  0.139705  0.138709  0.134878  0.134741  0.133874  0.134983  0.134460  0.129395  0.127946  0.125919  0.123330  0.122634  0.120452  0.118364  0.116843  0.113011  0.110770  0.110591  0.110062  0.106817  0.105895  0.102035  0.098937  0.096584  0.094441  0.093814
B57-11  0.067946  0.068733  0.067746  0.067205  0.067395  0.066627  0.065939  0.065295  0.065121  0.064401  0.063407  0.061575  0.061064  0.060873  0.060655  0.060836  0.060769  0.060304  0.058435  0.058397  0.057998  0.058575  0.058346  0.055877  0.055193  0.054226  0.052984  0.052674  0.051635  0.050643  0.049931  0.048090  0.047029  0.046978  0.046755  0.045209  0.044797  0.042956  0.041490  0.040387  0.039389  0.039127
B57-12  0.016942  0.017161  0.016736  0.016474  0.016477  0.016135  0.015824  0.015530  0.015406  0.015088  0.014675  0.013969  0.013732  0.013609  0.013477  0.013485  0.013407  0.013191  0.012492  0.012428  0.012240  0.012387  0.012259  0.011371  0.011094  0.010723  0.010262  0.010117  0.009730  0.009362  0.009089  0.008446  0.008065  0.008017  0.007914  0.007383  0.007223  0.006605  0.006112  0.005740  0.005405  0.005306
B57-14  0.133952  0.134906  0.132874  0.131594  0.131550  0.129893  0.128373  0.126932  0.126283  0.124717  0.122691  0.119253  0.118046  0.117383  0.116675  0.116644  0.116198  0.115081  0.111595  0.111205  0.110207  0.110861  0.110155  0.105666  0.104196  0.102250  0.099841  0.099010  0.096948  0.094970  0.093466  0.090053  0.087964  0.087584  0.086917  0.084012  0.083029  0.079629  0.076864  0.074717  0.072750  0.072032
B57-15  0.000496  0.000515  0.000502  0.000497  0.000505  0.000495  0.000488  0.000481  0.000482  0.000474  0.000460  0.000432  0.000427  0.000428  0.000428  0.000436  0.000438  0.000434  0.000405  0.000408  0.000405  0.000419  0.000419  0.000379  0.000371  0.000357  0.000339  0.000337  0.000322  0.000308  0.000299  0.000270  0.000254  0.000257  0.000256  0.000232  0.000228  0.000198  0.000175  0.000159  0.000144  0.000142
B57-16  0.185116  0.186728  0.184916  0.183962  0.184420  0.183025  0.181783  0.180627  0.180378  0.179069  0.177229  0.173759  0.172850  0.172563  0.172220  0.172653  0.172604  0.171779  0.168218  0.168222  0.167521  0.168723  0.168352  0.163605  0.162342  0.160522  0.158163  0.157624  0.155656  0.153779  0.152447  0.148896  0.146875  0.146831  0.146450  0.143467  0.142710  0.139138  0.136299  0.134173  0.132249  0.131775
B57-19  0.047294  0.047815  0.046887  0.046324  0.046360  0.045616  0.044940  0.044302  0.044047  0.043351  0.042438  0.040852  0.040335  0.040076  0.039797  0.039838  0.039681  0.039208  0.037620  0.037492  0.037079  0.037440  0.037163  0.035121  0.034493  0.033644  0.032585  0.032258  0.031364  0.030511  0.029880  0.028374  0.027481  0.027371  0.027131  0.025873  0.025493  0.024019  0.022839  0.021943  0.021130  0.020882
B57-20  0.001201  0.001257  0.001235  0.001232  0.001262  0.001249  0.001240  0.001232  0.001246  0.001234  0.001210  0.001147  0.001144  0.001156  0.001166  0.001195  0.001212  0.001211  0.001143  0.001162  0.001163  0.001210  0.001220  0.001121  0.001107  0.001080  0.001038  0.001042  0.001010  0.000979  0.000962  0.000888  0.000853  0.000868  0.000874  0.000813  0.000809  0.000731  0.000672  0.000631  0.000595  0.000597
B57-21  0.000318  0.000331  0.000323  0.000321  0.000327  0.000321  0.000317  0.000313  0.000315  0.000310  0.000301  0.000283  0.000280  0.000281  0.000282  0.000288  0.000290  0.000288  0.000268  0.000271  0.000270  0.000280  0.000281  0.000253  0.000248  0.000238  0.000226  0.000225  0.000214  0.000205  0.000198  0.000177  0.000166  0.000168  0.000168  0.000150  0.000147  0.000125  0.000108  0.000095  0.000084  0.000083
B57-23  0.000447  0.000465  0.000457  0.000455  0.000464  0.000458  0.000454  0.000451  0.000454  0.000449  0.000440  0.000417  0.000415  0.000418  0.000421  0.000430  0.000434  0.000433  0.000409  0.000414  0.000414  0.000429  0.000431  0.000396  0.000391  0.000380  0.000365  0.000365  0.000353  0.000342  0.000335  0.000309  0.000296  0.000300  0.000301  0.000279  0.000277  0.000250  0.000228  0.000213  0.000200  0.000200
B57-24  0.000638  0.000660  0.000646  0.000642  0.000652  0.000643  0.000635  0.000628  0.000631  0.000622  0.000608  0.000576  0.000571  0.000573  0.000574  0.000584  0.000588  0.000584  0.000550  0.000555  0.000552  0.000570  0.000571  0.000522  0.000513  0.000497  0.000475  0.000473  0.000455  0.000438  0.000427  0.000390  0.000371  0.000374  0.000373  0.000342  0.000337  0.000298  0.000268  0.000246  0.000226  0.000224
B57-25  0.002222  0.002246  0.002170  0.002121  0.002111  0.002050  0.001993  0.001940  0.001912  0.001856  0.001786  0.001674  0.001632  0.001606  0.001579  0.001572  0.001553  0.001515  0.001409  0.001393  0.001359  0.001373  0.001348  0.001220  0.001177  0.001121  0.001054  0.001030  0.000974  0.000922  0.000882  0.000796  0.000745  0.000736  0.000720  0.000652  0.000631  0.000555  0.000495  0.000451  0.000412  0.000401
B57-27  0.002904  0.002929  0.002829  0.002761  0.002745  0.002663  0.002587  0.002515  0.002476  0.002400  0.002307  0.002161  0.002103  0.002066  0.002028  0.002015  0.001988  0.001935  0.001796  0.001772  0.001727  0.001741  0.001706  0.001539  0.001480  0.001406  0.001317  0.001283  0.001209  0.001138  0.001085  0.000971  0.000902  0.000888  0.000866  0.000775  0.000745  0.000644  0.000563  0.000503  0.000450  0.000434
B58-02  0.324183  0.326389  0.321014  0.317554  0.317232  0.312818  0.308757  0.304897  0.303052  0.298880  0.293550  0.284646  0.281398  0.279529  0.277550  0.277284  0.275969  0.272961  0.263969  0.262804  0.260107  0.261585  0.259630  0.248127  0.244253  0.239178  0.232944  0.230691  0.225339  0.220202  0.216264  0.207524  0.202123  0.201026  0.199210  0.191771  0.189169  0.180496  0.173426  0.167916  0.162860  0.160944
B58-04  0.078462  0.080025  0.078594  0.077912  0.078461  0.077395  0.076463  0.075606  0.075535  0.074546  0.073099  0.070249  0.069611  0.069508  0.069356  0.069868  0.069965  0.069396  0.066489  0.066630  0.066169  0.067328  0.067145  0.063247  0.062311  0.060906  0.059048  0.058729  0.057206  0.055764  0.054781  0.051941  0.050388  0.050492  0.050314  0.047966  0.047477  0.044651  0.042440  0.040826  0.039384  0.039142
B58-05  0.003518  0.003516  0.003344  0.003217  0.003159  0.003015  0.002882  0.002756  0.002672  0.002545  0.002399  0.002191  0.002092  0.002020  0.001947  0.001905  0.001845  0.001759  0.001584  0.001533  0.001461  0.001450  0.001391  0.001208  0.001133  0.001046  0.000951  0.000905  0.000829  0.000761  0.000709  0.000618  0.000564  0.000549  0.000531  0.000476  0.000460  0.000411  0.000380  0.000365  0.000358  0.000368
B58-06  0.025151  0.025281  0.024680  0.024266  0.024155  0.023653  0.023188  0.022744  0.022493  0.022025  0.021450  0.020543  0.020170  0.019928  0.019678  0.019587  0.019400  0.019059  0.018172  0.018005  0.017700  0.017775  0.017540  0.016447  0.016046  0.015540  0.014936  0.014689  0.014170  0.013674  0.013288  0.012485  0.011980  0.011851  0.011662  0.010992  0.010741  0.009977  0.009356  0.008872  0.008431  0.008256
B58-07  0.006137  0.006185  0.005996  0.005868  0.005837  0.005682  0.005539  0.005404  0.005330  0.005188  0.005014  0.004739  0.004630  0.004561  0.004490  0.004467  0.004416  0.004318  0.004059  0.004015  0.003930  0.003956  0.003892  0.003583  0.003474  0.003337  0.003173  0.003111  0.002974  0.002846  0.002749  0.002541  0.002415  0.002391  0.002352  0.002188  0.002135  0.001952  0.001809  0.001703  0.001609  0.001583
B58-08  0.249671  0.253396  0.250424  0.249126  0.250589  0.248419  0.246544  0.244832  0.244893  0.242872  0.239802  0.233525  0.232271  0.232234  0.232086  0.233460  0.233883  0.232775  0.226269  0.226782  0.225903  0.228776  0.228542  0.219654  0.217643  0.214525  0.210331  0.209736  0.206303  0.203044  0.200859  0.194262  0.190692  0.191047  0.190729  0.185224  0.184146  0.177451  0.172205  0.168373  0.164936  0.164389
B58-10  0.011659  0.011691  0.011299  0.011019  0.010912  0.010586  0.010282  0.009993  0.009814  0.009516  0.009164  0.008635  0.008400  0.008238  0.008072  0.007991  0.007860  0.007651  0.007165  0.007052  0.006870  0.006879  0.006734  0.006173  0.005956  0.005693  0.005387  0.005254  0.004998  0.004758  0.004572  0.004205  0.003978  0.003919  0.003835  0.003552  0.003450  0.003142  0.002902  0.002723  0.002568  0.002521
B58-11  0.006251  0.006319  0.006134  0.006013  0.005997  0.005846  0.005708  0.005578  0.005513  0.005375  0.005201  0.004915  0.004811  0.004749  0.004685  0.004674  0.004631  0.004536  0.004262  0.004226  0.004144  0.004185  0.004126  0.003790  0.003678  0.003533  0.003358  0.003297  0.003150  0.003011  0.002907  0.002675  0.002536  0.002514  0.002474  0.002287  0.002229  0.002016  0.001848  0.001723  0.001612  0.001580
B58-12  0.064800  0.065587  0.064443  0.063785  0.063922  0.063020  0.062207  0.061444  0.061190  0.060347  0.059211  0.057175  0.056565  0.056301  0.056008  0.056143  0.056013  0.055458  0.053405  0.053310  0.052831  0.053391  0.053093  0.050421  0.049647  0.048576  0.047218  0.046846  0.045707  0.044623  0.043835  0.041865  0.040720  0.040631  0.040365  0.038722  0.038263  0.036323  0.034777  0.033613  0.032561  0.032272
B58-13  0.015435  0.015521  0.015161  0.014914  0.014853  0.014552  0.014274  0.014008  0.013860  0.013578  0.013230  0.012677  0.012453  0.012309  0.012158  0.012107  0.011996  0.011789  0.011244  0.011144  0.010958  0.011008  0.010865  0.010189  0.009941  0.009628  0.009253  0.009100  0.008777  0.008467  0.008225  0.007722  0.007404  0.007322  0.007202  0.006778  0.006618  0.006132  0.005736  0.005425  0.005141  0.005026
B58-15  0.056389  0.056889  0.055837  0.055178  0.055158  0.054308  0.053532  0.052799  0.052473  0.051681  0.050660  0.048933  0.048336  0.048014  0.047670  0.047664  0.047450  0.046906  0.045197  0.045018  0.044541  0.044871  0.044537  0.042376  0.041683  0.040766  0.039634  0.039260  0.038305  0.037396  0.036716  0.035146  0.034206  0.034067  0.033796  0.032496  0.032087  0.030579  0.029372  0.028456  0.027628  0.027367
B58-16  0.015797  0.015797  0.015209  0.014776  0.014584  0.014090  0.013630  0.013193  0.012905  0.012459  0.011941  0.011192  0.010838  0.010582  0.010322  0.010175  0.009963  0.009649  0.008983  0.008799  0.008528  0.008499  0.008277  0.007541  0.007237  0.006879  0.006476  0.006285  0.005949  0.005638  0.005394  0.004948  0.004668  0.004582  0.004471  0.004145  0.004022  0.003685  0.003429  0.003246  0.003094  0.003053
B58-19  0.035695  0.035713  0.034466  0.033552  0.033159  0.032110  0.031134  0.030204  0.029599  0.028646  0.027534  0.025910  0.025152  0.024606  0.024052  0.023748  0.023299  0.022623  0.021153  0.020759  0.020171  0.020131  0.019651  0.017992  0.017315  0.016512  0.015595  0.015167  0.014399  0.013679  0.013115  0.012059  0.011393  0.011191  0.010924  0.010123  0.009816  0.008966  0.008304  0.007816  0.007395  0.007260
B58-26  0.014218  0.014397  0.014136  0.013986  0.014018  0.013812  0.013626  0.013451  0.013393  0.013199  0.012938  0.012470  0.012329  0.012267  0.012199  0.012229  0.012198  0.012069  0.011594  0.011570  0.011458  0.011587  0.011517  0.010894  0.010712  0.010461  0.010142  0.010053  0.009784  0.009527  0.009340  0.008874  0.008601  0.008576  0.008510  0.008118  0.008005  0.007541  0.007170  0.006888  0.006632  0.006557
B58-27  0.004122  0.004209  0.004141  0.004112  0.004147  0.004098  0.004055  0.004016  0.004018  0.003971  0.003899  0.003751  0.003722  0.003721  0.003718  0.003751  0.003762  0.003735  0.003579  0.003591  0.003570  0.003640  0.003635  0.003418  0.003368  0.003291  0.003188  0.003172  0.003086  0.003004  0.002949  0.002783  0.002692  0.002699  0.002689  0.002548  0.002518  0.002346  0.002210  0.002109  0.002018  0.002000
B58-28  0.004028  0.004132  0.004060  0.004031  0.004076  0.004024  0.003979  0.003939  0.003946  0.003897  0.003819  0.003653  0.003624  0.003627  0.003628  0.003670  0.003686  0.003660  0.003484  0.003502  0.003482  0.003567  0.003565  0.003317  0.003264  0.003178  0.003061  0.003047  0.002951  0.002859  0.002797  0.002607  0.002503  0.002515  0.002506  0.002344  0.002312  0.002113  0.001955  0.001839  0.001734  0.001715
B58-31  0.000828  0.000848  0.000813  0.000792  0.000793  0.000765  0.000740  0.000717  0.000708  0.000683  0.000651  0.000598  0.000581  0.000572  0.000562  0.000563  0.000556  0.000541  0.000493  0.000488  0.000475  0.000483  0.000474  0.000418  0.000401  0.000378  0.000351  0.000343  0.000321  0.000302  0.000288  0.000256  0.000238  0.000237  0.000233  0.000210  0.000205  0.000181  0.000164  0.000153  0.000144  0.000144
B60-02  0.003122  0.003148  0.003031  0.002951  0.002929  0.002833  0.002745  0.002662  0.002614  0.002527  0.002422  0.002259  0.002193  0.002150  0.002106  0.002089  0.002055  0.001996  0.001847  0.001818  0.001768  0.001777  0.001738  0.001566  0.001504  0.001427  0.001337  0.001300  0.001226  0.001157  0.001104  0.000997  0.000932  0.000919  0.000898  0.000817  0.000791  0.000704  0.000638  0.000590  0.000550  0.000540
B60-03  0.010592  0.010449  0.010005  0.009645  0.009413  0.009028  0.008664  0.008315  0.008046  0.007699  0.007319  0.006826  0.006537  0.006301  0.006066  0.005890  0.005685  0.005433  0.005009  0.004827  0.004607  0.004509  0.004319  0.003881  0.003658  0.003414  0.003151  0.002995  0.002773  0.002567  0.002397  0.002136  0.001958  0.001875  0.001783  0.001596  0.001507  0.001327  0.001188  0.001087  0.001005  0.000975
B60-04  0.002164  0.002155  0.002067  0.002000  0.001966  0.001891  0.001821  0.001754  0.001707  0.001639  0.001562  0.001453  0.001398  0.001356  0.001314  0.001288  0.001253  0.001204  0.001107  0.001076  0.001034  0.001025  0.000990  0.000883  0.000836  0.000782  0.000722  0.000691  0.000640  0.000593  0.000555  0.000489  0.000446  0.000430  0.000411  0.000362  0.000341  0.000290  0.000250  0.000221  0.000196  0.000187
B60-05  0.017553  0.017603  0.017047  0.016649  0.016501  0.016036  0.015604  0.015192  0.014938  0.014512  0.014006  0.013246  0.012909  0.012675  0.012436  0.012321  0.012132  0.011829  0.011124  0.010959  0.010694  0.010706  0.010494  0.009674  0.009355  0.008967  0.008516  0.008318  0.007938  0.007580  0.007300  0.006753  0.006410  0.006316  0.006184  0.005755  0.005594  0.005125  0.004754  0.004475  0.004229  0.004144
B60-06  0.007265  0.007348  0.006948  0.006673  0.006591  0.006265  0.005966  0.005684  0.005518  0.005229  0.004886  0.004374  0.004159  0.004014  0.003864  0.003793  0.003672  0.003480  0.003051  0.002948  0.002788  0.002780  0.002646  0.002201  0.002026  0.001823  0.001599  0.001497  0.001321  0.001164  0.001045  0.000841  0.000723  0.000690  0.000647  0.000534  0.000498  0.000410  0.000362  0.000346  0.000349  0.000375
B60-07  0.000674  0.000712  0.000678  0.000662  0.000674  0.000649  0.000628  0.000608  0.000605  0.000583  0.000552  0.000493  0.000479  0.000477  0.000472  0.000480  0.000480  0.000467  0.000414  0.000414  0.000404  0.000420  0.000413  0.000351  0.000335  0.000313  0.000286  0.000280  0.000259  0.000240  0.000228  0.000196  0.000180  0.000181  0.000179  0.000158  0.000155  0.000134  0.000120  0.000112  0.000107  0.000110
B60-08  0.007174  0.007234  0.007015  0.006867  0.006834  0.006655  0.006490  0.006333  0.006249  0.006085  0.005884  0.005566  0.005442  0.005364  0.005283  0.005258  0.005199  0.005087  0.004791  0.004741  0.004645  0.004674  0.004601  0.004251  0.004128  0.003974  0.003791  0.003721  0.003569  0.003427  0.003319  0.003092  0.002955  0.002929  0.002887  0.002711  0.002654  0.002460  0.002310  0.002200  0.002104  0.002080
B60-09  0.894602  0.901087  0.892287  0.887292  0.888648  0.881624  0.875256  0.869240  0.867346  0.860574  0.851307  0.834428  0.829345  0.827135  0.824661  0.825828  0.824740  0.819972  0.802148  0.801237  0.796947  0.801807  0.799106  0.775132  0.767970  0.758035  0.745378  0.741619  0.730751  0.720262  0.712419  0.693386  0.681913  0.680371  0.677116  0.660552  0.655280  0.635478  0.619305  0.606711  0.595075  0.590950
B60-10  0.003366  0.003401  0.003306  0.003244  0.003236  0.003158  0.003087  0.003019  0.002986  0.002913  0.002822  0.002673  0.002617  0.002584  0.002549  0.002543  0.002519  0.002469  0.002321  0.002301  0.002256  0.002278  0.002245  0.002061  0.001999  0.001918  0.001819  0.001784  0.001700  0.001620  0.001560  0.001426  0.001344  0.001328  0.001302  0.001191  0.001153  0.001025  0.000922  0.000843  0.000771  0.000746
B60-12  0.025153  0.025290  0.024692  0.024282  0.024176  0.023677  0.023214  0.022773  0.022525  0.022058  0.021482  0.020570  0.020198  0.019958  0.019708  0.019620  0.019435  0.019093  0.018195  0.018029  0.017721  0.017801  0.017565  0.016453  0.016046  0.015532  0.014915  0.014664  0.014133  0.013625  0.013229  0.012404  0.011884  0.011750  0.011554  0.010861  0.010600  0.009807  0.009161  0.008655  0.008193  0.008007
B60-13  0.004379  0.004364  0.004174  0.004031  0.003960  0.003800  0.003650  0.003507  0.003410  0.003265  0.003100  0.002868  0.002752  0.002666  0.002579  0.002526  0.002454  0.002353  0.002148  0.002086  0.001998  0.001982  0.001910  0.001688  0.001593  0.001483  0.001360  0.001300  0.001198  0.001103  0.001029  0.000897  0.000814  0.000787  0.000754  0.000659  0.000623  0.000527  0.000455  0.000404  0.000363  0.000354
B60-17  0.000877  0.000919  0.000886  0.000872  0.000887  0.000863  0.000843  0.000825  0.000825  0.000804  0.000773  0.000712  0.000700  0.000699  0.000697  0.000708  0.000710  0.000699  0.000642  0.000645  0.000637  0.000658  0.000654  0.000584  0.000567  0.000543  0.000513  0.000508  0.000484  0.000462  0.000448  0.000408  0.000387  0.000390  0.000390  0.000361  0.000356  0.000324  0.000301  0.000286  0.000275  0.000277
B60-23  0.009362  0.009566  0.009346  0.009233  0.009295  0.009127  0.008979  0.008842  0.008816  0.008660  0.008440  0.008022  0.007917  0.007887  0.007851  0.007909  0.007908  0.007813  0.007390  0.007395  0.007317  0.007466  0.007426  0.006865  0.006721  0.006511  0.006237  0.006180  0.005955  0.005741  0.005591  0.005183  0.004954  0.004958  0.004922  0.004584  0.004505  0.004101  0.003783  0.003549  0.003339  0.003297
B60-24  0.009762  0.009980  0.009767  0.009662  0.009735  0.009575  0.009433  0.009302  0.009285  0.009134  0.008916  0.008491  0.008390  0.008367  0.008338  0.008406  0.008414  0.008323  0.007884  0.007898  0.007822  0.007988  0.007954  0.007362  0.007213  0.006993  0.006704  0.006647  0.006407  0.006179  0.006020  0.005576  0.005328  0.005333  0.005295  0.004922  0.004835  0.004386  0.004030  0.003765  0.003526  0.003474
B61-02  0.009038  0.008989  0.008624  0.008344  0.008196  0.007885  0.007593  0.007315  0.007119  0.006838  0.006520  0.006077  0.005849  0.005675  0.005501  0.005389  0.005243  0.005043  0.004652  0.004524  0.004350  0.004309  0.004164  0.003739  0.003551  0.003335  0.003095  0.002971  0.002770  0.002583  0.002433  0.002173  0.002005  0.001946  0.001874  0.001683  0.001606  0.001411  0.001260  0.001152  0.001061  0.001034
B62-07  0.094449  0.095604  0.093937  0.092979  0.093187  0.091869  0.090679  0.089562  0.089192  0.087952  0.086278  0.083269  0.082364  0.081971  0.081533  0.081733  0.081539  0.080710  0.077644  0.077498  0.076776  0.077612  0.077162  0.073140  0.071966  0.070340  0.068277  0.067701  0.065961  0.064298  0.063082  0.060062  0.058290  0.058128  0.057694  0.055147  0.054412  0.051394  0.048974  0.047136  0.045465  0.044971
B62-08  0.079094  0.079963  0.078678  0.077935  0.078081  0.077064  0.076145  0.075281  0.074987  0.074031  0.072745  0.070443  0.069743  0.069433  0.069090  0.069231  0.069073  0.068432  0.066092  0.065971  0.065413  0.066038  0.065687  0.062625  0.061725  0.060484  0.058911  0.058466  0.057140  0.055873  0.054944  0.052651  0.051303  0.051175  0.050842  0.048910  0.048349  0.046063  0.044231  0.042839  0.041574  0.041199
B62-09  0.001813  0.001891  0.001848  0.001836  0.001873  0.001845  0.001821  0.001800  0.001812  0.001786  0.001740  0.001634  0.001621  0.001631  0.001638  0.001674  0.001692  0.001682  0.001569  0.001589  0.001582  0.001647  0.001652  0.001493  0.001464  0.001414  0.001343  0.001341  0.001284  0.001230  0.001197  0.001078  0.001017  0.001032  0.001034  0.000934  0.000921  0.000797  0.000701  0.000632  0.000571  0.000567
B62-10  0.355714  0.359822  0.355109  0.352606  0.353745  0.350105  0.346859  0.343832  0.343145  0.339724  0.334929  0.325925  0.323531  0.322742  0.321811  0.322885  0.322714  0.320536  0.311280  0.311243  0.309384  0.312451  0.311447  0.299104  0.295784  0.291019  0.284853  0.283406  0.278249  0.273328  0.269817  0.260543  0.255237  0.255069  0.254025  0.246211  0.244186  0.234834  0.227382  0.221784  0.216709  0.215412
B62-11  0.001102  0.001131  0.001100  0.001084  0.001093  0.001069  0.001048  0.001029  0.001025  0.001003  0.000973  0.000915  0.000901  0.000898  0.000893  0.000901  0.000901  0.000888  0.000832  0.000833  0.000823  0.000842  0.000837  0.000765  0.000746  0.000720  0.000686  0.000679  0.000652  0.000626  0.000608  0.000559  0.000533  0.000535  0.000532  0.000493  0.000485  0.000439  0.000405  0.000380  0.000358  0.000356
B62-12  0.000620  0.000660  0.000627  0.000612  0.000625  0.000602  0.000581  0.000563  0.000561  0.000540  0.000511  0.000454  0.000442  0.000440  0.000437  0.000446  0.000446  0.000435  0.000384  0.000386  0.000377  0.000393  0.000388  0.000329  0.000315  0.000294  0.000269  0.000265  0.000246  0.000229  0.000218  0.000189  0.000175  0.000178  0.000178  0.000160  0.000158  0.000140  0.000130  0.000124  0.000122  0.000126
B62-13  0.021439  0.021653  0.021439  0.021331  0.021401  0.021238  0.021095  0.020962  0.020942  0.020790  0.020571  0.020148  0.020046  0.020022  0.019990  0.020056  0.020061  0.019969  0.019534  0.019546  0.019469  0.019630  0.019595  0.019011  0.018864  0.018647  0.018362  0.018305  0.018070  0.017845  0.017689  0.017255  0.017013  0.017017  0.016980  0.016617  0.016532  0.016095  0.015750  0.015495  0.015264  0.015214
B62-16  0.001738  0.001793  0.001723  0.001684  0.001696  0.001642  0.001594  0.001550  0.001537  0.001489  0.001425  0.001310  0.001278  0.001266  0.001252  0.001261  0.001255  0.001226  0.001121  0.001118  0.001095  0.001122  0.001107  0.000982  0.000947  0.000900  0.000842  0.000828  0.000783  0.000741  0.000713  0.000639  0.000601  0.000603  0.000598  0.000546  0.000537  0.000480  0.000440  0.000414  0.000393  0.000396
B62-17  0.000926  0.000954  0.000922  0.000906  0.000913  0.000889  0.000868  0.000848  0.000844  0.000822  0.000791  0.000734  0.000720  0.000716  0.000710  0.000717  0.000716  0.000704  0.000649  0.000649  0.000639  0.000657  0.000651  0.000582  0.000564  0.000539  0.000507  0.000500  0.000474  0.000450  0.000433  0.000388  0.000363  0.000365  0.000362  0.000327  0.000320  0.000279  0.000248  0.000227  0.000208  0.000207
B63-01  0.001732  0.001847  0.001783  0.001764  0.001816  0.001773  0.001739  0.001709  0.001723  0.001685  0.001623  0.001486  0.001470  0.001481  0.001489  0.001531  0.001550  0.001535  0.001403  0.001424  0.001415  0.001482  0.001484  0.001313  0.001282  0.001230  0.001159  0.001157  0.001103  0.001054  0.001025  0.000920  0.000871  0.000889  0.000895  0.000818  0.000813  0.000723  0.000658  0.000617  0.000584  0.000593
B63-03  0.006642  0.006723  0.006558  0.006455  0.006454  0.006321  0.006199  0.006084  0.006034  0.005910  0.005750  0.005477  0.005384  0.005335  0.005282  0.005283  0.005250  0.005166  0.004896  0.004869  0.004795  0.004849  0.004798  0.004456  0.004348  0.004203  0.004025  0.003967  0.003817  0.003674  0.003568  0.003319  0.003171  0.003151  0.003110  0.002904  0.002841  0.002602  0.002412  0.002267  0.002137  0.002097
B63-05  1.174135  1.180494  1.165077  1.155146  1.154238  1.141541  1.129841  1.118705  1.113375  1.101309  1.085870  1.060047  1.050588  1.045119  1.039321  1.038503  1.034632  1.025820  0.999526  0.996054  0.988096  0.992348  0.986552  0.952732  0.941249  0.926217  0.907739  0.900960  0.885023  0.869690  0.857871  0.831810  0.815589  0.812107  0.806482  0.784118  0.776109  0.749981  0.728579  0.711787  0.696313  0.690214
B63-07  0.007085  0.007181  0.007024  0.006931  0.006942  0.006816  0.006701  0.006593  0.006553  0.006434  0.006276  0.005997  0.005908  0.005866  0.005819  0.005830  0.005805  0.005723  0.005439  0.005418  0.005346  0.005414  0.005367  0.004996  0.004882  0.004728  0.004533  0.004474  0.004309  0.004151  0.004033  0.003751  0.003583  0.003561  0.003515  0.003275  0.003201  0.002918  0.002690  0.002515  0.002355  0.002302
B63-09  0.000405  0.000431  0.000412  0.000404  0.000414  0.000400  0.000389  0.000379  0.000380  0.000368  0.000350  0.000314  0.000307  0.000308  0.000308  0.000316  0.000319  0.000313  0.000280  0.000283  0.000279  0.000294  0.000293  0.000251  0.000243  0.000229  0.000212  0.000211  0.000198  0.000186  0.000179  0.000155  0.000144  0.000148  0.000150  0.000133  0.000133  0.000114  0.000101  0.000094  0.000089  0.000092
B63-10  0.004436  0.004421  0.004232  0.004089  0.004019  0.003859  0.003710  0.003567  0.003470  0.003326  0.003161  0.002928  0.002813  0.002727  0.002640  0.002587  0.002516  0.002414  0.002209  0.002147  0.002060  0.002044  0.001972  0.001749  0.001654  0.001543  0.001420  0.001359  0.001257  0.001162  0.001087  0.000954  0.000869  0.000842  0.000808  0.000712  0.000676  0.000578  0.000505  0.000453  0.000410  0.000400
B63-13  0.000543  0.000564  0.000553  0.000549  0.000559  0.000551  0.000545  0.000540  0.000543  0.000536  0.000523  0.000495  0.000492  0.000494  0.000496  0.000506  0.000511  0.000508  0.000478  0.000483  0.000481  0.000498  0.000500  0.000458  0.000450  0.000437  0.000418  0.000417  0.000402  0.000388  0.000379  0.000348  0.000332  0.000336  0.000337  0.000310  0.000307  0.000274  0.000249  0.000231  0.000215  0.000215
B63-15  0.001901  0.001954  0.001913  0.001895  0.001916  0.001886  0.001860  0.001836  0.001837  0.001809  0.001765  0.001675  0.001657  0.001656  0.001654  0.001674  0.001680  0.001664  0.001568  0.001575  0.001562  0.001604  0.001600  0.001467  0.001436  0.001388  0.001324  0.001314  0.001260  0.001209  0.001174  0.001070  0.001013  0.001017  0.001010  0.000921  0.000902  0.000794  0.000708  0.000644  0.000586  0.000573
B63-17  0.005568  0.005704  0.005628  0.005605  0.005670  0.005619  0.005577  0.005540  0.005560  0.005512  0.005430  0.005242  0.005217  0.005233  0.005245  0.005307  0.005339  0.005319  0.005117  0.005151  0.005138  0.005252  0.005260  0.004974  0.004921  0.004829  0.004699  0.004693  0.004589  0.004489  0.004427  0.004209  0.004096  0.004121  0.004122  0.003938  0.003911  0.003682  0.003504  0.003375  0.003260  0.003249
B63-19  0.000746  0.000774  0.000757  0.000752  0.000765  0.000754  0.000745  0.000736  0.000740  0.000730  0.000712  0.000672  0.000666  0.000669  0.000671  0.000684  0.000690  0.000685  0.000642  0.000649  0.000646  0.000669  0.000671  0.000610  0.000598  0.000578  0.000551  0.000549  0.000526  0.000505  0.000491  0.000445  0.000421  0.000426  0.000425  0.000386  0.000380  0.000331  0.000293  0.000266  0.000241  0.000238
B63-20  0.000277  0.000296  0.000279  0.000272  0.000278  0.000266  0.000256  0.000247  0.000247  0.000236  0.000222  0.000193  0.000187  0.000186  0.000185  0.000190  0.000191  0.000186  0.000160  0.000162  0.000158  0.000168  0.000166  0.000134  0.000127  0.000117  0.000103  0.000102  0.000092  0.000083  0.000077  0.000059  0.000051  0.000054  0.000055  0.000043  0.000042  0.000029  0.000020  0.000015  0.000012  0.000014
B63-23  0.000658  0.000681  0.000666  0.000661  0.000671  0.000661  0.000652  0.000644  0.000647  0.000637  0.000621  0.000587  0.000582  0.000583  0.000585  0.000594  0.000599  0.000594  0.000558  0.000563  0.000560  0.000579  0.000579  0.000529  0.000519  0.000503  0.000480  0.000478  0.000460  0.000442  0.000431  0.000394  0.000374  0.000378  0.000378  0.000347  0.000342  0.000304  0.000274  0.000253  0.000234  0.000232
B64-02  0.380696  0.383708  0.378692  0.375693  0.376016  0.371987  0.368320  0.364856  0.363529  0.359711  0.354642  0.345731  0.342858  0.341454  0.339924  0.340231  0.339405  0.336747  0.327615  0.326921  0.324563  0.326721  0.325155  0.313199  0.309513  0.304505  0.298212  0.296252  0.290889  0.285743  0.281894  0.272751  0.267254  0.266483  0.264912  0.257112  0.254642  0.245425  0.237958  0.232199  0.226923  0.225132
B64-07  0.002216  0.002278  0.002231  0.002212  0.002238  0.002204  0.002176  0.002150  0.002153  0.002122  0.002074  0.001973  0.001955  0.001956  0.001955  0.001979  0.001988  0.001971  0.001867  0.001877  0.001864  0.001912  0.001910  0.001767  0.001735  0.001686  0.001619  0.001611  0.001556  0.001504  0.001470  0.001363  0.001306  0.001313  0.001309  0.001220  0.001203  0.001094  0.001009  0.000947  0.000892  0.000883
B72-02  0.005868  0.005793  0.005548  0.005350  0.005224  0.005012  0.004811  0.004618  0.004470  0.004278  0.004066  0.003787  0.003627  0.003496  0.003366  0.003271  0.003158  0.003017  0.002773  0.002673  0.002549  0.002498  0.002392  0.002134  0.002006  0.001864  0.001709  0.001619  0.001487  0.001364  0.001263  0.001101  0.000992  0.000942  0.000886  0.000767  0.000710  0.000589  0.000494  0.000422  0.000362  0.000337
B72-03  0.001350  0.001344  0.001279  0.001230  0.001205  0.001151  0.001100  0.001052  0.001019  0.000970  0.000915  0.000838  0.000799  0.000770  0.000740  0.000722  0.000697  0.000664  0.000598  0.000576  0.000548  0.000541  0.000517  0.000447  0.000417  0.000382  0.000344  0.000324  0.000293  0.000264  0.000242  0.000203  0.000179  0.000171  0.000162  0.000135  0.000126  0.000101  0.000083  0.000071  0.000063  0.000063
B72-04  0.004276  0.004331  0.004150  0.004030  0.004005  0.003859  0.003726  0.003600  0.003533  0.003402  0.003241  0.002987  0.002889  0.002830  0.002767  0.002749  0.002704  0.002617  0.002389  0.002352  0.002279  0.002302  0.002246  0.001985  0.001895  0.001783  0.001652  0.001603  0.001497  0.001399  0.001327  0.001173  0.001085  0.001073  0.001049  0.000939  0.000909  0.000793  0.000708  0.000651  0.000606  0.000603
B72-06  0.040319  0.040694  0.040400  0.040271  0.040422  0.040205  0.040017  0.039845  0.039853  0.039648  0.039334  0.038688  0.038558  0.038553  0.038536  0.038678  0.038721  0.038605  0.037921  0.037972  0.037877  0.038179  0.038153  0.037204  0.036985  0.036646  0.036189  0.036118  0.035739  0.035377  0.035130  0.034400  0.033997  0.034023  0.033974  0.033353  0.033218  0.032458  0.031854  0.031406  0.030998  0.030915
B72-07  0.071258  0.071942  0.070699  0.069942  0.069980  0.068979  0.068066  0.067203  0.066851  0.065907  0.064668  0.062520  0.061807  0.061444  0.061052  0.061095  0.060870  0.060214  0.058035  0.057846  0.057265  0.057745  0.057352  0.054530  0.053646  0.052457  0.050971  0.050497  0.049233  0.048023  0.047117  0.044989  0.043709  0.043523  0.043152  0.041351  0.040778  0.038660  0.036949  0.035634  0.034433  0.034030
B72-08  0.065616  0.066276  0.064907  0.064052  0.064033  0.062926  0.061917  0.060963  0.060542  0.059510  0.058177  0.055913  0.055135  0.054718  0.054272  0.054271  0.053997  0.053286  0.051039  0.050808  0.050186  0.050629  0.050196  0.047341  0.046430  0.045220  0.043724  0.043233  0.041969  0.040764  0.039863  0.037777  0.036526  0.036343  0.035983  0.034248  0.033703  0.031684  0.030067  0.028836  0.027722  0.027369
B72-09  0.031286  0.031925  0.031515  0.031367  0.031652  0.031366  0.031125  0.030908  0.030972  0.030706  0.030271  0.029325  0.029176  0.029221  0.029248  0.029518  0.029637  0.029510  0.028513  0.028645  0.028552  0.029065  0.029077  0.027683  0.027403  0.026941  0.026302  0.026249  0.025730  0.025238  0.024921  0.023876  0.023326  0.023422  0.023407  0.022532  0.022389  0.021310  0.020468  0.019860  0.019315  0.019252
B72-10  0.066033  0.066498  0.065103  0.064182  0.064029  0.062883  0.061828  0.060826  0.060314  0.059246  0.057908  0.055728  0.054901  0.054404  0.053883  0.053766  0.053404  0.052649  0.050511  0.050195  0.049529  0.049823  0.049329  0.046667  0.045753  0.044574  0.043143  0.042614  0.041399  0.040240  0.039356  0.037422  0.036236  0.035999  0.035608  0.034005  0.033457  0.031615  0.030132  0.028994  0.027964  0.027603
B72-11  0.758693  0.763010  0.753433  0.747339  0.747010  0.739120  0.731849  0.724923  0.721719  0.714162  0.704405  0.687903  0.681958  0.678586  0.674992  0.674631  0.672280  0.666698  0.649669  0.647536  0.642455  0.645381  0.641707  0.619554  0.612078  0.602231  0.590074  0.585637  0.575105  0.564940  0.557086  0.539700  0.528836  0.526470  0.522658  0.507586  0.502126  0.484431  0.469868  0.458375  0.447735  0.443424
B72-12  0.000175  0.000198  0.000193  0.000195  0.000208  0.000207  0.000207  0.000207  0.000214  0.000213  0.000208  0.000190  0.000192  0.000199  0.000205  0.000217  0.000226  0.000228  0.000209  0.000217  0.000220  0.000238  0.000243  0.000215  0.000214  0.000208  0.000198  0.000201  0.000194  0.000188  0.000185  0.000166  0.000158  0.000166  0.000170  0.000155  0.000157  0.000137  0.000123  0.000114  0.000107  0.000110
B72-13  0.002089  0.002108  0.002038  0.001990  0.001980  0.001922  0.001868  0.001818  0.001791  0.001737  0.001672  0.001567  0.001526  0.001500  0.001474  0.001466  0.001447  0.001411  0.001311  0.001295  0.001263  0.001274  0.001250  0.001129  0.001087  0.001034  0.000970  0.000946  0.000893  0.000842  0.000804  0.000721  0.000671  0.000662  0.000646  0.000580  0.000558  0.000484  0.000425  0.000382  0.000343  0.000331
B72-15  0.826722  0.831483  0.820703  0.813824  0.813390  0.804508  0.796323  0.788527  0.784890  0.776395  0.765451  0.746989  0.740309  0.736502  0.732449  0.732000  0.729335  0.723073  0.704070  0.701656  0.695964  0.699182  0.695057  0.670394  0.662054  0.651086  0.637559  0.632611  0.620899  0.609604  0.600877  0.581585  0.569536  0.566912  0.562688  0.545994  0.539954  0.520374  0.504272  0.491577  0.479833  0.475094
B72-16  0.014441  0.014610  0.014269  0.014058  0.014056  0.013782  0.013533  0.013299  0.013197  0.012944  0.012618  0.012062  0.011875  0.011776  0.011670  0.011673  0.011610  0.011440  0.010897  0.010845  0.010698  0.010809  0.010708  0.010025  0.009812  0.009527  0.009176  0.009065  0.008771  0.008493  0.008288  0.007805  0.007520  0.007486  0.007411  0.007017  0.006901  0.006445  0.006085  0.005815  0.005574  0.005508
B72-17  0.014072  0.014136  0.013731  0.013447  0.013356  0.013018  0.012705  0.012406  0.012230  0.011918  0.011542  0.010961  0.010715  0.010550  0.010381  0.010311  0.010182  0.009959  0.009407  0.009294  0.009097  0.009130  0.008976  0.008316  0.008069  0.007763  0.007401  0.007250  0.006943  0.006653  0.006427  0.005967  0.005680  0.005607  0.005501  0.005130  0.004994  0.004578  0.004245  0.003991  0.003764  0.003682
B72-18  0.001364  0.001389  0.001330  0.001292  0.001289  0.001241  0.001198  0.001158  0.001139  0.001096  0.001043  0.000956  0.000925  0.000908  0.000890  0.000887  0.000875  0.000847  0.000768  0.000758  0.000735  0.000747  0.000730  0.000638  0.000608  0.000570  0.000525  0.000510  0.000473  0.000440  0.000415  0.000360  0.000329  0.000327  0.000320  0.000280  0.000270  0.000227  0.000196  0.000175  0.000158  0.000158
B72-19  0.002977  0.003033  0.002932  0.002870  0.002873  0.002792  0.002719  0.002651  0.002623  0.002550  0.002455  0.002291  0.002239  0.002212  0.002184  0.002188  0.002171  0.002124  0.001968  0.001956  0.001916  0.001950  0.001923  0.001731  0.001673  0.001595  0.001500  0.001472  0.001393  0.001320  0.001267  0.001139  0.001066  0.001061  0.001045  0.000945  0.000919  0.000805  0.000717  0.000653  0.000598  0.000588
B72-21  0.000582  0.000605  0.000589  0.000584  0.000593  0.000582  0.000573  0.000565  0.000567  0.000557  0.000541  0.000507  0.000501  0.000503  0.000503  0.000512  0.000516  0.000511  0.000476  0.000480  0.000477  0.000494  0.000494  0.000446  0.000436  0.000421  0.000399  0.000397  0.000380  0.000363  0.000353  0.000319  0.000301  0.000304  0.000304  0.000275  0.000271  0.000237  0.000210  0.000191  0.000174  0.000173
B72-27  0.001117  0.001131  0.001101  0.001083  0.001083  0.001059  0.001037  0.001016  0.001006  0.000983  0.000953  0.000902  0.000884  0.000874  0.000864  0.000863  0.000856  0.000839  0.000787  0.000780  0.000765  0.000774  0.000763  0.000695  0.000672  0.000642  0.000604  0.000590  0.000558  0.000527  0.000502  0.000448  0.000415  0.000408  0.000396  0.000349  0.000332  0.000277  0.000232  0.000196  0.000163  0.000149
B72-29  0.002163  0.002174  0.002087  0.002026  0.002004  0.001932  0.001866  0.001803  0.001764  0.001700  0.001622  0.001506  0.001456  0.001422  0.001387  0.001371  0.001344  0.001299  0.001195  0.001171  0.001133  0.001136  0.001106  0.000988  0.000943  0.000889  0.000826  0.000800  0.000748  0.000700  0.000664  0.000592  0.000548  0.000538  0.000524  0.000470  0.000453  0.000397  0.000355  0.000325  0.000300  0.000295
B73-01  0.007042  0.007005  0.006758  0.006568  0.006464  0.006252  0.006051  0.005859  0.005722  0.005526  0.005303  0.004992  0.004829  0.004703  0.004576  0.004494  0.004387  0.004240  0.003952  0.003855  0.003724  0.003693  0.003582  0.003254  0.003106  0.002934  0.002740  0.002637  0.002469  0.002310  0.002179  0.001951  0.001798  0.001737  0.001663  0.001479  0.001395  0.001196  0.001034  0.000906  0.000790  0.000737
B73-04  0.005627  0.005551  0.005238  0.004991  0.004842  0.004577  0.004328  0.004091  0.003914  0.003681  0.003424  0.003089  0.002902  0.002753  0.002606  0.002500  0.002373  0.002215  0.001946  0.001838  0.001706  0.001650  0.001537  0.001282  0.001158  0.001024  0.000886  0.000807  0.000698  0.000602  0.000528  0.000421  0.000357  0.000332  0.000307  0.000259  0.000245  0.000220  0.000216  0.000229  0.000254  0.000259
B73-05  0.006199  0.006132  0.005867  0.005656  0.005529  0.005301  0.005086  0.004881  0.004728  0.004522  0.004294  0.003990  0.003822  0.003687  0.003553  0.003459  0.003344  0.003197  0.002933  0.002833  0.002705  0.002659  0.002551  0.002273  0.002141  0.001994  0.001832  0.001743  0.001608  0.001483  0.001382  0.001216  0.001107  0.001063  0.001012  0.000894  0.000843  0.000726  0.000637  0.000573  0.000522  0.000507
B73-06  0.008272  0.008341  0.008115  0.007965  0.007936  0.007751  0.007580  0.007417  0.007332  0.007160  0.006945  0.006598  0.006464  0.006382  0.006296  0.006275  0.006214  0.006092  0.005754  0.005701  0.005594  0.005637  0.005556  0.005138  0.004993  0.004806  0.004581  0.004497  0.004306  0.004124  0.003985  0.003684  0.003499  0.003461  0.003399  0.003151  0.003066  0.002782  0.002553  0.002379  0.002221  0.002166
B73-07  0.023699  0.023500  0.022609  0.021906  0.021495  0.020728  0.020005  0.019313  0.018805  0.018110  0.017333  0.016282  0.015709  0.015258  0.014806  0.014496  0.014111  0.013607  0.012678  0.012338  0.011898  0.011758  0.011385  0.010384  0.009916  0.009387  0.008802  0.008484  0.007990  0.007528  0.007154  0.006526  0.006111  0.005945  0.005750  0.005282  0.005078  0.004598  0.004223  0.003944  0.003707  0.003621
B73-08  0.007874  0.007867  0.007527  0.007276  0.007161  0.006876  0.006611  0.006359  0.006192  0.005935  0.005639  0.005213  0.005010  0.004863  0.004714  0.004629  0.004508  0.004330  0.003955  0.003851  0.003699  0.003682  0.003558  0.003147  0.002978  0.002781  0.002558  0.002454  0.002270  0.002101  0.001970  0.001727  0.001578  0.001535  0.001480  0.001307  0.001246  0.001070  0.000939  0.000849  0.000776  0.000764
B73-10  0.009486  0.009460  0.009138  0.008894  0.008774  0.008498  0.008240  0.007991  0.007822  0.007568  0.007274  0.006855  0.006646  0.006489  0.006330  0.006234  0.006103  0.005915  0.005523  0.005405  0.005237  0.005211  0.005072  0.004620  0.004426  0.004196  0.003934  0.003803  0.003577  0.003363  0.003190  0.002875  0.002667  0.002592  0.002497  0.002243  0.002133  0.001855  0.001629  0.001453  0.001294  0.001224
B73-11  0.003666  0.003676  0.003485  0.003347  0.003291  0.003133  0.002987  0.002849  0.002761  0.002621  0.002460  0.002226  0.002119  0.002043  0.001966  0.001924  0.001861  0.001768  0.001572  0.001519  0.001442  0.001433  0.001370  0.001165  0.001083  0.000988  0.000883  0.000835  0.000752  0.000678  0.000622  0.000523  0.000466  0.000452  0.000434  0.000376  0.000360  0.000310  0.000281  0.000268  0.000264  0.000278
B73-12  0.416746  0.413835  0.403310  0.394824  0.389564  0.380308  0.371507  0.363009  0.356577  0.347971  0.338357  0.325446  0.318078  0.312111  0.306122  0.301815  0.296599  0.289902  0.277833  0.273041  0.266943  0.264674  0.259398  0.245795  0.239076  0.231429  0.222914  0.217946  0.210445  0.203262  0.197213  0.187317  0.180343  0.177002  0.173163  0.164937  0.160701  0.151828  0.144393  0.138327  0.132757  0.129688
B73-13  0.005895  0.006071  0.005935  0.005877  0.005946  0.005848  0.005764  0.005687  0.005692  0.005602  0.005465  0.005185  0.005132  0.005133  0.005129  0.005193  0.005213  0.005167  0.004884  0.004909  0.004873  0.005000  0.004992  0.004613  0.004530  0.004401  0.004227  0.004206  0.004067  0.003935  0.003850  0.003582  0.003442  0.003464  0.003458  0.003241  0.003205  0.002944  0.002743  0.002601  0.002476  0.002465
B73-14  0.478109  0.479706  0.472790  0.468033  0.466809  0.460997  0.455588  0.450414  0.447508  0.441999  0.435199  0.424398  0.419950  0.417057  0.414047  0.412965  0.410714  0.406573  0.395735  0.393676  0.389907  0.390820  0.387896  0.374293  0.369238  0.362848  0.355170  0.351954  0.345280  0.338856  0.333781  0.323348  0.316656  0.314782  0.312111  0.303169  0.299637  0.289337  0.280838  0.274089  0.267856  0.265133
B73-15  0.097216  0.097540  0.095819  0.094615  0.094261  0.092800  0.091433  0.090121  0.089356  0.087958  0.086244  0.083552  0.082403  0.081630  0.080828  0.080497  0.079880  0.078798  0.076067  0.075491  0.074493  0.074649  0.073858  0.070418  0.069091  0.067429  0.065442  0.064562  0.062817  0.061129  0.059775  0.057073  0.055303  0.054742  0.053978  0.051628  0.050641  0.047933  0.045675  0.043855  0.042161  0.041359
B73-16  0.268541  0.270138  0.267282  0.265543  0.265650  0.263339  0.261228  0.259230  0.258419  0.256222  0.253328  0.248292  0.246617  0.245761  0.244834  0.244931  0.244398  0.242841  0.237669  0.237207  0.235815  0.236949  0.236001  0.229237  0.227099  0.224219  0.220618  0.219442  0.216358  0.213394  0.211156  0.205942  0.202774  0.202260  0.201296  0.196827  0.195355  0.190082  0.185791  0.182460  0.179397  0.178300
B73-20  0.007220  0.007127  0.006780  0.006504  0.006334  0.006036  0.005756  0.005488  0.005287  0.005021  0.004729  0.004343  0.004126  0.003952  0.003778  0.003654  0.003504  0.003317  0.002992  0.002862  0.002701  0.002637  0.002500  0.002170  0.002009  0.001832  0.001642  0.001535  0.001378  0.001235  0.001120  0.000940  0.000822  0.000774  0.000720  0.000602  0.000553  0.000445  0.000368  0.000319  0.000284  0.000285
B73-22  0.021690  0.021415  0.020470  0.019711  0.019235  0.018421  0.017654  0.016920  0.016363  0.015635  0.014836  0.013789  0.013191  0.012708  0.012229  0.011878  0.011464  0.010947  0.010062  0.009701  0.009256  0.009072  0.008691  0.007790  0.007346  0.006858  0.006335  0.006035  0.005602  0.005204  0.004882  0.004381  0.004052  0.003912  0.003757  0.003423  0.003280  0.002970  0.002746  0.002598  0.002489  0.002479
B73-24  0.057650  0.058020  0.057269  0.056797  0.056791  0.056171  0.055598  0.055051  0.054807  0.054205  0.053420  0.052077  0.051598  0.051331  0.051044  0.051024  0.050838  0.050383  0.048971  0.048798  0.048378  0.048629  0.048325  0.046462  0.045831  0.044997  0.043963  0.043582  0.042680  0.041805  0.041124  0.039623  0.038676  0.038458  0.038113  0.036793  0.036301  0.034743  0.033452  0.032423  0.031464  0.031056
B73-26  0.094346  0.095046  0.093162  0.091933  0.091773  0.090222  0.088794  0.087437  0.086764  0.085305  0.083457  0.080406  0.079269  0.078599  0.077892  0.077763  0.077281  0.076232  0.073180  0.072754  0.071817  0.072276  0.071588  0.067721  0.066401  0.064685  0.062588  0.061816  0.060020  0.058299  0.056978  0.054077  0.052283  0.051910  0.051301  0.048849  0.047989  0.045145  0.042832  0.041035  0.039391  0.038774
B73-27  0.000228  0.000260  0.000248  0.000247  0.000264  0.000257  0.000252  0.000249  0.000255  0.000250  0.000238  0.000209  0.000209  0.000214  0.000219  0.000231  0.000238  0.000237  0.000210  0.000217  0.000217  0.000234  0.000236  0.000200  0.000195  0.000185  0.000172  0.000173  0.000163  0.000154  0.000149  0.000129  0.000120  0.000125  0.000127  0.000113  0.000113  0.000096  0.000085  0.000078  0.000073  0.000077
B73-29  0.011075  0.011129  0.010838  0.010635  0.010574  0.010330  0.010103  0.009886  0.009760  0.009531  0.009252  0.008816  0.008632  0.008511  0.008385  0.008335  0.008240  0.008071  0.007643  0.007558  0.007406  0.007436  0.007317  0.006791  0.006594  0.006347  0.006053  0.005929  0.005675  0.005432  0.005242  0.004852  0.004604  0.004537  0.004440  0.004113  0.003987  0.003614  0.003310  0.003071  0.002853  0.002763
B73-30  0.008563  0.008591  0.008326  0.008136  0.008068  0.007845  0.007638  0.007440  0.007319  0.007113  0.006867  0.006492  0.006327  0.006214  0.006098  0.006044  0.005954  0.005804  0.005448  0.005367  0.005235  0.005247  0.005142  0.004716  0.004552  0.004351  0.004114  0.004010  0.003808  0.003616  0.003465  0.003165  0.002975  0.002922  0.002847  0.002603  0.002509  0.002236  0.002016  0.001846  0.001694  0.001634
B73-31  0.000887  0.000910  0.000885  0.000872  0.000879  0.000860  0.000844  0.000828  0.000825  0.000808  0.000783  0.000736  0.000724  0.000721  0.000716  0.000723  0.000723  0.000712  0.000664  0.000665  0.000656  0.000673  0.000669  0.000605  0.000589  0.000566  0.000535  0.000528  0.000503  0.000479  0.000462  0.000416  0.000391  0.000391  0.000387  0.000349  0.000340  0.000295  0.000259  0.000233  0.000209  0.000205
B73-33  0.014894  0.014996  0.014659  0.014433  0.014388  0.014106  0.013844  0.013593  0.013460  0.013190  0.012852  0.012303  0.012086  0.011950  0.011807  0.011765  0.011661  0.011457  0.010898  0.010802  0.010615  0.010677  0.010534  0.009820  0.009561  0.009229  0.008826  0.008663  0.008312  0.007974  0.007707  0.007148  0.006790  0.006693  0.006553  0.006069  0.005879  0.005316  0.004850  0.004479  0.004134  0.003983
B73-34  0.015221  0.015406  0.015135  0.014979  0.015011  0.014797  0.014604  0.014423  0.014361  0.014160  0.013889  0.013403  0.013256  0.013192  0.013120  0.013151  0.013119  0.012984  0.012490  0.012465  0.012348  0.012481  0.012408  0.011760  0.011571  0.011309  0.010977  0.010883  0.010603  0.010336  0.010140  0.009655  0.009370  0.009344  0.009274  0.008865  0.008747  0.008263  0.007876  0.007581  0.007314  0.007235
B73-37  0.002914  0.002959  0.002901  0.002870  0.002880  0.002835  0.002795  0.002758  0.002748  0.002706  0.002649  0.002545  0.002516  0.002506  0.002494  0.002504  0.002500  0.002474  0.002371  0.002369  0.002347  0.002379  0.002366  0.002232  0.002196  0.002144  0.002078  0.002063  0.002008  0.001957  0.001921  0.001826  0.001772  0.001771  0.001762  0.001684  0.001665  0.001573  0.001502  0.001449  0.001402  0.001393
B73-38  0.001114  0.001143  0.001118  0.001107  0.001118  0.001099  0.001082  0.001067  0.001067  0.001049  0.001023  0.000970  0.000959  0.000958  0.000955  0.000966  0.000968  0.000958  0.000903  0.000906  0.000898  0.000920  0.000917  0.000842  0.000825  0.000797  0.000761  0.000755  0.000725  0.000697  0.000677  0.000621  0.000589  0.000591  0.000587  0.000539  0.000529  0.000471  0.000425  0.000391  0.000361  0.000355
B74-01  0.008456  0.008572  0.008413  0.008322  0.008345  0.008218  0.008102  0.007993  0.007958  0.007835  0.007667  0.007362  0.007270  0.007229  0.007183  0.007203  0.007183  0.007096  0.006774  0.006757  0.006679  0.006765  0.006715  0.006283  0.006153  0.005973  0.005744  0.005675  0.005479  0.005289  0.005147  0.004803  0.004595  0.004567  0.004507  0.004208  0.004112  0.003754  0.003462  0.003234  0.003024  0.002949
B74-02  0.004000  0.004013  0.003883  0.003790  0.003757  0.003647  0.003546  0.003449  0.003390  0.003290  0.003170  0.002988  0.002908  0.002853  0.002797  0.002771  0.002728  0.002656  0.002485  0.002446  0.002383  0.002389  0.002339  0.002137  0.002059  0.001964  0.001853  0.001805  0.001711  0.001621  0.001552  0.001413  0.001326  0.001303  0.001270  0.001159  0.001118  0.000995  0.000897  0.000823  0.000756  0.000733
B74-04  0.002081  0.002126  0.002068  0.002035  0.002046  0.002001  0.001960  0.001923  0.001912  0.001871  0.001814  0.001710  0.001681  0.001670  0.001658  0.001668  0.001663  0.001637  0.001535  0.001532  0.001511  0.001542  0.001529  0.001396  0.001360  0.001309  0.001243  0.001228  0.001174  0.001123  0.001087  0.000993  0.000940  0.000939  0.000929  0.000853  0.000834  0.000744  0.000673  0.000622  0.000576  0.000566
B74-05  0.005100  0.005143  0.004917  0.004761  0.004714  0.004529  0.004360  0.004199  0.004106  0.003940  0.003742  0.003441  0.003316  0.003234  0.003149  0.003114  0.003049  0.002939  0.002674  0.002619  0.002526  0.002538  0.002465  0.002170  0.002062  0.001931  0.001781  0.001720  0.001598  0.001487  0.001405  0.001239  0.001143  0.001125  0.001096  0.000983  0.000950  0.000835  0.000753  0.000701  0.000661  0.000662
B74-08  0.360773  0.361086  0.355201  0.350903  0.349186  0.344144  0.339410  0.334860  0.331966  0.327200  0.321516  0.312965  0.309014  0.306194  0.303301  0.301802  0.299473  0.295801  0.287355  0.285201  0.281838  0.281821  0.279080  0.268767  0.264548  0.259399  0.253358  0.250489  0.245194  0.240095  0.235963  0.228087  0.222861  0.221028  0.218648  0.211905  0.208957  0.201316  0.194956  0.189834  0.185091  0.182796
B74-09  0.038796  0.039096  0.038209  0.037625  0.037531  0.036803  0.036134  0.035500  0.035176  0.034499  0.033651  0.032267  0.031745  0.031432  0.031104  0.031033  0.030806  0.030329  0.028976  0.028779  0.028359  0.028548  0.028238  0.026555  0.025979  0.025237  0.024336  0.024005  0.023241  0.022513  0.021959  0.020744  0.020001  0.019856  0.019614  0.018610  0.018270  0.017117  0.016192  0.015484  0.014844  0.014624
B74-11  0.082382  0.082718  0.080506  0.078949  0.078447  0.076591  0.074864  0.073215  0.072238  0.070509  0.068415  0.065182  0.063797  0.062865  0.061905  0.061498  0.060760  0.059495  0.056362  0.055702  0.054572  0.054742  0.053854  0.050047  0.048604  0.046810  0.044684  0.043776  0.041951  0.040210  0.038842  0.036079  0.034322  0.033836  0.033149  0.030857  0.029973  0.027379  0.025271  0.023628  0.022134  0.021530
B74-13  0.027698  0.027927  0.027216  0.026746  0.026662  0.026080  0.025544  0.025037  0.024775  0.024236  0.023564  0.022475  0.022061  0.021811  0.021549  0.021488  0.021305  0.020929  0.019876  0.019719  0.019390  0.019529  0.019285  0.017991  0.017547  0.016976  0.016287  0.016034  0.015453  0.014901  0.014482  0.013567  0.013011  0.012906  0.012728  0.011982  0.011734  0.010883  0.010205  0.009691  0.009230  0.009080
B74-14  0.015687  0.015863  0.015419  0.015134  0.015103  0.014743  0.014413  0.014102  0.013952  0.013620  0.013200  0.012507  0.012256  0.012113  0.011963  0.011942  0.011842  0.011616  0.010946  0.010862  0.010665  0.010775  0.010634  0.009806  0.009534  0.009179  0.008748  0.008600  0.008238  0.007896  0.007640  0.007062  0.006717  0.006664  0.006565  0.006097  0.005952  0.005417  0.004995  0.004678  0.004396  0.004314
B74-15  0.060180  0.060190  0.058408  0.057095  0.056525  0.055017  0.053608  0.052262  0.051386  0.050000  0.048377  0.045993  0.044875  0.044070  0.043251  0.042806  0.042144  0.041140  0.038921  0.038335  0.037447  0.037406  0.036685  0.034113  0.033065  0.031809  0.030359  0.029682  0.028448  0.027281  0.026356  0.024602  0.023477  0.023124  0.022659  0.021261  0.020705  0.019176  0.017951  0.017013  0.016179  0.015856
B74-17  0.015181  0.015308  0.014965  0.014741  0.014711  0.014431  0.014172  0.013928  0.013807  0.013545  0.013214  0.012670  0.012469  0.012350  0.012226  0.012204  0.012119  0.011935  0.011399  0.011326  0.011163  0.011245  0.011126  0.010456  0.010229  0.009935  0.009577  0.009448  0.009144  0.008853  0.008633  0.008145  0.007847  0.007790  0.007695  0.007289  0.007153  0.006685  0.006309  0.006021  0.005760  0.005670
B74-18  0.074308  0.074360  0.072774  0.071610  0.071129  0.069776  0.068508  0.067292  0.066512  0.065247  0.063748  0.061514  0.060476  0.059732  0.058971  0.058570  0.057958  0.057005  0.054844  0.054286  0.053425  0.053410  0.052709  0.050115  0.049056  0.047771  0.046271  0.045564  0.044262  0.043015  0.042013  0.040101  0.038846  0.038423  0.037869  0.036268  0.035588  0.033790  0.032310  0.031135  0.030059  0.029567
B74-20  0.001788  0.001817  0.001739  0.001689  0.001682  0.001619  0.001563  0.001510  0.001483  0.001427  0.001358  0.001247  0.001206  0.001182  0.001157  0.001152  0.001134  0.001098  0.000999  0.000985  0.000955  0.000967  0.000944  0.000831  0.000793  0.000746  0.000690  0.000670  0.000625  0.000584  0.000555  0.000490  0.000453  0.000449  0.000441  0.000395  0.000384  0.000337  0.000303  0.000281  0.000264  0.000265
B74-22  0.001970  0.002004  0.001929  0.001882  0.001879  0.001819  0.001765  0.001714  0.001691  0.001637  0.001569  0.001455  0.001416  0.001395  0.001372  0.001371  0.001356  0.001321  0.001217  0.001205  0.001176  0.001194  0.001173  0.001048  0.001009  0.000958  0.000896  0.000876  0.000826  0.000780  0.000746  0.000668  0.000625  0.000621  0.000611  0.000553  0.000538  0.000474  0.000426  0.000393  0.000365  0.000362
B74-23  0.004147  0.004269  0.004173  0.004131  0.004179  0.004109  0.004050  0.003995  0.003998  0.003934  0.003837  0.003640  0.003602  0.003602  0.003598  0.003642  0.003656  0.003622  0.003422  0.003438  0.003412  0.003501  0.003495  0.003225  0.003166  0.003073  0.002949  0.002933  0.002832  0.002738  0.002676  0.002483  0.002382  0.002396  0.002390  0.002233  0.002206  0.002017  0.001871  0.001766  0.001674  0.001664
B75-05  0.011013  0.011016  0.010634  0.010353  0.010231  0.009910  0.009611  0.009325  0.009139  0.008847  0.008506  0.008007  0.007774  0.007606  0.007435  0.007342  0.007204  0.006997  0.006543  0.006422  0.006241  0.006231  0.006084  0.005568  0.005359  0.005110  0.004824  0.004692  0.004452  0.004227  0.004050  0.003717  0.003506  0.003444  0.003361  0.003105  0.003008  0.002734  0.002519  0.002360  0.002222  0.002177
B75-06  0.084340  0.084505  0.082192  0.080523  0.079880  0.077934  0.076121  0.074390  0.073309  0.071516  0.069387  0.066191  0.064755  0.063752  0.062727  0.062222  0.061412  0.060117  0.057107  0.056389  0.055244  0.055291  0.054375  0.050829  0.049436  0.047740  0.045762  0.044881  0.043197  0.041602  0.040347  0.037892  0.036332  0.035882  0.035264  0.033287  0.032525  0.030336  0.028579  0.027232  0.026027  0.025568
B75-07  0.025611  0.025506  0.024740  0.024151  0.023837  0.023180  0.022562  0.021969  0.021551  0.020949  0.020262  0.019301  0.018804  0.018424  0.018041  0.017796  0.017475  0.017031  0.016151  0.015863  0.015470  0.015383  0.015053  0.014063  0.013622  0.013109  0.012531  0.012232  0.011737  0.011269  0.010890  0.010222  0.009780  0.009612  0.009406  0.008879  0.008648  0.008083  0.007628  0.007277  0.006965  0.006831
B75-09  0.028916  0.028951  0.028348  0.027910  0.027736  0.027222  0.026739  0.026275  0.025982  0.025497  0.024918  0.024047  0.023647  0.023363  0.023072  0.022923  0.022690  0.022320  0.021464  0.021249  0.020912  0.020915  0.020641  0.019599  0.019177  0.018660  0.018055  0.017770  0.017242  0.016733  0.016323  0.015536  0.015018  0.014841  0.014609  0.013940  0.013653  0.012896  0.012269  0.011766  0.011302  0.011084
B75-12  0.035039  0.035205  0.034549  0.034097  0.033987  0.033426  0.032901  0.032394  0.032109  0.031562  0.030881  0.029790  0.029333  0.029032  0.028715  0.028595  0.028354  0.027914  0.026773  0.026541  0.026127  0.026205  0.025877  0.024405  0.023836  0.023119  0.022255  0.021870  0.021102  0.020355  0.019750  0.018544  0.017743  0.017478  0.017119  0.016046  0.015579  0.014331  0.013278  0.012418  0.011609  0.011204
B82-02  0.006394  0.006410  0.006095  0.005868  0.005775  0.005515  0.005275  0.005047  0.004901  0.004670  0.004402  0.004015  0.003838  0.003711  0.003584  0.003514  0.003410  0.003255  0.002927  0.002839  0.002709  0.002696  0.002589  0.002245  0.002106  0.001945  0.001767  0.001685  0.001544  0.001416  0.001319  0.001147  0.001046  0.001021  0.000987  0.000882  0.000851  0.000758  0.000699  0.000669  0.000654  0.000671
B82-07  0.007892  0.007851  0.007539  0.007299  0.007173  0.006907  0.006657  0.006419  0.006252  0.006011  0.005737  0.005356  0.005161  0.005012  0.004862  0.004766  0.004641  0.004468  0.004130  0.004020  0.003870  0.003836  0.003711  0.003341  0.003178  0.002990  0.002779  0.002672  0.002496  0.002331  0.002200  0.001970  0.001821  0.001769  0.001704  0.001534  0.001464  0.001288  0.001151  0.001051  0.000967  0.000940
B82-08  0.010044  0.010102  0.009820  0.009626  0.009572  0.009337  0.009121  0.008915  0.008797  0.008581  0.008317  0.007903  0.007734  0.007623  0.007509  0.007467  0.007382  0.007228  0.006832  0.006758  0.006622  0.006654  0.006550  0.006071  0.005897  0.005678  0.005417  0.005312  0.005092  0.004882  0.004720  0.004384  0.004175  0.004126  0.004051  0.003778  0.003680  0.003371  0.003124  0.002936  0.002767  0.002707
B82-11  0.006750  0.006751  0.006408  0.006157  0.006046  0.005761  0.005498  0.005248  0.005084  0.004831  0.004542  0.004130  0.003935  0.003794  0.003651  0.003567  0.003449  0.003280  0.002935  0.002835  0.002693  0.002669  0.002551  0.002196  0.002047  0.001878  0.001693  0.001604  0.001457  0.001325  0.001225  0.001053  0.000951  0.000924  0.000888  0.000788  0.000758  0.000674  0.000623  0.000602  0.000596  0.000618
B82-12  0.000840  0.000853  0.000821  0.000801  0.000799  0.000774  0.000751  0.000729  0.000719  0.000695  0.000666  0.000619  0.000601  0.000592  0.000582  0.000580  0.000573  0.000558  0.000513  0.000507  0.000494  0.000501  0.000492  0.000437  0.000420  0.000397  0.000369  0.000359  0.000336  0.000315  0.000299  0.000263  0.000242  0.000239  0.000233  0.000205  0.000197  0.000165  0.000141  0.000123  0.000107  0.000104
B82-14  0.525971  0.528590  0.523070  0.519596  0.519494  0.514978  0.510830  0.506890  0.505122  0.500825  0.495258  0.485787  0.482452  0.480612  0.478646  0.478551  0.477305  0.474198  0.464503  0.463397  0.460598  0.462400  0.460412  0.447840  0.443693  0.438199  0.431395  0.429010  0.423155  0.417521  0.413212  0.403498  0.397506  0.396341  0.394359  0.386015  0.383117  0.373323  0.365317  0.359055  0.353287  0.351086
B82-18  0.032999  0.033364  0.032633  0.032179  0.032177  0.031588  0.031051  0.030544  0.030325  0.029776  0.029066  0.027855  0.027444  0.027227  0.026995  0.027001  0.026861  0.026486  0.025286  0.025170  0.024842  0.025087  0.024862  0.023338  0.022857  0.022216  0.021422  0.021166  0.020497  0.019860  0.019386  0.018278  0.017618  0.017528  0.017344  0.016427  0.016144  0.015077  0.014224  0.013577  0.012993  0.012815
B82-19  0.642262  0.644585  0.633492  0.625833  0.623727  0.614461  0.605861  0.597659  0.593000  0.584338  0.573729  0.557037  0.550143  0.545647  0.540988  0.539266  0.535779  0.529458  0.513122  0.510003  0.504348  0.505670  0.501296  0.481194  0.473782  0.464459  0.453314  0.448726  0.439157  0.430011  0.422866  0.408100  0.398777  0.396364  0.392837  0.380503  0.375853  0.361787  0.350342  0.341418  0.333281  0.330036
B82-21  0.003549  0.003546  0.003429  0.003342  0.003303  0.003203  0.003110  0.003021  0.002962  0.002870  0.002762  0.002605  0.002530  0.002475  0.002419  0.002388  0.002342  0.002274  0.002126  0.002085  0.002025  0.002020  0.001970  0.001798  0.001726  0.001640  0.001541  0.001493  0.001408  0.001327  0.001262  0.001140  0.001061  0.001034  0.001000  0.000901  0.000860  0.000751  0.000663  0.000594  0.000532  0.000505
B82-23  0.032852  0.032736  0.031717  0.030938  0.030536  0.029666  0.028848  0.028065  0.027521  0.026725  0.025816  0.024534  0.023883  0.023391  0.022894  0.022583  0.022169  0.021589  0.020423  0.020055  0.019544  0.019444  0.019019  0.017711  0.017139  0.016472  0.015719  0.015337  0.014696  0.014093  0.013608  0.012744  0.012178  0.011974  0.011721  0.011048  0.010764  0.010047  0.009476  0.009040  0.008658  0.008507
B82-25  0.000947  0.000977  0.000955  0.000947  0.000959  0.000944  0.000930  0.000918  0.000920  0.000905  0.000882  0.000833  0.000824  0.000825  0.000824  0.000836  0.000840  0.000832  0.000781  0.000786  0.000779  0.000803  0.000802  0.000730  0.000714  0.000688  0.000654  0.000649  0.000621  0.000593  0.000575  0.000519  0.000489  0.000491  0.000488  0.000441  0.000431  0.000372  0.000326  0.000292  0.000261  0.000255
B82-26  0.001807  0.001828  0.001763  0.001721  0.001713  0.001660  0.001612  0.001566  0.001542  0.001494  0.001434  0.001337  0.001301  0.001279  0.001256  0.001250  0.001234  0.001201  0.001110  0.001097  0.001068  0.001080  0.001059  0.000949  0.000912  0.000864  0.000807  0.000786  0.000739  0.000694  0.000661  0.000587  0.000543  0.000536  0.000523  0.000465  0.000447  0.000382  0.000331  0.000294  0.000261  0.000253
B82-27  1.504230  1.499569  1.472373  1.451029  1.439145  1.415219  1.392479  1.370475  1.354554  1.331894  1.305968  1.269700  1.250206  1.234878  1.219346  1.208931  1.195566  1.177396  1.142012  1.129473  1.112623  1.107931  1.093452  1.051693  1.032016  1.009055  0.982947  0.968347  0.945073  0.922577  0.903636  0.871299  0.848573  0.838108  0.825742  0.797786  0.783518  0.752501  0.726155  0.704326  0.683931  0.672362
B82-28  0.001607  0.001629  0.001587  0.001561  0.001561  0.001527  0.001496  0.001467  0.001454  0.001422  0.001380  0.001308  0.001284  0.001271  0.001258  0.001258  0.001250  0.001228  0.001155  0.001148  0.001128  0.001144  0.001130  0.001036  0.001006  0.000966  0.000917  0.000901  0.000858  0.000818  0.000787  0.000717  0.000674  0.000668  0.000655  0.000595  0.000576  0.000506  0.000449  0.000405  0.000366  0.000352
B82-30  0.051639  0.052191  0.051117  0.050454  0.050462  0.049596  0.048807  0.048061  0.047744  0.046934  0.045880  0.044074  0.043464  0.043146  0.042804  0.042821  0.042618  0.042060  0.040253  0.040083  0.039593  0.039971  0.039635  0.037323  0.036594  0.035620  0.034409  0.034019  0.032994  0.032017  0.031287  0.029580  0.028559  0.028414  0.028123  0.026696  0.026249  0.024582  0.023243  0.022222  0.021295  0.020998
B82-32  0.001041  0.001044  0.000998  0.000966  0.000953  0.000916  0.000881  0.000847  0.000827  0.000792  0.000752  0.000693  0.000666  0.000648  0.000629  0.000620  0.000605  0.000581  0.000528  0.000515  0.000495  0.000495  0.000479  0.000420  0.000397  0.000369  0.000337  0.000323  0.000297  0.000273  0.000254  0.000218  0.000196  0.000191  0.000183  0.000157  0.000148  0.000121  0.000100  0.000085  0.000073  0.000071
B82-33  0.044758  0.044163  0.042171  0.040569  0.039557  0.037844  0.036230  0.034688  0.033512  0.031985  0.030313  0.028137  0.026886  0.025872  0.024867  0.024127  0.023257  0.022181  0.020362  0.019607  0.018684  0.018288  0.017498  0.015673  0.014766  0.013777  0.012724  0.012113  0.011248  0.010457  0.009821  0.008847  0.008211  0.007940  0.007644  0.007023  0.006763  0.006210  0.005828  0.005594  0.005442  0.005465
B82-34  0.032196  0.032428  0.031722  0.031255  0.031175  0.030592  0.030054  0.029541  0.029277  0.028729  0.028040  0.026916  0.026486  0.026224  0.025950  0.025884  0.025691  0.025294  0.024174  0.024002  0.023647  0.023795  0.023529  0.022118  0.021626  0.020992  0.020221  0.019927  0.019266  0.018632  0.018142  0.017085  0.016426  0.016279  0.016047  0.015154  0.014833  0.013800  0.012960  0.012304  0.011705  0.011473
B82-35  0.001424  0.001433  0.001376  0.001337  0.001324  0.001278  0.001234  0.001194  0.001169  0.001127  0.001076  0.000998  0.000966  0.000944  0.000922  0.000912  0.000895  0.000866  0.000795  0.000781  0.000756  0.000760  0.000740  0.000658  0.000628  0.000591  0.000548  0.000531  0.000495  0.000462  0.000436  0.000385  0.000354  0.000347  0.000337  0.000299  0.000286  0.000244  0.000213  0.000190  0.000170  0.000166
B82-36  0.508302  0.509666  0.500554  0.494104  0.492009  0.484269  0.477030  0.470084  0.465936  0.458587  0.449652  0.435796  0.429768  0.425657  0.421406  0.419534  0.416228  0.410598  0.396727  0.393669  0.388511  0.389122  0.385013  0.367760  0.361035  0.352672  0.342726  0.338280  0.329579  0.321191  0.314468  0.301153  0.292448  0.289680  0.285935  0.274473  0.269676  0.256551  0.245647  0.236902  0.228796  0.225018
B82-38  0.015947  0.016132  0.015693  0.015414  0.015390  0.015037  0.014714  0.014410  0.014266  0.013941  0.013529  0.012845  0.012603  0.012468  0.012324  0.012310  0.012217  0.011999  0.011343  0.011266  0.011078  0.011191  0.011057  0.010250  0.009989  0.009648  0.009233  0.009094  0.008748  0.008422  0.008180  0.007627  0.007301  0.007258  0.007169  0.006727  0.006596  0.006093  0.005698  0.005406  0.005147  0.005081
B82-39  0.009210  0.009455  0.009191  0.009055  0.009126  0.008926  0.008750  0.008587  0.008556  0.008373  0.008117  0.007635  0.007515  0.007482  0.007440  0.007505  0.007503  0.007395  0.006923  0.006929  0.006842  0.007005  0.006960  0.006351  0.006196  0.005972  0.005683  0.005626  0.005391  0.005171  0.005021  0.004604  0.004378  0.004390  0.004363  0.004031  0.003963  0.003573  0.003273  0.003059  0.002872  0.002850
B82-40  0.001388  0.001434  0.001397  0.001381  0.001399  0.001372  0.001349  0.001328  0.001329  0.001303  0.001265  0.001187  0.001172  0.001171  0.001169  0.001186  0.001192  0.001178  0.001097  0.001104  0.001093  0.001128  0.001126  0.001015  0.000991  0.000952  0.000900  0.000893  0.000850  0.000810  0.000783  0.000702  0.000657  0.000662  0.000658  0.000590  0.000577  0.000494  0.000430  0.000383  0.000340  0.000334
B82-41  0.144770  0.145675  0.143182  0.141546  0.141319  0.139256  0.137349  0.135533  0.134622  0.132665  0.130185  0.126095  0.124550  0.123626  0.122652  0.122452  0.121779  0.120341  0.116200  0.115593  0.114294  0.114883  0.113920  0.108633  0.106798  0.104417  0.101509  0.100406  0.097896  0.095481  0.093610  0.089553  0.087012  0.086429  0.085519  0.082045  0.080774  0.076732  0.073418  0.070814  0.068415  0.067450
B82-42  0.014115  0.014275  0.013950  0.013748  0.013745  0.013483  0.013244  0.013018  0.012919  0.012674  0.012357  0.011817  0.011632  0.011533  0.011428  0.011429  0.011364  0.011195  0.010657  0.010602  0.010454  0.010562  0.010459  0.009772  0.009554  0.009263  0.008902  0.008784  0.008479  0.008189  0.007971  0.007466  0.007163  0.007118  0.007030  0.006609  0.006476  0.005985  0.005590  0.005290  0.005017  0.004929
B82-43  0.002309  0.002338  0.002253  0.002197  0.002188  0.002119  0.002056  0.001997  0.001967  0.001904  0.001827  0.001701  0.001655  0.001627  0.001598  0.001592  0.001572  0.001531  0.001415  0.001398  0.001363  0.001379  0.001352  0.001216  0.001170  0.001112  0.001042  0.001018  0.000961  0.000907  0.000868  0.000782  0.000731  0.000725  0.000711  0.000646  0.000627  0.000555  0.000500  0.000461  0.000428  0.000423
B82-44  0.011427  0.011699  0.011408  0.011259  0.011339  0.011120  0.010927  0.010749  0.010715  0.010515  0.010235  0.009707  0.009576  0.009541  0.009497  0.009569  0.009567  0.009450  0.008935  0.008943  0.008849  0.009027  0.008979  0.008316  0.008149  0.007907  0.007594  0.007534  0.007281  0.007045  0.006884  0.006436  0.006195  0.006210  0.006183  0.005828  0.005758  0.005343  0.005025  0.004801  0.004605  0.004585
B82-45  0.015548  0.015856  0.015582  0.015454  0.015565  0.015363  0.015186  0.015024  0.015014  0.014827  0.014550  0.014002  0.013882  0.013866  0.013841  0.013944  0.013967  0.013861  0.013302  0.013333  0.013248  0.013476  0.013444  0.012695  0.012518  0.012250  0.011895  0.011838  0.011548  0.011274  0.011088  0.010545  0.010250  0.010274  0.010244  0.009796  0.009706  0.009167  0.008746  0.008441  0.008168  0.008126
B82-47  0.001105  0.001110  0.001077  0.001055  0.001047  0.001019  0.000994  0.000969  0.000955  0.000929  0.000897  0.000848  0.000827  0.000813  0.000798  0.000791  0.000779  0.000759  0.000711  0.000700  0.000682  0.000684  0.000670  0.000609  0.000586  0.000557  0.000522  0.000507  0.000477  0.000448  0.000424  0.000378  0.000348  0.000339  0.000326  0.000286  0.000270  0.000225  0.000188  0.000158  0.000130  0.000117
B82-48  0.002714  0.002754  0.002692  0.002655  0.002661  0.002611  0.002566  0.002523  0.002508  0.002460  0.002396  0.002283  0.002247  0.002230  0.002211  0.002217  0.002207  0.002174  0.002056  0.002048  0.002018  0.002047  0.002028  0.001872  0.001824  0.001759  0.001677  0.001651  0.001581  0.001513  0.001462  0.001341  0.001268  0.001257  0.001236  0.001131  0.001098  0.000974  0.000873  0.000795  0.000723  0.000697
B82-51  0.002271  0.002332  0.002288  0.002269  0.002295  0.002263  0.002236  0.002210  0.002214  0.002183  0.002136  0.002036  0.002017  0.002018  0.002017  0.002042  0.002051  0.002034  0.001928  0.001938  0.001924  0.001975  0.001972  0.001823  0.001790  0.001738  0.001667  0.001657  0.001598  0.001542  0.001504  0.001389  0.001326  0.001332  0.001326  0.001228  0.001208  0.001087  0.000992  0.000921  0.000857  0.000845
B82-52  0.038830  0.038090  0.035999  0.034295  0.033162  0.031367  0.029675  0.028060  0.026798  0.025216  0.023512  0.021361  0.020072  0.019007  0.017957  0.017149  0.016231  0.015143  0.013431  0.012645  0.011727  0.011254  0.010462  0.008862  0.008019  0.007132  0.006222  0.005662  0.004940  0.004298  0.003787  0.003095  0.002654  0.002451  0.002252  0.001928  0.001810  0.001629  0.001578  0.001632  0.001766  0.001810
B82-53  0.001437  0.001464  0.001406  0.001370  0.001367  0.001321  0.001280  0.001241  0.001223  0.001182  0.001131  0.001046  0.001017  0.001001  0.000984  0.000982  0.000970  0.000944  0.000869  0.000859  0.000838  0.000849  0.000833  0.000746  0.000718  0.000682  0.000640  0.000626  0.000592  0.000561  0.000539  0.000489  0.000461  0.000459  0.000453  0.000418  0.000410  0.000373  0.000347  0.000330  0.000317  0.000318
B82-54  0.006413  0.006404  0.006057  0.005800  0.005681  0.005392  0.005124  0.004870  0.004700  0.004445  0.004154  0.003744  0.003547  0.003402  0.003255  0.003166  0.003044  0.002873  0.002537  0.002433  0.002290  0.002258  0.002139  0.001801  0.001655  0.001492  0.001317  0.001229  0.001092  0.000969  0.000876  0.000723  0.000634  0.000608  0.000576  0.000496  0.000473  0.000415  0.000387  0.000383  0.000395  0.000426
B83-03  1.631934  1.639352  1.624017  1.614381  1.614185  1.601597  1.590018  1.578999  1.574077  1.562012  1.546331  1.519573  1.510131  1.504908  1.499318  1.499034  1.495480  1.486614  1.458927  1.455715  1.447655  1.452761  1.447009  1.410843  1.398816  1.382882  1.363133  1.356090  1.339000  1.322507  1.309813  1.281394  1.263718  1.260051  1.253996  1.229350  1.220561  1.191559  1.167716  1.148932  1.131548  1.124616
B83-04  0.024312  0.024530  0.024031  0.023713  0.023692  0.023283  0.022906  0.022548  0.022381  0.021993  0.021493  0.020651  0.020348  0.020177  0.019994  0.019976  0.019857  0.019575  0.018717  0.018611  0.018357  0.018506  0.018323  0.017218  0.016848  0.016361  0.015761  0.015545  0.015029  0.014532  0.014151  0.013301  0.012775  0.012668  0.012490  0.011762  0.011506  0.010654  0.009957  0.009412  0.008911  0.008717
B83-06  0.023265  0.023733  0.023386  0.023243  0.023435  0.023186  0.022973  0.022779  0.022801  0.022570  0.022213  0.021468  0.021331  0.021341  0.021338  0.021517  0.021582  0.021462  0.020694  0.020770  0.020678  0.021036  0.021021  0.019970  0.019744  0.019385  0.018898  0.018842  0.018447  0.018073  0.017828  0.017058  0.016650  0.016707  0.016685  0.016048  0.015936  0.015160  0.014557  0.014122  0.013734  0.013687
B83-08  0.007352  0.007535  0.007364  0.007282  0.007344  0.007217  0.007107  0.007005  0.006995  0.006879  0.006711  0.006384  0.006311  0.006298  0.006280  0.006336  0.006345  0.006280  0.005955  0.005970  0.005918  0.006044  0.006022  0.005596  0.005494  0.005342  0.005143  0.005110  0.004948  0.004797  0.004696  0.004400  0.004242  0.004257  0.004242  0.004005  0.003960  0.003678  0.003461  0.003306  0.003171  0.003156
B83-09  0.040379  0.040784  0.039809  0.039186  0.039128  0.038341  0.037623  0.036946  0.036625  0.035902  0.034987  0.033472  0.032932  0.032630  0.032309  0.032275  0.032065  0.031579  0.030129  0.029955  0.029538  0.029783  0.029484  0.027704  0.027127  0.026373  0.025456  0.025149  0.024385  0.023666  0.023133  0.021917  0.021199  0.021103  0.020908  0.019938  0.019649  0.018546  0.017681  0.017042  0.016478  0.016333
B83-10  0.020603  0.020790  0.020190  0.019791  0.019716  0.019226  0.018775  0.018349  0.018126  0.017676  0.017116  0.016216  0.015872  0.015664  0.015447  0.015392  0.015239  0.014929  0.014073  0.013942  0.013674  0.013782  0.013583  0.012545  0.012189  0.011735  0.011189  0.010989  0.010532  0.010101  0.009776  0.009067  0.008640  0.008565  0.008434  0.007868  0.007687  0.007049  0.006546  0.006172  0.005840  0.005744
B83-15  0.087214  0.087771  0.086139  0.085063  0.084892  0.083546  0.082306  0.081127  0.080526  0.079264  0.077677  0.075080  0.074094  0.073502  0.072880  0.072743  0.072311  0.071405  0.068825  0.068444  0.067635  0.067993  0.067394  0.064149  0.063029  0.061582  0.059820  0.059161  0.057654  0.056213  0.055105  0.052693  0.051200  0.050882  0.050370  0.048343  0.047628  0.045285  0.043385  0.041910  0.040565  0.040062
B83-16  0.006935  0.007116  0.006784  0.006582  0.006583  0.006323  0.006089  0.005872  0.005776  0.005546  0.005256  0.004779  0.004621  0.004537  0.004446  0.004439  0.004376  0.004233  0.003826  0.003776  0.003660  0.003714  0.003624  0.003180  0.003036  0.002858  0.002652  0.002583  0.002425  0.002284  0.002185  0.001977  0.001868  0.001863  0.001842  0.001723  0.001701  0.001597  0.001538  0.001516  0.001514  0.001547
B83-17  0.001828  0.001841  0.001746  0.001679  0.001655  0.001577  0.001505  0.001438  0.001396  0.001328  0.001247  0.001129  0.001078  0.001042  0.001006  0.000987  0.000958  0.000912  0.000814  0.000790  0.000752  0.000749  0.000718  0.000618  0.000578  0.000532  0.000482  0.000459  0.000420  0.000385  0.000359  0.000314  0.000289  0.000283  0.000275  0.000251  0.000245  0.000227  0.000218  0.000217  0.000220  0.000229
B83-18  0.001809  0.001820  0.001741  0.001686  0.001668  0.001603  0.001544  0.001487  0.001454  0.001396  0.001327  0.001224  0.001180  0.001151  0.001120  0.001106  0.001083  0.001044  0.000954  0.000934  0.000901  0.000903  0.000877  0.000777  0.000740  0.000695  0.000644  0.000622  0.000581  0.000543  0.000514  0.000458  0.000426  0.000419  0.000409  0.000370  0.000359  0.000321  0.000293  0.000276  0.000263  0.000263
B84-02  0.001764  0.001784  0.001718  0.001673  0.001665  0.001611  0.001561  0.001514  0.001490  0.001440  0.001380  0.001282  0.001245  0.001223  0.001199  0.001193  0.001176  0.001143  0.001053  0.001039  0.001011  0.001021  0.001000  0.000893  0.000857  0.000810  0.000755  0.000735  0.000689  0.000646  0.000615  0.000545  0.000504  0.000498  0.000486  0.000433  0.000417  0.000358  0.000313  0.000280  0.000252  0.000246
B84-04  0.102191  0.103190  0.101345  0.100217  0.100263  0.098777  0.097423  0.096143  0.095616  0.094218  0.092389  0.089226  0.088174  0.087635  0.087054  0.087110  0.086774  0.085807  0.082615  0.082333  0.081481  0.082177  0.081597  0.077479  0.076189  0.074455  0.072292  0.071602  0.069767  0.068012  0.066700  0.063617  0.061767  0.061503  0.060973  0.058375  0.057556  0.054507  0.052049  0.050166  0.048450  0.047885
B84-08  0.004361  0.004422  0.004257  0.004150  0.004134  0.004001  0.003880  0.003766  0.003709  0.003589  0.003440  0.003198  0.003110  0.003058  0.003004  0.002993  0.002955  0.002877  0.002656  0.002625  0.002559  0.002588  0.002539  0.002280  0.002194  0.002085  0.001954  0.001909  0.001803  0.001704  0.001632  0.001472  0.001380  0.001369  0.001346  0.001227  0.001195  0.001066  0.000969  0.000902  0.000846  0.000839
B84-09  0.005506  0.005592  0.005440  0.005349  0.005355  0.005235  0.005126  0.005024  0.004983  0.004872  0.004726  0.004474  0.004393  0.004353  0.004310  0.004318  0.004294  0.004220  0.003974  0.003955  0.003892  0.003949  0.003907  0.003595  0.003501  0.003373  0.003215  0.003168  0.003036  0.002912  0.002821  0.002600  0.002472  0.002461  0.002430  0.002251  0.002201  0.001993  0.001830  0.001708  0.001600  0.001572
B84-11  0.040790  0.041631  0.041005  0.040746  0.041091  0.040640  0.040253  0.039902  0.039940  0.039520  0.038869  0.037513  0.037260  0.037275  0.037264  0.037589  0.037705  0.037483  0.036071  0.036206  0.036034  0.036689  0.036659  0.034717  0.034293  0.033624  0.032716  0.032604  0.031863  0.031159  0.030693  0.029249  0.028474  0.028569  0.028515  0.027309  0.027085  0.025612  0.024459  0.023620  0.022868  0.022760
B84-13  0.000451  0.000476  0.000447  0.000432  0.000438  0.000416  0.000397  0.000379  0.000375  0.000356  0.000331  0.000286  0.000275  0.000271  0.000267  0.000271  0.000269  0.000259  0.000221  0.000221  0.000213  0.000223  0.000218  0.000177  0.000166  0.000152  0.000135  0.000132  0.000120  0.000110  0.000104  0.000087  0.000080  0.000083  0.000085  0.000077  0.000079  0.000073  0.000071  0.000073  0.000077  0.000085
B84-15  0.148570  0.149515  0.147177  0.145665  0.145515  0.143587  0.141809  0.140117  0.139300  0.137467  0.135126  0.131219  0.129780  0.128942  0.128056  0.127920  0.127324  0.125984  0.122006  0.121471  0.120259  0.120888  0.120003  0.114891  0.113148  0.110870  0.108072  0.107039  0.104625  0.102302  0.100509  0.096568  0.094112  0.093577  0.092718  0.089336  0.088118  0.084168  0.080931  0.078390  0.076047  0.075118
B84-17  0.098620  0.099487  0.097917  0.096958  0.097009  0.095736  0.094574  0.093473  0.093022  0.091812  0.090220  0.087456  0.086532  0.086056  0.085541  0.085588  0.085289  0.084430  0.081590  0.081331  0.080562  0.081176  0.080649  0.076939  0.075761  0.074177  0.072198  0.071548  0.069852  0.068221  0.066989  0.064127  0.062384  0.062096  0.061562  0.059107  0.058294  0.055399  0.053042  0.051210  0.049526  0.048917
B84-18  0.000530  0.000548  0.000527  0.000515  0.000520  0.000503  0.000489  0.000476  0.000473  0.000458  0.000438  0.000402  0.000392  0.000389  0.000385  0.000389  0.000389  0.000380  0.000345  0.000345  0.000338  0.000350  0.000346  0.000302  0.000290  0.000274  0.000254  0.000249  0.000233  0.000217  0.000207  0.000178  0.000163  0.000164  0.000162  0.000140  0.000136  0.000110  0.000091  0.000077  0.000066  0.000065
B84-19  0.012641  0.012687  0.012029  0.011557  0.011369  0.010827  0.010327  0.009855  0.009554  0.009075  0.008520  0.007717  0.007353  0.007095  0.006833  0.006689  0.006475  0.006157  0.005490  0.005310  0.005045  0.005012  0.004793  0.004109  0.003831  0.003513  0.003166  0.003003  0.002731  0.002488  0.002306  0.001992  0.001812  0.001767  0.001708  0.001537  0.001491  0.001358  0.001289  0.001272  0.001285  0.001341
B84-20  0.025388  0.025677  0.025158  0.024842  0.024861  0.024443  0.024063  0.023704  0.023559  0.023167  0.022651  0.021756  0.021462  0.021313  0.021152  0.021173  0.021082  0.020812  0.019908  0.019832  0.019594  0.019796  0.019636  0.018467  0.018104  0.017615  0.017003  0.016810  0.016292  0.015796  0.015426  0.014551  0.014028  0.013956  0.013809  0.013072  0.012842  0.011976  0.011279  0.010745  0.010259  0.010101
B84-21  0.001398  0.001435  0.001401  0.001384  0.001397  0.001371  0.001349  0.001328  0.001326  0.001303  0.001268  0.001201  0.001186  0.001183  0.001179  0.001191  0.001193  0.001180  0.001112  0.001115  0.001105  0.001131  0.001127  0.001037  0.001016  0.000984  0.000941  0.000934  0.000900  0.000867  0.000846  0.000782  0.000748  0.000750  0.000747  0.000695  0.000685  0.000623  0.000575  0.000541  0.000510  0.000506
B84-22  0.006504  0.006576  0.006418  0.006318  0.006313  0.006185  0.006070  0.005961  0.005912  0.005796  0.005648  0.005402  0.005317  0.005271  0.005222  0.005220  0.005188  0.005112  0.004879  0.004854  0.004789  0.004832  0.004786  0.004502  0.004412  0.004295  0.004151  0.004105  0.003987  0.003876  0.003795  0.003607  0.003499  0.003487  0.003460  0.003314  0.003273  0.003107  0.002979  0.002887  0.002806  0.002790
B84-25  0.015905  0.016381  0.015592  0.015126  0.015154  0.014542  0.013995  0.013487  0.013275  0.012734  0.012048  0.010911  0.010546  0.010359  0.010155  0.010151  0.010012  0.009679  0.008714  0.008605  0.008336  0.008468  0.008259  0.007216  0.006883  0.006470  0.005994  0.005836  0.005473  0.005153  0.004931  0.004466  0.004228  0.004219  0.004176  0.003926  0.003885  0.003683  0.003584  0.003566  0.003593  0.003684
B85-01  0.023102  0.023382  0.022746  0.022343  0.022316  0.021804  0.021337  0.020898  0.020695  0.020224  0.019626  0.018628  0.018279  0.018086  0.017882  0.017868  0.017737  0.017422  0.016465  0.016357  0.016087  0.016259  0.016067  0.014887  0.014509  0.014013  0.013407  0.013208  0.012704  0.012229  0.011878  0.011069  0.010594  0.010534  0.010408  0.009762  0.009572  0.008835  0.008257  0.007831  0.007454  0.007358
B85-02  0.009166  0.009233  0.008520  0.008018  0.007824  0.007251  0.006729  0.006241  0.005935  0.005450  0.004897  0.004113  0.003769  0.003529  0.003288  0.003153  0.002955  0.002671  0.002110  0.001957  0.001741  0.001696  0.001516  0.001050  0.000867  0.000679  0.000499  0.000423  0.000320  0.000254  0.000228  0.000225  0.000228  0.000228  0.000228  0.000228  0.000228  0.000228  0.000228  0.000228  0.000228  0.000228
B85-04  0.084035  0.084583  0.082841  0.081684  0.081471  0.080039  0.078720  0.077467  0.076815  0.075483  0.073821  0.071130  0.070098  0.069470  0.068813  0.068650  0.068188  0.067247  0.064621  0.064218  0.063388  0.063728  0.063110  0.059858  0.058732  0.057288  0.055539  0.054886  0.053402  0.051990  0.050911  0.048567  0.047130  0.046837  0.046359  0.044426  0.043763  0.041549  0.039770  0.038407  0.037176  0.036748
B85-06  0.003133  0.003182  0.003028  0.002926  0.002906  0.002782  0.002670  0.002564  0.002507  0.002398  0.002264  0.002055  0.001975  0.001925  0.001874  0.001857  0.001819  0.001748  0.001567  0.001535  0.001476  0.001490  0.001444  0.001246  0.001176  0.001092  0.000995  0.000958  0.000882  0.000812  0.000762  0.000660  0.000604  0.000596  0.000582  0.000518  0.000502  0.000441  0.000400  0.000378  0.000365  0.000374
B85-07  0.129664  0.130303  0.127656  0.125842  0.125392  0.123171  0.121106  0.119132  0.118032  0.115929  0.113328  0.109185  0.107492  0.106398  0.105259  0.104863  0.104016  0.102441  0.098287  0.097514  0.096083  0.096454  0.095348  0.090132  0.088207  0.085768  0.082834  0.081617  0.079071  0.076620  0.074689  0.070699  0.068147  0.067448  0.066442  0.063027  0.061691  0.057757  0.054514  0.051945  0.049574  0.048550
B85-08  0.070359  0.070978  0.069278  0.068168  0.068014  0.066619  0.065335  0.064116  0.063509  0.062203  0.060553  0.057839  0.056826  0.056228  0.055599  0.055480  0.055051  0.054122  0.051431  0.051055  0.050230  0.050630  0.050025  0.046640  0.045489  0.043994  0.042171  0.041505  0.039950  0.038464  0.037329  0.034829  0.033293  0.032987  0.032478  0.030385  0.029665  0.027246  0.025290  0.023780  0.022406  0.021910
B85-11  0.022736  0.022943  0.022420  0.022083  0.022047  0.021621  0.021230  0.020861  0.020682  0.020286  0.019783  0.018950  0.018647  0.018473  0.018290  0.018265  0.018143  0.017867  0.017048  0.016944  0.016702  0.016836  0.016661  0.015635  0.015295  0.014850  0.014307  0.014117  0.013657  0.013220  0.012889  0.012148  0.011699  0.011621  0.011483  0.010870  0.010670  0.009963  0.009396  0.008965  0.008575  0.008447
B85-13  0.032694  0.033002  0.032393  0.032014  0.032015  0.031518  0.031062  0.030630  0.030443  0.029970  0.029353  0.028295  0.027930  0.027734  0.027523  0.027524  0.027395  0.027055  0.025970  0.025855  0.025550  0.025765  0.025550  0.024138  0.023679  0.023067  0.022307  0.022047  0.021393  0.020764  0.020286  0.019194  0.018523  0.018400  0.018184  0.017246  0.016926  0.015823  0.014922  0.014219  0.013572  0.013329
B85-14  0.001399  0.001427  0.001372  0.001339  0.001338  0.001295  0.001256  0.001219  0.001203  0.001164  0.001114  0.001031  0.001003  0.000989  0.000973  0.000973  0.000963  0.000939  0.000862  0.000854  0.000834  0.000848  0.000833  0.000742  0.000714  0.000677  0.000632  0.000619  0.000583  0.000549  0.000525  0.000470  0.000438  0.000437  0.000430  0.000389  0.000379  0.000334  0.000300  0.000277  0.000259  0.000257
B85-15  0.003125  0.003133  0.003001  0.002905  0.002867  0.002756  0.002654  0.002556  0.002495  0.002395  0.002278  0.002106  0.002028  0.001974  0.001918  0.001890  0.001846  0.001777  0.001624  0.001586  0.001527  0.001526  0.001479  0.001308  0.001241  0.001161  0.001069  0.001029  0.000954  0.000884  0.000831  0.000728  0.000666  0.000650  0.000628  0.000554  0.000529  0.000452  0.000395  0.000355  0.000322  0.000316
B85-16  0.616807  0.621090  0.614565  0.610754  0.611413  0.606215  0.601505  0.597068  0.595504  0.590591  0.583997  0.572241  0.568599  0.566931  0.565092  0.565719  0.564823  0.561468  0.549425  0.548706  0.545752  0.548855  0.546962  0.531143  0.526410  0.519906  0.511683  0.509264  0.502289  0.495605  0.490660  0.478631  0.471483  0.470659  0.468762  0.458538  0.455442  0.443331  0.433561  0.426075  0.419237  0.417053
B85-17  0.010115  0.010192  0.009888  0.009682  0.009633  0.009384  0.009155  0.008938  0.008819  0.008592  0.008314  0.007875  0.007702  0.007592  0.007479  0.007442  0.007359  0.007203  0.006794  0.006724  0.006589  0.006629  0.006527  0.006042  0.005871  0.005656  0.005401  0.005303  0.005091  0.004892  0.004741  0.004421  0.004229  0.004192  0.004132  0.003883  0.003803  0.003527  0.003312  0.003154  0.003016  0.002980
B85-18  0.010633  0.010703  0.010158  0.009775  0.009638  0.009192  0.008782  0.008394  0.008157  0.007762  0.007299  0.006616  0.006319  0.006114  0.005905  0.005800  0.005632  0.005371  0.004799  0.004658  0.004441  0.004430  0.004252  0.003656  0.003422  0.003151  0.002850  0.002716  0.002481  0.002269  0.002113  0.001830  0.001669  0.001634  0.001585  0.001424  0.001382  0.001249  0.001173  0.001145  0.001143  0.001186
B85-20  0.019924  0.020106  0.019714  0.019466  0.019456  0.019136  0.018842  0.018564  0.018438  0.018136  0.017746  0.017086  0.016853  0.016725  0.016588  0.016581  0.016494  0.016279  0.015611  0.015536  0.015344  0.015468  0.015332  0.014473  0.014192  0.013820  0.013360  0.013201  0.012807  0.012430  0.012143  0.011493  0.011095  0.011023  0.010896  0.010343  0.010157  0.009511  0.008986  0.008580  0.008207  0.008072
B85-21  0.003604  0.003661  0.003566  0.003510  0.003516  0.003440  0.003372  0.003308  0.003284  0.003214  0.003121  0.002960  0.002909  0.002884  0.002858  0.002865  0.002851  0.002805  0.002645  0.002634  0.002594  0.002633  0.002607  0.002403  0.002342  0.002259  0.002156  0.002125  0.002039  0.001957  0.001897  0.001750  0.001665  0.001657  0.001637  0.001517  0.001483  0.001343  0.001231  0.001148  0.001074  0.001054
B85-23  0.125108  0.125948  0.124635  0.123863  0.123981  0.122933  0.121984  0.121089  0.120766  0.119778  0.118457  0.116112  0.115379  0.115037  0.114662  0.114776  0.114588  0.113913  0.111519  0.111368  0.110774  0.111379  0.110995  0.107861  0.106919  0.105627  0.103998  0.103514  0.102133  0.100810  0.099831  0.097458  0.096048  0.095883  0.095507  0.093495  0.092885  0.090506  0.088588  0.087120  0.085780  0.085354
B85-27  0.004369  0.004432  0.004283  0.004188  0.004179  0.004060  0.003952  0.003850  0.003801  0.003693  0.003556  0.003331  0.003252  0.003207  0.003160  0.003155  0.003123  0.003052  0.002842  0.002817  0.002757  0.002791  0.002748  0.002496  0.002415  0.002310  0.002183  0.002141  0.002037  0.001940  0.001869  0.001707  0.001613  0.001603  0.001580  0.001456  0.001422  0.001284  0.001179  0.001103  0.001039  0.001028
B86-01  0.008973  0.009100  0.008695  0.008428  0.008373  0.008048  0.007751  0.007472  0.007323  0.007034  0.006682  0.006131  0.005920  0.005790  0.005654  0.005610  0.005508  0.005321  0.004845  0.004761  0.004606  0.004642  0.004520  0.003998  0.003815  0.003592  0.003335  0.003238  0.003036  0.002853  0.002721  0.002450  0.002300  0.002280  0.002242  0.002071  0.002029  0.001865  0.001757  0.001697  0.001660  0.001683
B86-03  0.001195  0.001200  0.001157  0.001126  0.001115  0.001079  0.001045  0.001013  0.000993  0.000960  0.000920  0.000859  0.000833  0.000815  0.000796  0.000788  0.000773  0.000749  0.000692  0.000679  0.000658  0.000660  0.000644  0.000576  0.000550  0.000518  0.000480  0.000464  0.000433  0.000402  0.000379  0.000332  0.000303  0.000295  0.000284  0.000246  0.000232  0.000190  0.000157  0.000131  0.000109  0.000100
B90-02  0.525441  0.529687  0.524982  0.522515  0.523753  0.520121  0.516885  0.513866  0.513235  0.509802  0.504955  0.495776  0.493370  0.492610  0.491703  0.492861  0.492739  0.490542  0.481013  0.481017  0.479129  0.482358  0.481359  0.468548  0.465115  0.460165  0.453739  0.452237  0.446843  0.441682  0.437992  0.428226  0.422616  0.422413  0.421285  0.412990  0.410808  0.400845  0.392874  0.386854  0.381374  0.379910
B90-03  0.002563  0.002603  0.002513  0.002456  0.002452  0.002380  0.002314  0.002253  0.002224  0.002158  0.002075  0.001936  0.001888  0.001861  0.001833  0.001831  0.001813  0.001770  0.001639  0.001624  0.001587  0.001610  0.001584  0.001425  0.001375  0.001309  0.001228  0.001202  0.001136  0.001074  0.001029  0.000924  0.000864  0.000857  0.000842  0.000761  0.000738  0.000646  0.000576  0.000525  0.000480  0.000471
B90-04  0.072091  0.072983  0.071762  0.071068  0.071251  0.070276  0.069391  0.068555  0.068289  0.067349  0.066064  0.063727  0.063021  0.062711  0.062364  0.062521  0.062366  0.061703  0.059236  0.059105  0.058508  0.059175  0.058798  0.055481  0.054487  0.053109  0.051356  0.050832  0.049326  0.047872  0.046784  0.044150  0.042560  0.042342  0.041888  0.039595  0.038862  0.036121  0.033882  0.032138  0.030525  0.029951
B90-05  0.015732  0.015802  0.015307  0.014958  0.014842  0.014430  0.014047  0.013684  0.013467  0.013088  0.012633  0.011937  0.011639  0.011439  0.011233  0.011144  0.010985  0.010717  0.010064  0.009925  0.009690  0.009722  0.009538  0.008766  0.008475  0.008117  0.007696  0.007519  0.007164  0.006829  0.006569  0.006044  0.005717  0.005636  0.005517  0.005099  0.004949  0.004486  0.004119  0.003841  0.003596  0.003513
B90-06  0.001932  0.001953  0.001853  0.001784  0.001764  0.001682  0.001608  0.001537  0.001496  0.001424  0.001338  0.001207  0.001153  0.001118  0.001081  0.001065  0.001037  0.000989  0.000878  0.000854  0.000815  0.000818  0.000786  0.000667  0.000622  0.000570  0.000510  0.000486  0.000439  0.000397  0.000366  0.000306  0.000273  0.000267  0.000257  0.000221  0.000212  0.000179  0.000159  0.000149  0.000144  0.000150
B92-03  0.015957  0.015992  0.015377  0.014932  0.014755  0.014243  0.013767  0.013316  0.013031  0.012570  0.012028  0.011231  0.010871  0.010618  0.010361  0.010228  0.010022  0.009704  0.008996  0.008820  0.008547  0.008543  0.008323  0.007536  0.007225  0.006856  0.006434  0.006247  0.005901  0.005580  0.005333  0.004863  0.004575  0.004503  0.004401  0.004061  0.003946  0.003594  0.003331  0.003148  0.002998  0.002973
B92-05  0.013842  0.013906  0.013515  0.013242  0.013156  0.012830  0.012527  0.012239  0.012070  0.011768  0.011402  0.010837  0.010598  0.010438  0.010274  0.010207  0.010082  0.009865  0.009324  0.009213  0.009021  0.009055  0.008905  0.008253  0.008009  0.007707  0.007348  0.007198  0.006893  0.006603  0.006377  0.005916  0.005628  0.005553  0.005446  0.005070  0.004931  0.004508  0.004169  0.003908  0.003673  0.003585
B92-06  0.002701  0.002726  0.002648  0.002596  0.002586  0.002522  0.002462  0.002405  0.002376  0.002315  0.002239  0.002117  0.002069  0.002040  0.002010  0.002003  0.001981  0.001938  0.001817  0.001798  0.001759  0.001775  0.001746  0.001595  0.001542  0.001474  0.001391  0.001360  0.001290  0.001223  0.001171  0.001059  0.000990  0.000975  0.000951  0.000858  0.000825  0.000717  0.000630  0.000563  0.000502  0.000479
B92-07  0.042936  0.042772  0.041328  0.040226  0.039656  0.038425  0.037270  0.036165  0.035396  0.034275  0.032995  0.031194  0.030281  0.029590  0.028893  0.028456  0.027875  0.027065  0.025441  0.024927  0.024216  0.024075  0.023483  0.021676  0.020886  0.019968  0.018935  0.018411  0.017537  0.016715  0.016058  0.014888  0.014128  0.013858  0.013523  0.012627  0.012255  0.011309  0.010562  0.010001  0.009514  0.009334
B92-09  0.003951  0.003926  0.003720  0.003563  0.003481  0.003308  0.003146  0.002993  0.002885  0.002732  0.002560  0.002325  0.002205  0.002113  0.002020  0.001960  0.001882  0.001778  0.001584  0.001518  0.001430  0.001404  0.001330  0.001136  0.001049  0.000952  0.000849  0.000794  0.000712  0.000638  0.000581  0.000490  0.000435  0.000417  0.000395  0.000345  0.000329  0.000290  0.000269  0.000262  0.000265  0.000279
B92-10  0.005094  0.005098  0.004910  0.004772  0.004713  0.004556  0.004409  0.004270  0.004179  0.004037  0.003870  0.003627  0.003514  0.003434  0.003352  0.003307  0.003241  0.003142  0.002924  0.002866  0.002780  0.002776  0.002706  0.002461  0.002363  0.002246  0.002113  0.002052  0.001941  0.001838  0.001758  0.001606  0.001512  0.001486  0.001450  0.001338  0.001297  0.001179  0.001088  0.001023  0.000968  0.000954
B92-12  0.000916  0.000930  0.000902  0.000885  0.000886  0.000863  0.000843  0.000824  0.000816  0.000795  0.000768  0.000722  0.000707  0.000699  0.000691  0.000692  0.000687  0.000673  0.000628  0.000624  0.000612  0.000622  0.000614  0.000557  0.000540  0.000516  0.000487  0.000478  0.000454  0.000431  0.000414  0.000374  0.000351  0.000348  0.000342  0.000309  0.000300  0.000262  0.000232  0.000210  0.000190  0.000185
B93-02  0.009107  0.009288  0.009100  0.009004  0.009060  0.008917  0.008790  0.008672  0.008652  0.008517  0.008325  0.007957  0.007865  0.007840  0.007809  0.007862  0.007862  0.007779  0.007399  0.007405  0.007335  0.007471  0.007436  0.006925  0.006793  0.006600  0.006348  0.006294  0.006084  0.005884  0.005743  0.005359  0.005142  0.005141  0.005104  0.004780  0.004701  0.004312  0.004004  0.003773  0.003564  0.003514
B93-03  0.009022  0.009097  0.008861  0.008704  0.008676  0.008481  0.008301  0.008130  0.008042  0.007859  0.007631  0.007261  0.007118  0.007031  0.006940  0.006917  0.006853  0.006722  0.006356  0.006300  0.006183  0.006230  0.006143  0.005685  0.005526  0.005321  0.005072  0.004978  0.004765  0.004562  0.004405  0.004067  0.003858  0.003812  0.003740  0.003457  0.003357  0.003031  0.002767  0.002563  0.002377  0.002307
B93-04  0.004735  0.004792  0.004669  0.004591  0.004587  0.004487  0.004396  0.004309  0.004270  0.004177  0.004056  0.003853  0.003782  0.003743  0.003701  0.003699  0.003673  0.003608  0.003405  0.003383  0.003325  0.003363  0.003323  0.003065  0.002981  0.002871  0.002735  0.002689  0.002573  0.002462  0.002379  0.002189  0.002074  0.002055  0.002021  0.001862  0.001810  0.001625  0.001476  0.001362  0.001258  0.001223
B93-06  0.037877  0.038131  0.037364  0.036856  0.036771  0.036136  0.035550  0.034992  0.034704  0.034106  0.033354  0.032125  0.031654  0.031368  0.031067  0.030996  0.030785  0.030349  0.029119  0.028931  0.028539  0.028702  0.028410  0.026856  0.026313  0.025613  0.024761  0.024436  0.023703  0.023000  0.022457  0.021284  0.020552  0.020385  0.020124  0.019130  0.018769  0.017618  0.016678  0.015943  0.015270  0.015005
B93-08  0.000958  0.000971  0.000943  0.000925  0.000924  0.000901  0.000880  0.000860  0.000851  0.000829  0.000801  0.000754  0.000738  0.000729  0.000720  0.000720  0.000714  0.000699  0.000653  0.000648  0.000635  0.000644  0.000635  0.000577  0.000558  0.000533  0.000502  0.000492  0.000467  0.000442  0.000424  0.000381  0.000356  0.000352  0.000345  0.000310  0.000299  0.000258  0.000226  0.000201  0.000179  0.000172
B94-01  0.004139  0.004221  0.004110  0.004047  0.004064  0.003978  0.003900  0.003828  0.003806  0.003726  0.003619  0.003424  0.003369  0.003347  0.003322  0.003338  0.003328  0.003278  0.003086  0.003081  0.003039  0.003094  0.003069  0.002824  0.002755  0.002660  0.002539  0.002509  0.002410  0.002316  0.002250  0.002078  0.001981  0.001979  0.001961  0.001822  0.001788  0.001625  0.001499  0.001406  0.001324  0.001307
B95-01  0.006730  0.006827  0.006659  0.006558  0.006567  0.006433  0.006311  0.006197  0.006152  0.006028  0.005864  0.005578  0.005486  0.005441  0.005393  0.005402  0.005376  0.005292  0.005008  0.004987  0.004914  0.004981  0.004933  0.004569  0.004459  0.004309  0.004122  0.004066  0.003909  0.003760  0.003650  0.003386  0.003230  0.003214  0.003174  0.002955  0.002891  0.002635  0.002431  0.002277  0.002139  0.002099
B95-02  0.001333  0.001346  0.001308  0.001282  0.001278  0.001246  0.001216  0.001188  0.001173  0.001142  0.001103  0.001039  0.001014  0.000998  0.000982  0.000978  0.000966  0.000942  0.000876  0.000865  0.000843  0.000851  0.000834  0.000748  0.000717  0.000678  0.000629  0.000609  0.000567  0.000526  0.000493  0.000425  0.000381  0.000369  0.000351  0.000291  0.000267  0.000197  0.000139  0.000092  0.000049  0.000029
B95-03  0.012110  0.012302  0.011927  0.011696  0.011696  0.011397  0.011127  0.010873  0.010764  0.010491  0.010140  0.009546  0.009348  0.009246  0.009136  0.009141  0.009075  0.008898  0.008332  0.008281  0.008130  0.008245  0.008142  0.007448  0.007234  0.006950  0.006602  0.006497  0.006210  0.005942  0.005748  0.005286  0.005021  0.004999  0.004938  0.004576  0.004479  0.004068  0.003751  0.003522  0.003323  0.003284
B95-05  0.001476  0.001491  0.001452  0.001426  0.001423  0.001391  0.001362  0.001333  0.001320  0.001289  0.001251  0.001187  0.001163  0.001150  0.001135  0.001133  0.001123  0.001102  0.001038  0.001029  0.001010  0.001020  0.001006  0.000925  0.000897  0.000861  0.000818  0.000802  0.000764  0.000728  0.000701  0.000640  0.000603  0.000595  0.000583  0.000532  0.000514  0.000454  0.000406  0.000369  0.000334  0.000322
B95-06  0.002405  0.002409  0.002290  0.002204  0.002168  0.002069  0.001978  0.001892  0.001836  0.001748  0.001646  0.001499  0.001431  0.001383  0.001334  0.001306  0.001266  0.001207  0.001081  0.001047  0.000997  0.000992  0.000951  0.000817  0.000762  0.000699  0.000629  0.000596  0.000540  0.000488  0.000449  0.000378  0.000335  0.000324  0.000310  0.000264  0.000249  0.000206  0.000176  0.000158  0.000146  0.000150
B95-07  0.003252  0.003297  0.003183  0.003110  0.003101  0.003010  0.002926  0.002847  0.002809  0.002725  0.002620  0.002448  0.002386  0.002351  0.002314  0.002308  0.002283  0.002228  0.002066  0.002045  0.001998  0.002023  0.001989  0.001794  0.001731  0.001648  0.001549  0.001516  0.001434  0.001357  0.001301  0.001173  0.001098  0.001089  0.001069  0.000970  0.000942  0.000831  0.000746  0.000684  0.000630  0.000619
B95-08  0.012791  0.012798  0.012389  0.012089  0.011960  0.011615  0.011293  0.010985  0.010786  0.010469  0.010097  0.009550  0.009295  0.009112  0.008926  0.008827  0.008677  0.008448  0.007940  0.007808  0.007606  0.007599  0.007436  0.006847  0.006609  0.006323  0.005992  0.005840  0.005559  0.005294  0.005085  0.004686  0.004431  0.004353  0.004250  0.003933  0.003809  0.003463  0.003187  0.002977  0.002790  0.002720
B95-09  0.046164  0.046569  0.045547  0.044888  0.044817  0.043984  0.043220  0.042497  0.042148  0.041372  0.040389  0.038760  0.038168  0.037828  0.037469  0.037420  0.037181  0.036641  0.035040  0.034836  0.034362  0.034624  0.034281  0.032276  0.031610  0.030741  0.029678  0.029306  0.028407  0.027551  0.026905  0.025454  0.024576  0.024424  0.024153  0.022954  0.022562  0.021179  0.020070  0.019225  0.018462  0.018211
B95-10  0.002482  0.002511  0.002393  0.002313  0.002293  0.002197  0.002110  0.002028  0.001981  0.001896  0.001794  0.001636  0.001573  0.001533  0.001491  0.001475  0.001443  0.001387  0.001250  0.001224  0.001177  0.001185  0.001148  0.000997  0.000943  0.000877  0.000802  0.000772  0.000712  0.000658  0.000618  0.000537  0.000491  0.000484  0.000472  0.000419  0.000405  0.000354  0.000319  0.000298  0.000283  0.000288
B95-11  0.000735  0.000748  0.000723  0.000708  0.000708  0.000688  0.000670  0.000653  0.000646  0.000627  0.000604  0.000563  0.000549  0.000543  0.000535  0.000536  0.000532  0.000520  0.000481  0.000477  0.000467  0.000476  0.000469  0.000420  0.000405  0.000385  0.000361  0.000353  0.000333  0.000314  0.000300  0.000267  0.000248  0.000246  0.000242  0.000215  0.000208  0.000178  0.000154  0.000137  0.000122  0.000118
B95-13  0.000557  0.000573  0.000543  0.000525  0.000525  0.000502  0.000481  0.000461  0.000453  0.000433  0.000407  0.000363  0.000349  0.000343  0.000336  0.000337  0.000332  0.000321  0.000283  0.000280  0.000271  0.000279  0.000273  0.000230  0.000218  0.000202  0.000183  0.000178  0.000164  0.000151  0.000143  0.000121  0.000111  0.000113  0.000114  0.000101  0.000100  0.000087  0.000079  0.000076  0.000075  0.000080
B95-15  0.001350  0.001372  0.001336  0.001315  0.001318  0.001289  0.001263  0.001238  0.001229  0.001202  0.001166  0.001103  0.001083  0.001074  0.001064  0.001066  0.001061  0.001043  0.000979  0.000975  0.000959  0.000975  0.000964  0.000882  0.000857  0.000823  0.000780  0.000768  0.000732  0.000697  0.000672  0.000611  0.000574  0.000570  0.000561  0.000509  0.000494  0.000433  0.000385  0.000348  0.000314  0.000304
B95-16  0.000256  0.000266  0.000258  0.000254  0.000258  0.000251  0.000246  0.000241  0.000241  0.000235  0.000227  0.000209  0.000206  0.000206  0.000205  0.000209  0.000210  0.000207  0.000189  0.000190  0.000188  0.000195  0.000195  0.000171  0.000166  0.000158  0.000147  0.000145  0.000136  0.000128  0.000122  0.000106  0.000097  0.000098  0.000097  0.000083  0.000081  0.000065  0.000052  0.000043  0.000035  0.000034
B95-19  0.004068  0.004107  0.003967  0.003873  0.003853  0.003738  0.003633  0.003533  0.003480  0.003375  0.003246  0.003040  0.002960  0.002910  0.002858  0.002843  0.002806  0.002734  0.002540  0.002508  0.002446  0.002468  0.002421  0.002188  0.002107  0.002005  0.001882  0.001836  0.001734  0.001638  0.001565  0.001409  0.001315  0.001298  0.001268  0.001145  0.001105  0.000967  0.000859  0.000778  0.000708  0.000688
B95-21  0.000984  0.001009  0.000946  0.000906  0.000901  0.000852  0.000808  0.000768  0.000748  0.000706  0.000654  0.000573  0.000545  0.000529  0.000513  0.000510  0.000498  0.000475  0.000409  0.000401  0.000383  0.000392  0.000379  0.000312  0.000292  0.000268  0.000240  0.000233  0.000214  0.000198  0.000189  0.000167  0.000159  0.000165  0.000169  0.000163  0.000169  0.000169  0.000175  0.000186  0.000201  0.000214
C00-06  0.002863  0.002897  0.002805  0.002768  0.002818  0.002759  0.002701  0.002682  0.002646  0.002593  0.002461  0.002340  0.002304  0.002264  0.002249  0.002261  0.002216  0.002160  0.002045  0.001977  0.001890  0.001952  0.001890  0.001683  0.001630  0.001519  0.001390  0.001312  0.001251  0.001245  0.001205  0.001102  0.001032  0.001025  0.001030  0.000950  0.000896  0.000807  0.000712  0.000670  0.000641  0.000625
C00-07  0.004258  0.004308  0.004198  0.004158  0.004228  0.004159  0.004092  0.004074  0.004035  0.003973  0.003807  0.003654  0.003613  0.003567  0.003552  0.003574  0.003521  0.003451  0.003302  0.003214  0.003100  0.003191  0.003111  0.002826  0.002755  0.002602  0.002420  0.002310  0.002223  0.002215  0.002158  0.002006  0.001902  0.001890  0.001896  0.001774  0.001689  0.001549  0.001396  0.001325  0.001272  0.001241
C00-08  0.066055  0.066797  0.065756  0.065484  0.066468  0.065882  0.065290  0.065271  0.065011  0.064471  0.062696  0.061052  0.060717  0.060329  0.060314  0.060755  0.060272  0.059568  0.057863  0.056911  0.055617  0.056915  0.056036  0.052478  0.051669  0.049771  0.047461  0.046065  0.044968  0.044929  0.044203  0.042163  0.040766  0.040626  0.040745  0.039032  0.037831  0.035801  0.033551  0.032470  0.031645  0.031122
C00-09  0.003055  0.003093  0.003003  0.002968  0.003021  0.002965  0.002909  0.002892  0.002859  0.002808  0.002675  0.002554  0.002519  0.002481  0.002468  0.002483  0.002440  0.002384  0.002267  0.002198  0.002110  0.002177  0.002115  0.001898  0.001843  0.001728  0.001592  0.001509  0.001445  0.001440  0.001397  0.001286  0.001212  0.001204  0.001209  0.001122  0.001063  0.000964  0.000857  0.000809  0.000775  0.000756
C00-11  0.005546  0.005494  0.005242  0.005080  0.005056  0.004864  0.004676  0.004550  0.004402  0.004230  0.003945  0.003682  0.003546  0.003408  0.003305  0.003243  0.003105  0.002953  0.002730  0.002572  0.002396  0.002408  0.002269  0.001960  0.001842  0.001664  0.001471  0.001343  0.001238  0.001196  0.001121  0.000990  0.000898  0.000868  0.000852  0.000766  0.000709  0.000630  0.000557  0.000529  0.000515  0.000515
C01-01  0.011382  0.011224  0.010594  0.010178  0.010082  0.009598  0.009125  0.008796  0.008417  0.007987  0.007312  0.006692  0.006352  0.006012  0.005749  0.005570  0.005235  0.004876  0.004377  0.004017  0.003626  0.003603  0.003291  0.002677  0.002425  0.002075  0.001714  0.001474  0.001284  0.001196  0.001065  0.000864  0.000734  0.000690  0.000665  0.000577  0.000533  0.000493  0.000483  0.000518  0.000574  0.000577
C01-02  0.016149  0.016114  0.015564  0.015242  0.015276  0.014872  0.014473  0.014235  0.013936  0.013569  0.012890  0.012261  0.011973  0.011678  0.011479  0.011391  0.011086  0.010735  0.010166  0.009780  0.009330  0.009450  0.009103  0.008207  0.007903  0.007389  0.006812  0.006432  0.006121  0.006018  0.005793  0.005344  0.005025  0.004932  0.004887  0.004547  0.004304  0.003947  0.003575  0.003394  0.003261  0.003179
C01-03  0.016674  0.016997  0.016657  0.016603  0.017005  0.016834  0.016662  0.016696  0.016643  0.016492  0.015909  0.015379  0.015307  0.015217  0.015255  0.015446  0.015323  0.015127  0.014602  0.014331  0.013952  0.014417  0.014174  0.013080  0.012872  0.012324  0.011656  0.011280  0.011002  0.011050  0.010889  0.010337  0.009984  0.010008  0.010107  0.009673  0.009393  0.008882  0.008317  0.008090  0.007938  0.007871
C01-04  0.121423  0.122821  0.121183  0.120856  0.122643  0.121780  0.120913  0.121006  0.120694  0.119921  0.117112  0.114538  0.114124  0.113626  0.113735  0.114581  0.113929  0.112921  0.110317  0.108932  0.107011  0.109213  0.107959  0.102495  0.101381  0.098573  0.095144  0.093158  0.091646  0.091774  0.090847  0.087921  0.085993  0.085984  0.086366  0.083991  0.082401  0.079587  0.076470  0.075105  0.074127  0.073601
C01-05  0.006391  0.006497  0.006334  0.006288  0.006426  0.006332  0.006239  0.006229  0.006184  0.006100  0.005842  0.005606  0.005555  0.005497  0.005490  0.005546  0.005476  0.005376  0.005144  0.005015  0.004843  0.005010  0.004894  0.004435  0.004333  0.004095  0.003809  0.003641  0.003512  0.003515  0.003434  0.003197  0.003040  0.003034  0.003058  0.002870  0.002744  0.002525  0.002286  0.002182  0.002108  0.002069
C01-07  0.042901  0.043123  0.042151  0.041698  0.042078  0.041421  0.040766  0.040489  0.040058  0.039451  0.038059  0.036765  0.036311  0.035829  0.035583  0.035622  0.035090  0.034426  0.033158  0.032361  0.031367  0.031936  0.031202  0.028888  0.028220  0.026923  0.025403  0.024428  0.023637  0.023459  0.022894  0.021596  0.020675  0.020463  0.020398  0.019329  0.018554  0.017342  0.016029  0.015357  0.014830  0.014470
C01-09  0.039168  0.039247  0.038352  0.037883  0.038093  0.037459  0.036829  0.036508  0.036062  0.035474  0.034253  0.033113  0.032656  0.032178  0.031892  0.031837  0.031321  0.030702  0.029599  0.028877  0.027998  0.028376  0.027709  0.025781  0.025172  0.024064  0.022780  0.021935  0.021238  0.021031  0.020518  0.019426  0.018636  0.018409  0.018300  0.017400  0.016734  0.015727  0.014644  0.014069  0.013609  0.013282
C01-10  0.015584  0.015682  0.015286  0.015105  0.015265  0.015000  0.014737  0.014628  0.014456  0.014215  0.013665  0.013158  0.012984  0.012799  0.012706  0.012723  0.012519  0.012267  0.011789  0.011493  0.011125  0.011338  0.011069  0.010227  0.009991  0.009532  0.008998  0.008665  0.008400  0.008352  0.008170  0.007740  0.007444  0.007391  0.007386  0.007051  0.006817  0.006445  0.006048  0.005862  0.005726  0.005644
C01-13  0.004867  0.004792  0.004526  0.004347  0.004299  0.004092  0.003891  0.003748  0.003585  0.003402  0.003118  0.002856  0.002710  0.002564  0.002451  0.002372  0.002229  0.002076  0.001865  0.001712  0.001546  0.001533  0.001401  0.001142  0.001035  0.000886  0.000732  0.000629  0.000547  0.000508  0.000451  0.000364  0.000307  0.000287  0.000275  0.000235  0.000214  0.000193  0.000185  0.000197  0.000218  0.000235
C01-17  0.002951  0.002889  0.002733  0.002621  0.002574  0.002449  0.002328  0.002236  0.002135  0.002024  0.001864  0.001715  0.001625  0.001535  0.001462  0.001407  0.001321  0.001230  0.001110  0.001019  0.000923  0.000906  0.000828  0.000684  0.000619  0.000532  0.000443  0.000380  0.000329  0.000302  0.000266  0.000212  0.000175  0.000159  0.000149  0.000121  0.000104  0.000086  0.000073  0.000075  0.000082  0.000093
C02-02  0.037310  0.037369  0.036461  0.035976  0.036166  0.035520  0.034877  0.034541  0.034082  0.033484  0.032262  0.031122  0.030656  0.030169  0.029872  0.029802  0.029281  0.028658  0.027563  0.026843  0.025971  0.026327  0.025663  0.023774  0.023171  0.022084  0.020830  0.020003  0.019322  0.019115  0.018614  0.017556  0.016791  0.016570  0.016461  0.015595  0.014956  0.013993  0.012961  0.012414  0.011979  0.011672
C02-04  0.088366  0.089004  0.087201  0.086458  0.087396  0.086234  0.085079  0.084681  0.083973  0.082915  0.080313  0.077917  0.077179  0.076385  0.076051  0.076264  0.075370  0.074227  0.071940  0.070560  0.068814  0.070013  0.068761  0.064587  0.063487  0.061239  0.058602  0.056982  0.055705  0.055540  0.054682  0.052532  0.051066  0.050858  0.050902  0.049210  0.048041  0.046139  0.044091  0.043147  0.042456  0.042050
C02-05  0.002762  0.002808  0.002758  0.002750  0.002809  0.002784  0.002758  0.002763  0.002756  0.002733  0.002644  0.002563  0.002551  0.002536  0.002542  0.002571  0.002552  0.002520  0.002435  0.002390  0.002327  0.002402  0.002361  0.002177  0.002140  0.002044  0.001927  0.001858  0.001805  0.001809  0.001776  0.001673  0.001604  0.001602  0.001614  0.001528  0.001470  0.001367  0.001252  0.001200  0.001162  0.001139
C02-06  0.039004  0.038769  0.037285  0.036360  0.036291  0.035171  0.034070  0.033355  0.032498  0.031483  0.029745  0.028134  0.027326  0.026506  0.025908  0.025568  0.024734  0.023804  0.022390  0.021399  0.020272  0.020410  0.019522  0.017459  0.016692  0.015489  0.014169  0.013280  0.012550  0.012253  0.011716  0.010740  0.010041  0.009798  0.009649  0.008948  0.008447  0.007752  0.007056  0.006723  0.006488  0.006351
C02-08  0.000449  0.000459  0.000449  0.000448  0.000461  0.000456  0.000451  0.000453  0.000452  0.000448  0.000430  0.000414  0.000412  0.000409  0.000411  0.000418  0.000414  0.000408  0.000391  0.000382  0.000369  0.000386  0.000378  0.000340  0.000332  0.000313  0.000289  0.000275  0.000264  0.000265  0.000259  0.000237  0.000223  0.000223  0.000226  0.000208  0.000196  0.000175  0.000151  0.000140  0.000132  0.000128
C03-04  0.005662  0.005667  0.005461  0.005348  0.005380  0.005232  0.005086  0.005005  0.004899  0.004764  0.004502  0.004259  0.004156  0.004049  0.003981  0.003957  0.003845  0.003714  0.003493  0.003347  0.003173  0.003232  0.003100  0.002745  0.002630  0.002429  0.002202  0.002055  0.001936  0.001900  0.001815  0.001639  0.001515  0.001482  0.001467  0.001334  0.001239  0.001098  0.000951  0.000880  0.000828  0.000797
C04-02  0.009711  0.009799  0.009545  0.009439  0.009573  0.009408  0.009244  0.009188  0.009087  0.008936  0.008557  0.008206  0.008098  0.007980  0.007931  0.007964  0.007832  0.007661  0.007314  0.007104  0.006835  0.007021  0.006827  0.006174  0.005998  0.005639  0.005214  0.004948  0.004734  0.004699  0.004551  0.004188  0.003934  0.003888  0.003884  0.003586  0.003373  0.003031  0.002659  0.002474  0.002332  0.002238
C05-02  0.163495  0.163625  0.159943  0.157932  0.158580  0.155931  0.153299  0.151877  0.149971  0.147517  0.142597  0.138001  0.136069  0.134054  0.132791  0.132427  0.130279  0.127731  0.123312  0.120377  0.116839  0.118167  0.115456  0.107881  0.105410  0.101016  0.095953  0.092589  0.089802  0.088901  0.086829  0.082543  0.079418  0.078461  0.077952  0.074426  0.071802  0.067882  0.063683  0.061424  0.059611  0.058308
C14-03  0.005506  0.005345  0.005042  0.004808  0.004676  0.004428  0.004187  0.003994  0.003788  0.003570  0.003280  0.003010  0.002830  0.002653  0.002503  0.002382  0.002217  0.002047  0.001838  0.001675  0.001506  0.001453  0.001315  0.001087  0.000974  0.000833  0.000693  0.000594  0.000513  0.000467  0.000410  0.000336  0.000287  0.000268  0.000258  0.000231  0.000222  0.000217  0.000225  0.000250  0.000285  0.000287
C14-04  0.006187  0.006056  0.005775  0.005566  0.005463  0.005234  0.005011  0.004837  0.004649  0.004444  0.004154  0.003883  0.003712  0.003541  0.003400  0.003293  0.003129  0.002956  0.002729  0.002554  0.002367  0.002332  0.002178  0.001890  0.001757  0.001576  0.001385  0.001247  0.001130  0.001066  0.000978  0.000842  0.000742  0.000696  0.000663  0.000572  0.000506  0.000423  0.000343  0.000306  0.000283  0.000273
C14-10  0.078971  0.079318  0.076766  0.075482  0.076215  0.074443  0.072684  0.071840  0.070628  0.069000  0.065505  0.062257  0.061022  0.059723  0.058991  0.058936  0.057533  0.055827  0.052712  0.050715  0.048264  0.049471  0.047641  0.042159  0.040511  0.037421  0.033832  0.031517  0.029635  0.029164  0.027815  0.024814  0.022682  0.022166  0.021982  0.019553  0.017796  0.015077  0.012154  0.010672  0.009522  0.008749
C14-11  0.030402  0.030263  0.029196  0.028543  0.028536  0.027737  0.026949  0.026455  0.025851  0.025124  0.023831  0.022627  0.022048  0.021455  0.021040  0.020830  0.020224  0.019536  0.018444  0.017692  0.016819  0.017003  0.016323  0.014625  0.014024  0.013034  0.011923  0.011178  0.010564  0.010339  0.009887  0.009011  0.008379  0.008177  0.008064  0.007392  0.006904  0.006193  0.005453  0.005079  0.004796  0.004613
C14-12  0.002222  0.002206  0.002108  0.002046  0.002042  0.001968  0.001895  0.001848  0.001792  0.001725  0.001611  0.001505  0.001452  0.001399  0.001361  0.001340  0.001286  0.001226  0.001134  0.001070  0.000997  0.001009  0.000952  0.000817  0.000769  0.000691  0.000606  0.000550  0.000504  0.000488  0.000455  0.000393  0.000350  0.000338  0.000332  0.000288  0.000259  0.000216  0.000174  0.000156  0.000144  0.000140
C14-15  0.017312  0.016969  0.016160  0.015570  0.015308  0.014659  0.014026  0.013544  0.013017  0.012440  0.011610  0.010837  0.010364  0.009894  0.009511  0.009226  0.008775  0.008300  0.007670  0.007196  0.006687  0.006606  0.006195  0.005418  0.005072  0.004601  0.004110  0.003766  0.003484  0.003340  0.003135  0.002821  0.002600  0.002514  0.002460  0.002279  0.002164  0.002022  0.001901  0.001876  0.001886  0.001928
C14-17  0.059980  0.058123  0.054872  0.052315  0.050768  0.048087  0.045482  0.043351  0.041116  0.038766  0.035726  0.032897  0.030951  0.029046  0.027412  0.026068  0.024306  0.022516  0.020365  0.018664  0.016922  0.016280  0.014855  0.012621  0.011466  0.010084  0.008731  0.007763  0.006980  0.006517  0.005987  0.005339  0.004926  0.004773  0.004705  0.004565  0.004582  0.004692  0.004926  0.004926  0.004926  0.004926
C14-18  0.002190  0.002169  0.002068  0.002003  0.001994  0.001917  0.001841  0.001791  0.001732  0.001663  0.001549  0.001443  0.001389  0.001335  0.001294  0.001270  0.001215  0.001155  0.001066  0.001004  0.000934  0.000940  0.000886  0.000762  0.000716  0.000646  0.000570  0.000519  0.000479  0.000464  0.000436  0.000384  0.000349  0.000339  0.000335  0.000302  0.000281  0.000252  0.000224  0.000216  0.000212  0.000215
C32-02  0.009430  0.009303  0.008795  0.008461  0.008387  0.007998  0.007619  0.007356  0.007054  0.006710  0.006166  0.005666  0.005396  0.005126  0.004919  0.004783  0.004518  0.004232  0.003831  0.003545  0.003232  0.003227  0.002981  0.002479  0.002281  0.001999  0.001706  0.001515  0.001366  0.001304  0.001205  0.001043  0.000940  0.000915  0.000907  0.000837  0.000806  0.000773  0.000762  0.000796  0.000848  0.000914
C32-03  0.005294  0.005268  0.005057  0.004928  0.004928  0.004771  0.004616  0.004519  0.004401  0.004259  0.004009  0.003777  0.003666  0.003553  0.003474  0.003434  0.003319  0.003189  0.002985  0.002846  0.002685  0.002718  0.002594  0.002288  0.002181  0.002007  0.001813  0.001686  0.001583  0.001548  0.001474  0.001331  0.001231  0.001203  0.001190  0.001088  0.001018  0.000914  0.000810  0.000764  0.000733  0.000719
C32-16  0.003890  0.003818  0.003578  0.003416  0.003368  0.003182  0.003002  0.002872  0.002726  0.002563  0.002317  0.002092  0.001964  0.001837  0.001737  0.001665  0.001542  0.001412  0.001239  0.001113  0.000980  0.000961  0.000855  0.000661  0.000579  0.000471  0.000365  0.000297  0.000244  0.000220  0.000187  0.000145  0.000122  0.000118  0.000119  0.000119  0.000122  0.000122  0.000122  0.000122  0.000122  0.000122
C33-04  0.002431  0.002418  0.002321  0.002262  0.002261  0.002189  0.002118  0.002074  0.002019  0.001954  0.001839  0.001733  0.001681  0.001629  0.001592  0.001573  0.001520  0.001460  0.001366  0.001301  0.001226  0.001241  0.001183  0.001041  0.000991  0.000909  0.000817  0.000757  0.000708  0.000691  0.000655  0.000587  0.000538  0.000524  0.000517  0.000467  0.000432  0.000380  0.000328  0.000304  0.000287  0.000278
C33-08  0.030475  0.030070  0.028971  0.028191  0.027902  0.027024  0.026162  0.025526  0.024814  0.024018  0.022809  0.021676  0.021011  0.020345  0.019814  0.019440  0.018783  0.018073  0.017078  0.016338  0.015520  0.015469  0.014803  0.013421  0.012831  0.011974  0.011043  0.010380  0.009817  0.009534  0.009100  0.008384  0.007846  0.007610  0.007442  0.006904  0.006501  0.005960  0.005412  0.005117  0.004891  0.004738
C33-15  0.020734  0.020042  0.018743  0.017743  0.017173  0.016115  0.015088  0.014261  0.013388  0.012467  0.011260  0.010145  0.009395  0.008661  0.008036  0.007525  0.006849  0.006163  0.005345  0.004704  0.004055  0.003809  0.003283  0.002491  0.002083  0.001613  0.001174  0.000872  0.000640  0.000503  0.000364  0.000231  0.000173  0.000171  0.000173  0.000173  0.000173  0.000173  0.000173  0.000173  0.000173  0.000173
C34-01  0.009652  0.009643  0.009304  0.009112  0.009147  0.008901  0.008658  0.008518  0.008339  0.008115  0.007689  0.007294  0.007120  0.006941  0.006824  0.006780  0.006593  0.006377  0.006015  0.005774  0.005489  0.005581  0.005363  0.004780  0.004589  0.004257  0.003880  0.003634  0.003434  0.003373  0.003229  0.002932  0.002722  0.002665  0.002641  0.002413  0.002251  0.002007  0.001751  0.001627  0.001534  0.001477
C35-05  0.002808  0.002783  0.002674  0.002603  0.002590  0.002507  0.002425  0.002369  0.002304  0.002228  0.002103  0.001986  0.001924  0.001862  0.001816  0.001787  0.001725  0.001655  0.001551  0.001477  0.001393  0.001401  0.001334  0.001180  0.001121  0.001030  0.000928  0.000859  0.000801  0.000777  0.000734  0.000655  0.000598  0.000577  0.000564  0.000505  0.000462  0.000401  0.000339  0.000307  0.000283  0.000268
C42-02  0.005687  0.005805  0.005671  0.005646  0.005795  0.005725  0.005656  0.005664  0.005640  0.005578  0.005353  0.005148  0.005116  0.005078  0.005089  0.005157  0.005106  0.005028  0.004826  0.004719  0.004572  0.004744  0.004649  0.004232  0.004149  0.003939  0.003683  0.003538  0.003430  0.003445  0.003381  0.003170  0.003034  0.003040  0.003074  0.002908  0.002800  0.002605  0.002390  0.002302  0.002242  0.002215
C42-03  0.002358  0.002474  0.002378  0.002373  0.002508  0.002464  0.002420  0.002438  0.002428  0.002389  0.002225  0.002078  0.002064  0.002044  0.002060  0.002116  0.002085  0.002034  0.001897  0.001829  0.001734  0.001854  0.001793  0.001525  0.001478  0.001351  0.001199  0.001120  0.001064  0.001082  0.001054  0.000943  0.000878  0.000892  0.000919  0.000842  0.000798  0.000713  0.000624  0.000597  0.000586  0.000589
C43-04  0.015389  0.015397  0.014939  0.014687  0.014757  0.014428  0.014104  0.013925  0.013690  0.013391  0.012803  0.012257  0.012027  0.011788  0.011637  0.011590  0.011339  0.011044  0.010539  0.010206  0.009808  0.009956  0.009654  0.008820  0.008553  0.008080  0.007541  0.007189  0.006904  0.006822  0.006617  0.006184  0.005878  0.005799  0.005766  0.005429  0.005188  0.004823  0.004436  0.004247  0.004104  0.004013
C43-05  0.003075  0.003074  0.002897  0.002797  0.002814  0.002687  0.002562  0.002488  0.002395  0.002282  0.002077  0.001892  0.001809  0.001723  0.001664  0.001634  0.001547  0.001449  0.001301  0.001201  0.001090  0.001106  0.001021  0.000830  0.000764  0.000664  0.000561  0.000499  0.000452  0.000438  0.000409  0.000360  0.000332  0.000329  0.000331  0.000317  0.000316  0.000319  0.000332  0.000332  0.000332  0.000332
C43-09  0.013501  0.013371  0.012684  0.012249  0.012192  0.011674  0.011169  0.010832  0.010436  0.009977  0.009222  0.008530  0.008174  0.007816  0.007550  0.007386  0.007030  0.006643  0.006081  0.005687  0.005252  0.005274  0.004934  0.004205  0.003932  0.003527  0.003103  0.002830  0.002617  0.002538  0.002396  0.002152  0.001998  0.001964  0.001955  0.001840  0.001783  0.001714  0.001674  0.001706  0.001766  0.001848
C44-02  0.031847  0.031723  0.030577  0.029887  0.029904  0.029054  0.028217  0.027700  0.027064  0.026296  0.024919  0.023643  0.023041  0.022425  0.021998  0.021790  0.021161  0.020447  0.019312  0.018537  0.017639  0.017843  0.017150  0.015412  0.014811  0.013816  0.012706  0.011974  0.011379  0.011177  0.010750  0.009909  0.009316  0.009147  0.009067  0.008450  0.008016  0.007379  0.006725  0.006422  0.006209  0.006092
C45-03  0.014015  0.013990  0.013490  0.013201  0.013238  0.012873  0.012514  0.012302  0.012034  0.011705  0.011095  0.010533  0.010278  0.010017  0.009841  0.009765  0.009495  0.009186  0.008687  0.008351  0.007959  0.008063  0.007763  0.006995  0.006736  0.006302  0.005818  0.005503  0.005249  0.005169  0.004988  0.004627  0.004375  0.004309  0.004280  0.004019  0.003838  0.003571  0.003299  0.003178  0.003095  0.003052
C45-05  0.004963  0.004904  0.004645  0.004477  0.004445  0.004247  0.004053  0.003921  0.003768  0.003591  0.003308  0.003048  0.002909  0.002769  0.002663  0.002593  0.002455  0.002305  0.002092  0.001939  0.001772  0.001771  0.001638  0.001363  0.001254  0.001097  0.000933  0.000824  0.000736  0.000699  0.000638  0.000538  0.000472  0.000451  0.000439  0.000386  0.000355  0.000318  0.000292  0.000293  0.000305  0.000325
C46-02  0.001646  0.001644  0.001578  0.001541  0.001547  0.001500  0.001453  0.001426  0.001391  0.001348  0.001267  0.001192  0.001158  0.001124  0.001101  0.001092  0.001056  0.001015  0.000947  0.000902  0.000848  0.000864  0.000823  0.000715  0.000680  0.000619  0.000550  0.000505  0.000469  0.000457  0.000431  0.000378  0.000341  0.000330  0.000326  0.000286  0.000258  0.000216  0.000172  0.000152  0.000137  0.000128
C46-03  0.004734  0.004689  0.004441  0.004284  0.004265  0.004078  0.003895  0.003773  0.003629  0.003463  0.003187  0.002935  0.002804  0.002673  0.002575  0.002514  0.002383  0.002240  0.002032  0.001885  0.001723  0.001729  0.001602  0.001330  0.001226  0.001072  0.000911  0.000805  0.000721  0.000687  0.000629  0.000531  0.000467  0.000448  0.000438  0.000386  0.000356  0.000320  0.000293  0.000295  0.000306  0.000326
C51-02  0.016839  0.016717  0.016087  0.015685  0.015636  0.015156  0.014685  0.014373  0.014004  0.013570  0.012836  0.012155  0.011807  0.011454  0.011195  0.011045  0.010688  0.010292  0.009691  0.009268  0.008788  0.008845  0.008466  0.007583  0.007254  0.006736  0.006165  0.005780  0.005462  0.005333  0.005099  0.004670  0.004361  0.004256  0.004193  0.003879  0.003654  0.003337  0.003016  0.002861  0.002750  0.002684
C51-04  0.004964  0.004956  0.004769  0.004661  0.004677  0.004540  0.004405  0.004326  0.004226  0.004102  0.003870  0.003655  0.003559  0.003460  0.003394  0.003367  0.003264  0.003146  0.002953  0.002823  0.002670  0.002714  0.002597  0.002293  0.002191  0.002018  0.001824  0.001697  0.001594  0.001561  0.001487  0.001338  0.001232  0.001204  0.001191  0.001079  0.001000  0.000883  0.000762  0.000705  0.000664  0.000640
C53-02  0.003954  0.003967  0.003791  0.003699  0.003734  0.003611  0.003490  0.003426  0.003340  0.003230  0.003012  0.002813  0.002732  0.002648  0.002597  0.002582  0.002494  0.002391  0.002218  0.002106  0.001974  0.002024  0.001925  0.001659  0.001578  0.001434  0.001275  0.001177  0.001100  0.001084  0.001033  0.000923  0.000851  0.000840  0.000841  0.000769  0.000724  0.000654  0.000585  0.000563  0.000554  0.000556
C82-01  0.006740  0.006724  0.006456  0.006270  0.006318  0.006047  0.005819  0.005627  0.005466  0.005300  0.005040  0.004732  0.004556  0.004409  0.004283  0.004215  0.004072  0.003911  0.003638  0.003469  0.003278  0.003317  0.003161  0.002763  0.002639  0.002419  0.002171  0.002004  0.001881  0.001814  0.001731  0.001550  0.001421  0.001357  0.001382  0.001260  0.001187  0.001051  0.000914  0.000817  0.000774  0.000770
C82-03  0.003830  0.003774  0.003624  0.003506  0.003478  0.003330  0.003199  0.003083  0.002979  0.002874  0.002734  0.002575  0.002469  0.002374  0.002289  0.002227  0.002137  0.002041  0.001901  0.001802  0.001695  0.001683  0.001591  0.001402  0.001325  0.001208  0.001080  0.000986  0.000911  0.000860  0.000803  0.000704  0.000627  0.000579  0.000572  0.000499  0.000448  0.000369  0.000287  0.000224  0.000186  0.000168
C83-04  0.001671  0.001738  0.001642  0.001596  0.001694  0.001591  0.001514  0.001457  0.001418  0.001373  0.001272  0.001143  0.001090  0.001052  0.001023  0.001025  0.000983  0.000931  0.000821  0.000764  0.000696  0.000738  0.000685  0.000522  0.000486  0.000409  0.000324  0.000274  0.000244  0.000234  0.000217  0.000171  0.000144  0.000137  0.000152  0.000132  0.000126  0.000114  0.000111  0.000120  0.000132  0.000132
C83-05  0.003647  0.003671  0.003567  0.003503  0.003560  0.003451  0.003362  0.003292  0.003237  0.003178  0.003066  0.002926  0.002856  0.002802  0.002758  0.002748  0.002693  0.002626  0.002489  0.002412  0.002320  0.002371  0.002298  0.002063  0.002003  0.001876  0.001725  0.001624  0.001552  0.001518  0.001470  0.001343  0.001251  0.001208  0.001236  0.001138  0.001077  0.000954  0.000820  0.000715  0.000657  0.000634
C83-07  0.009169  0.008941  0.008500  0.008136  0.007977  0.007552  0.007169  0.006822  0.006507  0.006193  0.005808  0.005391  0.005087  0.004814  0.004562  0.004362  0.004108  0.003846  0.003504  0.003249  0.002985  0.002899  0.002672  0.002277  0.002089  0.001841  0.001583  0.001389  0.001234  0.001123  0.001007  0.000838  0.000711  0.000631  0.000609  0.000510  0.000447  0.000363  0.000291  0.000251  0.000245  0.000262
C83-08  0.011673  0.011475  0.010835  0.010346  0.010265  0.009640  0.009094  0.008618  0.008198  0.007774  0.007207  0.006575  0.006160  0.005798  0.005472  0.005238  0.004898  0.004539  0.004032  0.003682  0.003313  0.003252  0.002942  0.002352  0.002112  0.001774  0.001426  0.001184  0.001003  0.000886  0.000764  0.000577  0.000452  0.000389  0.000387  0.000315  0.000286  0.000262  0.000273  0.000315  0.000315  0.000315
C83-11  0.011547  0.011337  0.010689  0.010192  0.010097  0.009466  0.008914  0.008430  0.008003  0.007573  0.007004  0.006373  0.005954  0.005588  0.005258  0.005016  0.004674  0.004314  0.003814  0.003466  0.003101  0.003028  0.002722  0.002157  0.001921  0.001597  0.001269  0.001041  0.000870  0.000759  0.000645  0.000480  0.000374  0.000322  0.000316  0.000267  0.000255  0.000262  0.000267  0.000267  0.000267  0.000267
C83-12  1.017280  1.010003  0.991479  0.976671  0.972706  0.954121  0.937456  0.922523  0.909063  0.895349  0.877046  0.856251  0.841925  0.829087  0.817301  0.808632  0.796087  0.782554  0.762750  0.748533  0.732976  0.730612  0.717014  0.688812  0.676638  0.658394  0.638046  0.622399  0.609464  0.600161  0.589685  0.571990  0.557601  0.547796  0.544841  0.530162  0.519069  0.502222  0.484396  0.469404  0.458857  0.451760
C83-15  0.002461  0.002409  0.002253  0.002133  0.002108  0.001958  0.001827  0.001714  0.001613  0.001513  0.001382  0.001238  0.001143  0.001061  0.000988  0.000935  0.000861  0.000783  0.000677  0.000604  0.000530  0.000517  0.000457  0.000346  0.000304  0.000246  0.000191  0.000156  0.000135  0.000125  0.000117  0.000104  0.000104  0.000113  0.000125  0.000125  0.000125  0.000125  0.000125  0.000125  0.000125  0.000125
C84-02  0.004835  0.004826  0.004624  0.004484  0.004523  0.004319  0.004147  0.004004  0.003883  0.003758  0.003562  0.003330  0.003197  0.003087  0.002993  0.002943  0.002836  0.002715  0.002509  0.002381  0.002238  0.002269  0.002151  0.001851  0.001757  0.001591  0.001405  0.001278  0.001187  0.001137  0.001076  0.000939  0.000843  0.000795  0.000816  0.000724  0.000670  0.000568  0.000466  0.000394  0.000363  0.000361
C84-06  0.002204  0.002203  0.002092  0.002017  0.002043  0.001932  0.001840  0.001764  0.001701  0.001636  0.001533  0.001412  0.001345  0.001290  0.001243  0.001220  0.001167  0.001108  0.001006  0.000946  0.000878  0.000896  0.000842  0.000701  0.000662  0.000589  0.000509  0.000459  0.000425  0.000411  0.000392  0.000344  0.000315  0.000306  0.000323  0.000300  0.000292  0.000272  0.000255  0.000251  0.000262  0.000281
C84-09  0.060422  0.060654  0.059597  0.058947  0.059519  0.058410  0.057504  0.056781  0.056212  0.055599  0.054441  0.052976  0.052243  0.051668  0.051200  0.051083  0.050497  0.049780  0.048307  0.047475  0.046466  0.047008  0.046201  0.043630  0.042953  0.041530  0.039831  0.038677  0.037833  0.037412  0.036832  0.035349  0.034251  0.033696  0.033972  0.032780  0.032013  0.030505  0.028850  0.027525  0.026739  0.026370
C84-12  0.018669  0.018365  0.017018  0.016027  0.015971  0.014668  0.013553  0.012599  0.011774  0.010943  0.009814  0.008566  0.007784  0.007116  0.006524  0.006111  0.005499  0.004862  0.003982  0.003399  0.002806  0.002697  0.002218  0.001406  0.001097  0.000715  0.000389  0.000218  0.000136  0.000117  0.000117  0.000117  0.000117  0.000117  0.000117  0.000117  0.000117  0.000117  0.000117  0.000117  0.000117  0.000117
C84-14  0.024703  0.024551  0.023532  0.022798  0.022869  0.021852  0.020982  0.020241  0.019607  0.018956  0.017993  0.016874  0.016202  0.015632  0.015132  0.014830  0.014281  0.013676  0.012702  0.012078  0.011386  0.011451  0.010879  0.009532  0.009075  0.008316  0.007478  0.006901  0.006473  0.006227  0.005935  0.005343  0.004920  0.004704  0.004761  0.004378  0.004150  0.003748  0.003355  0.003091  0.002990  0.003001
C84-16  0.310128  0.308095  0.301291  0.296054  0.295385  0.288539  0.282499  0.277184  0.272482  0.267667  0.260927  0.253146  0.248067  0.243604  0.239574  0.236832  0.232472  0.227700  0.220334  0.215278  0.209671  0.209486  0.204676  0.193886  0.189669  0.182975  0.175434  0.169816  0.165303  0.162262  0.158744  0.152319  0.147235  0.143996  0.143497  0.138308  0.134557  0.128528  0.122128  0.116868  0.113373  0.111240
C84-17  0.009689  0.009478  0.009050  0.008699  0.008556  0.008141  0.007767  0.007430  0.007124  0.006818  0.006437  0.006020  0.005721  0.005452  0.005205  0.005012  0.004760  0.004498  0.004148  0.003890  0.003619  0.003542  0.003310  0.002887  0.002692  0.002425  0.002143  0.001931  0.001761  0.001639  0.001511  0.001312  0.001160  0.001064  0.001038  0.000909  0.000822  0.000698  0.000581  0.000500  0.000462  0.000456
C84-20  0.083724  0.084092  0.082401  0.081358  0.082273  0.080493  0.079037  0.077872  0.076954  0.075963  0.074091  0.071719  0.070527  0.069589  0.068823  0.068626  0.067667  0.066493  0.064083  0.062713  0.061053  0.061929  0.060595  0.056359  0.055230  0.052867  0.050044  0.048114  0.046690  0.045965  0.044974  0.042480  0.040617  0.039657  0.040084  0.038053  0.036728  0.034157  0.031327  0.029045  0.027665  0.026987
C84-27  0.001842  0.001827  0.001709  0.001626  0.001636  0.001520  0.001423  0.001341  0.001271  0.001200  0.001097  0.000980  0.000911  0.000853  0.000802  0.000771  0.000717  0.000659  0.000570  0.000514  0.000455  0.000456  0.000408  0.000309  0.000276  0.000227  0.000179  0.000150  0.000133  0.000127  0.000121  0.000109  0.000107  0.000114  0.000125  0.000127  0.000127  0.000127  0.000127  0.000127  0.000127  0.000127
C85-03  0.000980  0.001008  0.000952  0.000923  0.000968  0.000910  0.000865  0.000832  0.000807  0.000780  0.000725  0.000655  0.000625  0.000603  0.000586  0.000585  0.000562  0.000534  0.000476  0.000447  0.000411  0.000434  0.000407  0.000323  0.000305  0.000267  0.000224  0.000200  0.000186  0.000184  0.000179  0.000157  0.000147  0.000147  0.000160  0.000154  0.000155  0.000153  0.000156  0.000166  0.000180  0.000184
C85-06  0.071909  0.072174  0.070113  0.068796  0.069653  0.067532  0.065786  0.064373  0.063237  0.062033  0.059913  0.057301  0.055944  0.054861  0.053964  0.053644  0.052566  0.051287  0.048823  0.047402  0.045726  0.046466  0.045123  0.041132  0.040051  0.037879  0.035345  0.033651  0.032432  0.031837  0.031029  0.028992  0.027525  0.026826  0.027247  0.025732  0.024806  0.022965  0.020993  0.019491  0.018693  0.018424
C85-08  0.014629  0.014765  0.014351  0.014110  0.014382  0.013948  0.013602  0.013333  0.013127  0.012905  0.012464  0.011905  0.011642  0.011442  0.011284  0.011261  0.011057  0.010805  0.010271  0.009983  0.009632  0.009850  0.009575  0.008674  0.008458  0.007983  0.007422  0.007057  0.006803  0.006694  0.006534  0.006083  0.005765  0.005626  0.005749  0.005415  0.005218  0.004805  0.004360  0.004024  0.003852  0.003802
C85-09  0.013341  0.013498  0.013054  0.012801  0.013100  0.012638  0.012271  0.011987  0.011773  0.011540  0.011077  0.010492  0.010220  0.010015  0.009854  0.009834  0.009626  0.009368  0.008824  0.008532  0.008180  0.008404  0.008130  0.007231  0.007022  0.006559  0.006014  0.005668  0.005433  0.005341  0.005200  0.004784  0.004499  0.004386  0.004517  0.004226  0.004065  0.003712  0.003339  0.003070  0.002951  0.002941
C85-10  0.003253  0.003269  0.003150  0.003075  0.003124  0.003003  0.002903  0.002822  0.002757  0.002689  0.002568  0.002421  0.002344  0.002283  0.002233  0.002215  0.002154  0.002083  0.001947  0.001868  0.001776  0.001816  0.001743  0.001527  0.001469  0.001354  0.001220  0.001131  0.001068  0.001039  0.000998  0.000895  0.000822  0.000788  0.000812  0.000738  0.000695  0.000607  0.000515  0.000447  0.000415  0.000407
C85-11  0.011531  0.011593  0.011131  0.010837  0.011019  0.010547  0.010159  0.009845  0.009590  0.009321  0.008863  0.008309  0.008016  0.007780  0.007582  0.007497  0.007263  0.006991  0.006499  0.006209  0.005876  0.005982  0.005712  0.004987  0.004778  0.004390  0.003955  0.003668  0.003464  0.003361  0.003228  0.002922  0.002710  0.002612  0.002663  0.002466  0.002352  0.002141  0.001934  0.001798  0.001748  0.001755
C85-12  0.009190  0.009189  0.008689  0.008349  0.008457  0.007953  0.007530  0.007178  0.006882  0.006575  0.006103  0.005552  0.005235  0.004970  0.004738  0.004601  0.004341  0.004053  0.003595  0.003304  0.002986  0.002999  0.002733  0.002154  0.001951  0.001637  0.001306  0.001083  0.000922  0.000823  0.000713  0.000528  0.000404  0.000340  0.000332  0.000248  0.000203  0.000161  0.000153  0.000161  0.000161  0.000161
C93-02  0.003987  0.003882  0.003684  0.003520  0.003445  0.003254  0.003082  0.002926  0.002784  0.002643  0.002471  0.002285  0.002150  0.002027  0.001914  0.001823  0.001710  0.001593  0.001443  0.001330  0.001214  0.001173  0.001073  0.000903  0.000821  0.000714  0.000604  0.000521  0.000454  0.000406  0.000357  0.000287  0.000235  0.000202  0.000193  0.000154  0.000130  0.000100  0.000075  0.000064  0.000067  0.000079
C93-04  0.337682  0.339394  0.332346  0.328055  0.332093  0.324664  0.318608  0.313793  0.310025  0.305948  0.298113  0.288149  0.283211  0.279348  0.276221  0.275514  0.271562  0.266689  0.256548  0.250838  0.243888  0.247750  0.242188  0.224249  0.219555  0.209596  0.197668  0.189551  0.183590  0.180611  0.176493  0.165956  0.158111  0.154120  0.156049  0.147480  0.141925  0.131039  0.119046  0.109390  0.103585  0.100780
C93-07  0.007384  0.007319  0.007022  0.006803  0.006800  0.006505  0.006249  0.006028  0.005837  0.005642  0.005360  0.005035  0.004834  0.004660  0.004506  0.004408  0.004241  0.004058  0.003770  0.003581  0.003372  0.003381  0.003206  0.002803  0.002660  0.002425  0.002165  0.001982  0.001842  0.001756  0.001657  0.001461  0.001317  0.001237  0.001246  0.001109  0.001021  0.000871  0.000719  0.000606  0.000549  0.000531
C93-08  0.006392  0.006285  0.005959  0.005709  0.005660  0.005342  0.005064  0.004820  0.004604  0.004386  0.004096  0.003773  0.003559  0.003371  0.003202  0.003081  0.002905  0.002719  0.002455  0.002272  0.002079  0.002049  0.001886  0.001570  0.001441  0.001258  0.001066  0.000930  0.000828  0.000762  0.000691  0.000577  0.000498  0.000455  0.000454  0.000399  0.000370  0.000332  0.000307  0.000307  0.000329  0.000364
C93-09  0.091259  0.091297  0.089093  0.087601  0.088242  0.085960  0.084035  0.082433  0.081103  0.079700  0.077354  0.074478  0.072881  0.071561  0.070432  0.069915  0.068590  0.067040  0.064183  0.062441  0.060399  0.061049  0.059364  0.054628  0.053180  0.050443  0.047234  0.044974  0.043254  0.042270  0.041015  0.038207  0.036065  0.034869  0.035111  0.032822  0.031271  0.028450  0.025380  0.022884  0.021321  0.020482
C95-01  0.027704  0.027470  0.026545  0.025849  0.025807  0.024882  0.024076  0.023375  0.022762  0.022136  0.021244  0.020213  0.019560  0.018995  0.018490  0.018161  0.017615  0.017016  0.016077  0.015450  0.014756  0.014771  0.014186  0.012841  0.012346  0.011545  0.010647  0.009998  0.009494  0.009174  0.008801  0.008085  0.007539  0.007218  0.007218  0.006681  0.006317  0.005706  0.005068  0.004570  0.004275  0.004132
C95-03  0.015673  0.015241  0.014209  0.013393  0.013136  0.012153  0.011289  0.010527  0.009849  0.009176  0.008330  0.007416  0.006791  0.006243  0.005750  0.005377  0.004886  0.004386  0.003731  0.003272  0.002809  0.002684  0.002310  0.001684  0.001424  0.001099  0.000799  0.000616  0.000505  0.000457  0.000426  0.000406  0.000451  0.000457  0.000457  0.000457  0.000457  0.000457  0.000457  0.000457  0.000457  0.000457
E02-05  0.005381  0.005322  0.005077  0.004883  0.004869  0.004619  0.004402  0.004187  0.004023  0.003860  0.003646  0.003381  0.003183  0.003049  0.002901  0.002810  0.002688  0.002556  0.002321  0.002196  0.002073  0.002069  0.001947  0.001649  0.001558  0.001397  0.001218  0.001093  0.001000  0.000917  0.000855  0.000724  0.000626  0.000579  0.000574  0.000489  0.000442  0.000361  0.000282  0.000235  0.000217  0.000221
E02-06  0.004693  0.004602  0.004334  0.004117  0.004068  0.003802  0.003568  0.003339  0.003157  0.002979  0.002758  0.002497  0.002296  0.002152  0.001998  0.001893  0.001764  0.001628  0.001418  0.001296  0.001177  0.001144  0.001030  0.000805  0.000721  0.000599  0.000473  0.000385  0.000321  0.000266  0.000226  0.000162  0.000122  0.000105  0.000104  0.000090  0.000092  0.000102  0.000104  0.000104  0.000104  0.000104
E03-04  0.031597  0.031605  0.030735  0.030092  0.030305  0.029378  0.028595  0.027810  0.027260  0.026708  0.025879  0.024773  0.023987  0.023521  0.022974  0.022722  0.022290  0.021787  0.020686  0.020186  0.019683  0.019877  0.019360  0.017725  0.017335  0.016481  0.015464  0.014764  0.014253  0.013779  0.013436  0.012546  0.011857  0.011526  0.011521  0.010810  0.010375  0.009573  0.008697  0.008051  0.007643  0.007436
E03-05  0.019034  0.018727  0.017646  0.016780  0.016646  0.015560  0.014613  0.013685  0.012959  0.012244  0.011339  0.010259  0.009440  0.008860  0.008239  0.007822  0.007299  0.006747  0.005871  0.005368  0.004880  0.004755  0.004281  0.003332  0.002983  0.002470  0.001942  0.001574  0.001300  0.001065  0.000888  0.000621  0.000447  0.000366  0.000339  0.000273  0.000267  0.000273  0.000273  0.000273  0.000273  0.000273
E04-01  0.008072  0.007923  0.007551  0.007242  0.007152  0.006781  0.006450  0.006126  0.005863  0.005604  0.005286  0.004912  0.004618  0.004402  0.004172  0.004011  0.003814  0.003608  0.003288  0.003095  0.002908  0.002857  0.002675  0.002300  0.002158  0.001944  0.001712  0.001543  0.001413  0.001294  0.001202  0.001042  0.000921  0.000854  0.000831  0.000734  0.000677  0.000595  0.000522  0.000483  0.000474  0.000488
E06-02  0.007242  0.007062  0.006666  0.006334  0.006211  0.005822  0.005474  0.005134  0.004854  0.004580  0.004253  0.003880  0.003582  0.003356  0.003120  0.002945  0.002743  0.002534  0.002233  0.002042  0.001859  0.001785  0.001610  0.001295  0.001161  0.000979  0.000792  0.000656  0.000551  0.000459  0.000387  0.000286  0.000214  0.000176  0.000161  0.000126  0.000114  0.000111  0.000126  0.000126  0.000126  0.000126
E15-04  0.002313  0.002298  0.002202  0.002127  0.002130  0.002031  0.001946  0.001862  0.001798  0.001736  0.001650  0.001542  0.001463  0.001411  0.001353  0.001320  0.001272  0.001219  0.001121  0.001071  0.001022  0.001025  0.000975  0.000846  0.000809  0.000740  0.000661  0.000607  0.000567  0.000530  0.000503  0.000444  0.000398  0.000377  0.000374  0.000333  0.000309  0.000267  0.000225  0.000198  0.000184  0.000181
E15-05  0.001315  0.001300  0.001242  0.001195  0.001190  0.001131  0.001079  0.001028  0.000989  0.000949  0.000898  0.000835  0.000788  0.000755  0.000719  0.000696  0.000666  0.000634  0.000577  0.000546  0.000516  0.000513  0.000483  0.000411  0.000388  0.000348  0.000303  0.000272  0.000248  0.000226  0.000209  0.000175  0.000149  0.000135  0.000132  0.000109  0.000095  0.000072  0.000049  0.000033  0.000025  0.000023
E20-02  0.004883  0.004794  0.004542  0.004335  0.004286  0.004034  0.003811  0.003593  0.003419  0.003248  0.003035  0.002784  0.002589  0.002448  0.002298  0.002195  0.002067  0.001934  0.001724  0.001601  0.001481  0.001449  0.001334  0.001098  0.001010  0.000879  0.000740  0.000641  0.000565  0.000499  0.000448  0.000364  0.000303  0.000272  0.000263  0.000223  0.000204  0.000181  0.000170  0.000176  0.000196  0.000223
E21-07  0.004551  0.004562  0.004367  0.004226  0.004280  0.004075  0.003903  0.003732  0.003615  0.003497  0.003321  0.003088  0.002925  0.002830  0.002720  0.002669  0.002583  0.002482  0.002268  0.002172  0.002077  0.002110  0.002013  0.001719  0.001650  0.001504  0.001334  0.001222  0.001144  0.001074  0.001026  0.000899  0.000807  0.000770  0.000777  0.000693  0.000649  0.000565  0.000480  0.000429  0.000408  0.000412
E21-08  0.003350  0.003358  0.003211  0.003104  0.003143  0.002989  0.002860  0.002732  0.002643  0.002554  0.002422  0.002249  0.002128  0.002057  0.001975  0.001936  0.001871  0.001796  0.001639  0.001569  0.001498  0.001520  0.001448  0.001238  0.001188  0.001084  0.000964  0.000886  0.000831  0.000782  0.000749  0.000664  0.000603  0.000578  0.000583  0.000530  0.000503  0.000453  0.000405  0.000379  0.000372  0.000381
E21-18  0.003054  0.003055  0.002905  0.002795  0.002827  0.002670  0.002538  0.002408  0.002316  0.002224  0.002091  0.001918  0.001797  0.001724  0.001639  0.001597  0.001530  0.001454  0.001302  0.001231  0.001160  0.001175  0.001103  0.000907  0.000857  0.000759  0.000649  0.000577  0.000526  0.000481  0.000450  0.000377  0.000326  0.000305  0.000308  0.000267  0.000248  0.000214  0.000185  0.000174  0.000179  0.000193
E22-03  1.506119  1.509019  1.489099  1.474885  1.483201  1.461228  1.442785  1.424039  1.411469  1.398678  1.377958  1.349056  1.328821  1.317462  1.303563  1.298139  1.287315  1.274194  1.242690  1.229042  1.215026  1.222638  1.207945  1.157048  1.145471  1.118427  1.085349  1.062177  1.044952  1.028595  1.016453  0.984626  0.959210  0.946193  0.944955  0.917194  0.899199  0.866469  0.829917  0.801416  0.781656  0.769628
E22-05  0.005929  0.005909  0.005723  0.005581  0.005600  0.005405  0.005238  0.005071  0.004949  0.004826  0.004653  0.004428  0.004264  0.004160  0.004041  0.003978  0.003881  0.003772  0.003553  0.003446  0.003338  0.003360  0.003251  0.002937  0.002853  0.002685  0.002488  0.002349  0.002246  0.002150  0.002078  0.001908  0.001776  0.001708  0.001699  0.001565  0.001481  0.001333  0.001173  0.001055  0.000979  0.000940
E22-06  0.011996  0.012050  0.011823  0.011666  0.011787  0.011532  0.011320  0.011102  0.010961  0.010817  0.010571  0.010221  0.009979  0.009848  0.009684  0.009628  0.009502  0.009346  0.008952  0.008786  0.008615  0.008724  0.008543  0.007887  0.007743  0.007395  0.006965  0.006663  0.006439  0.006225  0.006066  0.005643  0.005303  0.005128  0.005111  0.004735  0.004489  0.004041  0.003538  0.003142  0.002864  0.002691
E22-07  0.008963  0.008814  0.008487  0.008210  0.008112  0.007782  0.007485  0.007190  0.006947  0.006706  0.006411  0.006065  0.005786  0.005574  0.005349  0.005186  0.004990  0.004783  0.004460  0.004260  0.004062  0.004003  0.003809  0.003400  0.003237  0.002987  0.002710  0.002498  0.002325  0.002162  0.002027  0.001793  0.001601  0.001479  0.001420  0.001234  0.001103  0.000908  0.000706  0.000549  0.000438  0.000366
E22-09  0.008373  0.008199  0.007853  0.007556  0.007433  0.007089  0.006777  0.006470  0.006213  0.005960  0.005659  0.005311  0.005029  0.004811  0.004582  0.004410  0.004211  0.004002  0.003694  0.003497  0.003303  0.003232  0.003045  0.002677  0.002522  0.002297  0.002053  0.001866  0.001715  0.001574  0.001458  0.001268  0.001114  0.001017  0.000970  0.000831  0.000736  0.000600  0.000464  0.000366  0.000303  0.000270
E22-10  0.015451  0.015312  0.014767  0.014331  0.014293  0.013733  0.013241  0.012754  0.012377  0.012002  0.011506  0.010890  0.010422  0.010102  0.009748  0.009529  0.009233  0.008909  0.008328  0.008014  0.007702  0.007695  0.007383  0.006600  0.006353  0.005914  0.005414  0.005052  0.004774  0.004515  0.004315  0.003897  0.003568  0.003387  0.003339  0.003017  0.002809  0.002466  0.002103  0.001836  0.001665  0.001574
E22-11  0.037243  0.037102  0.035975  0.035106  0.035202  0.034019  0.032999  0.031981  0.031228  0.030476  0.029416  0.028046  0.027039  0.026393  0.025658  0.025258  0.024658  0.023981  0.022634  0.021965  0.021295  0.021410  0.020729  0.018795  0.018262  0.017210  0.015978  0.015104  0.014445  0.013830  0.013364  0.012287  0.011438  0.010992  0.010916  0.010050  0.009496  0.008532  0.007490  0.006707  0.006192  0.005907
E22-12  0.007143  0.007150  0.006965  0.006829  0.006882  0.006683  0.006515  0.006345  0.006228  0.006109  0.005928  0.005682  0.005508  0.005406  0.005285  0.005231  0.005136  0.005024  0.004771  0.004657  0.004542  0.004591  0.004472  0.004085  0.003993  0.003788  0.003542  0.003371  0.003245  0.003127  0.003040  0.002816  0.002639  0.002551  0.002546  0.002359  0.002241  0.002026  0.001788  0.001608  0.001488  0.001421
E22-14  0.007336  0.007206  0.006878  0.006605  0.006528  0.006199  0.005907  0.005619  0.005386  0.005157  0.004874  0.004540  0.004277  0.004085  0.003880  0.003736  0.003561  0.003377  0.003086  0.002913  0.002743  0.002700  0.002536  0.002189  0.002059  0.001859  0.001643  0.001484  0.001360  0.001248  0.001160  0.001004  0.000883  0.000816  0.000793  0.000692  0.000631  0.000539  0.000452  0.000399  0.000376  0.000378
E22-15  0.007564  0.007698  0.007563  0.007495  0.007692  0.007531  0.007411  0.007287  0.007235  0.007180  0.007031  0.006785  0.006640  0.006600  0.006529  0.006558  0.006523  0.006460  0.006178  0.006107  0.006032  0.006213  0.006128  0.005612  0.005563  0.005329  0.005023  0.004834  0.004715  0.004606  0.004547  0.004251  0.004032  0.003961  0.004029  0.003780  0.003647  0.003337  0.002979  0.002718  0.002561  0.002496
E23-01  0.005535  0.005571  0.005261  0.005041  0.005141  0.004814  0.004543  0.004275  0.004093  0.003910  0.003637  0.003280  0.003035  0.002892  0.002726  0.002647  0.002515  0.002364  0.002059  0.001920  0.001782  0.001808  0.001667  0.001295  0.001199  0.001019  0.000824  0.000698  0.000612  0.000538  0.000488  0.000380  0.000312  0.000288  0.000290  0.000252  0.000242  0.000236  0.000252  0.000252  0.000252  0.000252
E23-02  0.019496  0.019494  0.019029  0.018683  0.018790  0.018293  0.017869  0.017444  0.017142  0.016839  0.016385  0.015777  0.015341  0.015079  0.014770  0.014624  0.014378  0.014091  0.013467  0.013178  0.012885  0.012988  0.012687  0.011739  0.011504  0.010997  0.010390  0.009964  0.009646  0.009348  0.009125  0.008571  0.008132  0.007908  0.007882  0.007419  0.007123  0.006591  0.006006  0.005559  0.005259  0.005085
E23-03  0.074920  0.074989  0.073694  0.072744  0.073137  0.071729  0.070534  0.069326  0.068486  0.067635  0.066320  0.064527  0.063250  0.062496  0.061597  0.061196  0.060481  0.059635  0.057722  0.056852  0.055964  0.056331  0.055408  0.052401  0.051667  0.050048  0.048088  0.046703  0.045663  0.044676  0.043933  0.042075  0.040587  0.039807  0.039695  0.038089  0.037039  0.035166  0.033087  0.031466  0.030341  0.029651
E23-04  0.049377  0.049334  0.048275  0.047478  0.047678  0.046547  0.045579  0.044606  0.043908  0.043205  0.042170  0.040795  0.039799  0.039187  0.038473  0.038118  0.037542  0.036877  0.035464  0.034794  0.034115  0.034313  0.033616  0.031483  0.030931  0.029777  0.028399  0.027423  0.026688  0.025994  0.025471  0.024207  0.023201  0.022672  0.022587  0.021525  0.020835  0.019619  0.018282  0.017253  0.016551  0.016134
E23-06  0.474990  0.477070  0.469780  0.464845  0.469109  0.461018  0.454385  0.447649  0.443430  0.439131  0.431651  0.420913  0.413686  0.410028  0.405366  0.404086  0.400661  0.396335  0.384767  0.380276  0.375654  0.379514  0.374635  0.355669  0.352069  0.342488  0.330616  0.322619  0.316942  0.311622  0.307935  0.296757  0.288072  0.284130  0.284655  0.275175  0.269414  0.258160  0.245539  0.235987  0.229734  0.226375
E23-09  0.004198  0.004235  0.004130  0.004060  0.004130  0.004013  0.003917  0.003821  0.003762  0.003702  0.003593  0.003435  0.003330  0.003280  0.003214  0.003199  0.003152  0.003090  0.002919  0.002856  0.002790  0.002853  0.002783  0.002499  0.002448  0.002307  0.002130  0.002012  0.001930  0.001853  0.001800  0.001634  0.001505  0.001448  0.001460  0.001319  0.001235  0.001066  0.000877  0.000734  0.000642  0.000593
E23-11  0.567793  0.566953  0.554555  0.545116  0.547061  0.533812  0.522413  0.510939  0.502601  0.494209  0.481975  0.465821  0.454012  0.446601  0.438014  0.433574  0.426572  0.418522  0.401780  0.393638  0.385387  0.387369  0.378888  0.353601  0.346778  0.332866  0.316301  0.304420  0.295357  0.286771  0.280169  0.264782  0.252411  0.245681  0.244238  0.231121  0.222422  0.207383  0.190844  0.177959  0.168972  0.163395
E23-12  0.027945  0.027857  0.027010  0.026362  0.026456  0.025566  0.024801  0.024037  0.023478  0.022919  0.022124  0.021091  0.020337  0.019860  0.019315  0.019025  0.018582  0.018080  0.017068  0.016573  0.016077  0.016179  0.015675  0.014218  0.013827  0.013043  0.012122  0.011474  0.010989  0.010538  0.010199  0.009400  0.008774  0.008452  0.008409  0.007771  0.007369  0.006660  0.005894  0.005324  0.004955  0.004758
E23-13  0.004499  0.004432  0.004236  0.004076  0.004041  0.003844  0.003670  0.003498  0.003361  0.003226  0.003055  0.002851  0.002692  0.002579  0.002457  0.002375  0.002271  0.002161  0.001980  0.001876  0.001774  0.001755  0.001656  0.001432  0.001354  0.001228  0.001089  0.000989  0.000911  0.000841  0.000786  0.000683  0.000603  0.000560  0.000547  0.000478  0.000436  0.000370  0.000305  0.000264  0.000244  0.000240
E23-15  0.005068  0.004953  0.004725  0.004530  0.004448  0.004222  0.004018  0.003818  0.003650  0.003486  0.003291  0.003067  0.002886  0.002746  0.002599  0.002490  0.002363  0.002231  0.002038  0.001915  0.001795  0.001749  0.001633  0.001412  0.001318  0.001185  0.001042  0.000933  0.000846  0.000767  0.000703  0.000599  0.000517  0.000467  0.000444  0.000376  0.000332  0.000270  0.000212  0.000175  0.000157  0.000153
E23-16  0.025683  0.025532  0.024780  0.024186  0.024184  0.023398  0.022711  0.022025  0.021503  0.020981  0.020267  0.019360  0.018678  0.018221  0.017708  0.017404  0.016976  0.016499  0.015598  0.015125  0.014650  0.014676  0.014196  0.012910  0.012521  0.011796  0.010953  0.010338  0.009862  0.009413  0.009061  0.008306  0.007698  0.007355  0.007257  0.006631  0.006212  0.005514  0.004759  0.004175  0.003770  0.003521
E23-17  0.013747  0.013663  0.013251  0.012926  0.012922  0.012494  0.012121  0.011748  0.011465  0.011183  0.010799  0.010312  0.009947  0.009703  0.009430  0.009268  0.009041  0.008788  0.008315  0.008067  0.007819  0.007832  0.007582  0.006917  0.006717  0.006347  0.005917  0.005607  0.005368  0.005145  0.004972  0.004597  0.004299  0.004135  0.004093  0.003791  0.003593  0.003261  0.002904  0.002633  0.002451  0.002345
E23-18  0.011775  0.011884  0.011626  0.011460  0.011654  0.011364  0.011130  0.010892  0.010753  0.010610  0.010343  0.009947  0.009689  0.009570  0.009413  0.009387  0.009277  0.009132  0.008702  0.008550  0.008392  0.008567  0.008399  0.007678  0.007560  0.007207  0.006764  0.006472  0.006272  0.006085  0.005962  0.005545  0.005226  0.005093  0.005134  0.004783  0.004578  0.004157  0.003683  0.003328  0.003103  0.002991
E24-01  0.006450  0.006353  0.006052  0.005808  0.005761  0.005458  0.005191  0.004929  0.004722  0.004517  0.004258  0.003947  0.003708  0.003538  0.003355  0.003233  0.003079  0.002915  0.002645  0.002491  0.002341  0.002314  0.002167  0.001843  0.001730  0.001550  0.001354  0.001213  0.001107  0.001011  0.000937  0.000800  0.000698  0.000645  0.000631  0.000548  0.000501  0.000429  0.000364  0.000329  0.000321  0.000334
E24-04  0.005500  0.005457  0.005258  0.005101  0.005096  0.004891  0.004712  0.004534  0.004398  0.004263  0.004082  0.003853  0.003682  0.003566  0.003438  0.003361  0.003255  0.003137  0.002920  0.002806  0.002692  0.002696  0.002582  0.002285  0.002195  0.002030  0.001841  0.001706  0.001603  0.001507  0.001433  0.001274  0.001149  0.001082  0.001067  0.000944  0.000865  0.000733  0.000592  0.000488  0.000422  0.000387
E24-05  0.013062  0.012966  0.012547  0.012214  0.012199  0.011765  0.011385  0.011008  0.010719  0.010431  0.010044  0.009558  0.009192  0.008944  0.008669  0.008502  0.008272  0.008019  0.007552  0.007305  0.007058  0.007062  0.006815  0.006171  0.005974  0.005615  0.005201  0.004902  0.004672  0.004457  0.004291  0.003937  0.003656  0.003501  0.003461  0.003181  0.002998  0.002694  0.002368  0.002124  0.001963  0.001873
E25-01  0.007335  0.007368  0.007146  0.006989  0.007080  0.006840  0.006641  0.006442  0.006310  0.006177  0.005965  0.005672  0.005471  0.005361  0.005228  0.005179  0.005078  0.004957  0.004664  0.004543  0.004420  0.004496  0.004369  0.003923  0.003832  0.003609  0.003339  0.003160  0.003033  0.002917  0.002837  0.002604  0.002427  0.002350  0.002364  0.002181  0.002075  0.001866  0.001638  0.001474  0.001375  0.001332
E25-03  0.012692  0.012801  0.012542  0.012376  0.012570  0.012279  0.012045  0.011807  0.011667  0.011524  0.011257  0.010861  0.010603  0.010484  0.010326  0.010300  0.010190  0.010045  0.009616  0.009463  0.009306  0.009480  0.009312  0.008592  0.008474  0.008122  0.007679  0.007389  0.007189  0.007002  0.006879  0.006464  0.006146  0.006013  0.006054  0.005704  0.005499  0.005080  0.004608  0.004255  0.004031  0.003919
E25-04  0.152636  0.152583  0.149224  0.146710  0.147447  0.143844  0.140770  0.137676  0.135476  0.133259  0.129950  0.125529  0.122344  0.120409  0.118140  0.117046  0.115225  0.113108  0.108533  0.106392  0.104219  0.104935  0.102697  0.095726  0.093960  0.090201  0.085699  0.082518  0.080129  0.077876  0.076180  0.072027  0.068722  0.066995  0.066744  0.063238  0.060966  0.056934  0.052491  0.049068  0.046732  0.045343
E25-06  0.062456  0.061895  0.059613  0.057796  0.057655  0.055315  0.053270  0.051244  0.049683  0.048134  0.046082  0.043536  0.041613  0.040301  0.038856  0.037965  0.036760  0.035443  0.033082  0.031816  0.030561  0.030533  0.029283  0.026153  0.025176  0.023444  0.021478  0.020069  0.018997  0.018009  0.017251  0.015664  0.014428  0.013769  0.013618  0.012440  0.011702  0.010473  0.009193  0.008282  0.007733  0.007484
E25-07  0.044427  0.044049  0.042552  0.041355  0.041255  0.039713  0.038361  0.037018  0.035980  0.034948  0.033578  0.031871  0.030577  0.029690  0.028710  0.028105  0.027284  0.026385  0.024763  0.023888  0.023018  0.023001  0.022131  0.019927  0.019233  0.017996  0.016580  0.015553  0.014762  0.014025  0.013451  0.012254  0.011305  0.010779  0.010636  0.009700  0.009091  0.008083  0.007015  0.006219  0.005699  0.005412
E26-01  0.182852  0.182273  0.178326  0.175247  0.175490  0.171309  0.167672  0.164019  0.161283  0.158536  0.154676  0.149681  0.145956  0.143514  0.140734  0.139164  0.136853  0.134244  0.129117  0.126491  0.123838  0.124155  0.121444  0.113872  0.111653  0.107387  0.102361  0.098696  0.095851  0.093149  0.091025  0.086372  0.082595  0.080451  0.079835  0.075861  0.073165  0.068652  0.063714  0.059835  0.057083  0.055316
E26-02  0.013086  0.012946  0.012330  0.011843  0.011813  0.011185  0.010641  0.010105  0.009695  0.009289  0.008756  0.008101  0.007611  0.007279  0.006915  0.006688  0.006385  0.006059  0.005492  0.005187  0.004887  0.004863  0.004568  0.003878  0.003658  0.003288  0.002883  0.002600  0.002392  0.002206  0.002067  0.001795  0.001597  0.001501  0.001487  0.001331  0.001249  0.001121  0.001012  0.000966  0.000973  0.001017
E26-04  0.004956  0.004935  0.004734  0.004581  0.004601  0.004393  0.004214  0.004037  0.003908  0.003779  0.003598  0.003366  0.003198  0.003092  0.002971  0.002906  0.002809  0.002700  0.002486  0.002381  0.002278  0.002294  0.002190  0.001902  0.001824  0.001673  0.001501  0.001382  0.001296  0.001217  0.001160  0.001026  0.000925  0.000878  0.000877  0.000783  0.000729  0.000633  0.000534  0.000469  0.000436  0.000428
E26-05  0.002967  0.002972  0.002837  0.002738  0.002772  0.002629  0.002510  0.002392  0.002310  0.002228  0.002107  0.001948  0.001837  0.001771  0.001695  0.001658  0.001598  0.001529  0.001386  0.001320  0.001255  0.001274  0.001208  0.001017  0.000971  0.000876  0.000767  0.000696  0.000646  0.000601  0.000570  0.000493  0.000438  0.000416  0.000420  0.000372  0.000348  0.000303  0.000261  0.000238  0.000233  0.000240
E26-08  0.002319  0.002327  0.002199  0.002107  0.002142  0.002009  0.001899  0.001790  0.001715  0.001641  0.001531  0.001388  0.001289  0.001233  0.001168  0.001139  0.001088  0.001031  0.000909  0.000857  0.000805  0.000824  0.000772  0.000620  0.000588  0.000518  0.000440  0.000393  0.000364  0.000340  0.000327  0.000285  0.000261  0.000259  0.000273  0.000261  0.000263  0.000261  0.000267  0.000285  0.000313  0.000340
E32-02  0.013810  0.013712  0.013175  0.012755  0.012760  0.012206  0.011728  0.011253  0.010896  0.010541  0.010059  0.009454  0.009005  0.008709  0.008379  0.008186  0.007915  0.007615  0.007058  0.006771  0.006487  0.006502  0.006218  0.005479  0.005262  0.004864  0.004411  0.004094  0.003857  0.003641  0.003480  0.003124  0.002854  0.002718  0.002700  0.002446  0.002295  0.002034  0.001767  0.001584  0.001485  0.001452
E33-01  0.006283  0.006329  0.006206  0.006126  0.006210  0.006073  0.005963  0.005850  0.005783  0.005715  0.005590  0.005408  0.005288  0.005231  0.005157  0.005142  0.005090  0.005022  0.004828  0.004757  0.004685  0.004759  0.004682  0.004362  0.004308  0.004151  0.003956  0.003828  0.003739  0.003657  0.003603  0.003422  0.003285  0.003227  0.003245  0.003095  0.003008  0.002830  0.002629  0.002481  0.002388  0.002343
E35-02  0.003791  0.003722  0.003539  0.003388  0.003348  0.003165  0.003003  0.002844  0.002716  0.002590  0.002434  0.002249  0.002105  0.002000  0.001889  0.001811  0.001716  0.001616  0.001459  0.001366  0.001275  0.001252  0.001164  0.000981  0.000913  0.000810  0.000698  0.000618  0.000556  0.000500  0.000457  0.000382  0.000326  0.000296  0.000286  0.000243  0.000219  0.000184  0.000154  0.000140  0.000141  0.000151
E35-04  0.015305  0.015127  0.014374  0.013778  0.013731  0.012967  0.012304  0.011651  0.011150  0.010654  0.010008  0.009219  0.008628  0.008223  0.007783  0.007504  0.007137  0.006742  0.006070  0.005703  0.005345  0.005303  0.004951  0.004152  0.003890  0.003462  0.002999  0.002678  0.002440  0.002230  0.002073  0.001778  0.001568  0.001468  0.001451  0.001298  0.001224  0.001116  0.001038  0.001028  0.001070  0.001146
E35-06  0.001822  0.001833  0.001738  0.001671  0.001702  0.001602  0.001518  0.001436  0.001380  0.001324  0.001239  0.001128  0.001051  0.001007  0.000955  0.000932  0.000891  0.000845  0.000747  0.000703  0.000660  0.000672  0.000628  0.000503  0.000473  0.000412  0.000345  0.000301  0.000271  0.000245  0.000228  0.000186  0.000157  0.000147  0.000150  0.000129  0.000121  0.000107  0.000098  0.000099  0.000108  0.000121
E35-08  0.003925  0.003861  0.003681  0.003534  0.003499  0.003319  0.003160  0.003003  0.002877  0.002754  0.002599  0.002414  0.002271  0.002168  0.002057  0.001982  0.001888  0.001789  0.001628  0.001535  0.001444  0.001424  0.001335  0.001143  0.001073  0.000965  0.000846  0.000760  0.000694  0.000635  0.000589  0.000504  0.000440  0.000406  0.000395  0.000342  0.000311  0.000263  0.000219  0.000193  0.000184  0.000187
E35-11  0.001791  0.001801  0.001706  0.001638  0.001668  0.001568  0.001484  0.001401  0.001345  0.001288  0.001204  0.001092  0.001015  0.000971  0.000919  0.000896  0.000855  0.000808  0.000711  0.000667  0.000624  0.000635  0.000591  0.000467  0.000437  0.000377  0.000311  0.000268  0.000239  0.000213  0.000196  0.000155  0.000128  0.000118  0.000120  0.000101  0.000093  0.000081  0.000075  0.000078  0.000088  0.000101
E35-12  0.021572  0.021220  0.020146  0.019274  0.019096  0.018019  0.017072  0.016142  0.015405  0.014679  0.013767  0.012680  0.011844  0.011247  0.010607  0.010175  0.009635  0.009063  0.008146  0.007617  0.007102  0.006987  0.006486  0.005429  0.005050  0.004465  0.003841  0.003396  0.003061  0.002763  0.002536  0.002140  0.001854  0.001709  0.001670  0.001467  0.001365  0.001226  0.001129  0.001120  0.001179  0.001284
E35-13  0.013978  0.014074  0.013740  0.013516  0.013706  0.013341  0.013044  0.012744  0.012557  0.012368  0.012042  0.011579  0.011271  0.011117  0.010922  0.010870  0.010729  0.010551  0.010078  0.009899  0.009716  0.009874  0.009682  0.008937  0.008803  0.008439  0.007992  0.007700  0.007500  0.007316  0.007195  0.006801  0.006505  0.006385  0.006426  0.006113  0.005936  0.005574  0.005172  0.004884  0.004711  0.004639
E35-15  0.024381  0.024358  0.023618  0.023065  0.023207  0.022427  0.021765  0.021103  0.020633  0.020162  0.019473  0.018565  0.017917  0.017523  0.017067  0.016844  0.016481  0.016064  0.015185  0.014777  0.014367  0.014494  0.014076  0.012812  0.012499  0.011839  0.011062  0.010528  0.010139  0.009781  0.009521  0.008866  0.008364  0.008124  0.008122  0.007617  0.007314  0.006758  0.006160  0.005730  0.005471  0.005353
E35-17  0.060877  0.060423  0.058630  0.057194  0.057075  0.055219  0.053589  0.051966  0.050709  0.049456  0.047788  0.045703  0.044117  0.043027  0.041819  0.041072  0.040056  0.038940  0.036916  0.035821  0.034726  0.034705  0.033606  0.030806  0.029915  0.028325  0.026492  0.025152  0.024108  0.023128  0.022356  0.020757  0.019472  0.018740  0.018515  0.017220  0.016354  0.014936  0.013415  0.012252  0.011457  0.010978
E35-18  0.005135  0.005051  0.004788  0.004574  0.004533  0.004268  0.004036  0.003808  0.003628  0.003451  0.003227  0.002961  0.002756  0.002610  0.002454  0.002349  0.002218  0.002078  0.001855  0.001726  0.001601  0.001573  0.001451  0.001195  0.001103  0.000962  0.000812  0.000706  0.000626  0.000555  0.000502  0.000409  0.000343  0.000310  0.000301  0.000256  0.000235  0.000207  0.000190  0.000194  0.000214  0.000243
E35-19  0.024555  0.024536  0.023800  0.023250  0.023397  0.022619  0.021958  0.021299  0.020831  0.020363  0.019674  0.018767  0.018119  0.017727  0.017271  0.017051  0.016689  0.016273  0.015391  0.014982  0.014572  0.014703  0.014286  0.013011  0.012698  0.012033  0.011249  0.010711  0.010319  0.009957  0.009695  0.009031  0.008522  0.008279  0.008277  0.007763  0.007454  0.006886  0.006275  0.005833  0.005565  0.005442
E35-23  0.015584  0.015186  0.014401  0.013731  0.013443  0.012673  0.011979  0.011299  0.010730  0.010173  0.009520  0.008778  0.008178  0.007712  0.007229  0.006863  0.006445  0.006015  0.005405  0.005010  0.004627  0.004466  0.004102  0.003446  0.003159  0.002768  0.002362  0.002058  0.001818  0.001604  0.001433  0.001179  0.000989  0.000879  0.000832  0.000704  0.000635  0.000555  0.000503  0.000504  0.000546  0.000616
E35-25  0.005218  0.005138  0.004908  0.004719  0.004677  0.004445  0.004239  0.004037  0.003876  0.003717  0.003517  0.003276  0.003090  0.002957  0.002813  0.002716  0.002595  0.002465  0.002254  0.002132  0.002012  0.001989  0.001872  0.001613  0.001521  0.001374  0.001213  0.001096  0.001006  0.000924  0.000860  0.000741  0.000650  0.000600  0.000585  0.000506  0.000458  0.000383  0.000311  0.000265  0.000243  0.000240
E41-03  0.010158  0.010037  0.009612  0.009271  0.009225  0.008793  0.008415  0.008041  0.007750  0.007461  0.007088  0.006632  0.006285  0.006044  0.005781  0.005613  0.005393  0.005156  0.004748  0.004523  0.004301  0.004280  0.004061  0.003546  0.003378  0.003093  0.002776  0.002549  0.002377  0.002221  0.002101  0.001862  0.001680  0.001585  0.001562  0.001400  0.001303  0.001145  0.000989  0.000887  0.000837  0.000827
E41-04  0.009375  0.009346  0.008934  0.008624  0.008677  0.008250  0.007887  0.007529  0.007269  0.007010  0.006647  0.006182  0.005849  0.005640  0.005403  0.005276  0.005085  0.004872  0.004460  0.004259  0.004061  0.004087  0.003888  0.003359  0.003215  0.002944  0.002641  0.002436  0.002290  0.002160  0.002068  0.001858  0.001707  0.001641  0.001644  0.001518  0.001454  0.001342  0.001241  0.001191  0.001186  0.001214
E42-01  0.013648  0.013590  0.013046  0.012630  0.012682  0.012117  0.011634  0.011155  0.010804  0.010455  0.009967  0.009343  0.008890  0.008602  0.008278  0.008101  0.007838  0.007544  0.006972  0.006691  0.006413  0.006453  0.006173  0.005409  0.005202  0.004803  0.004346  0.004033  0.003806  0.003600  0.003450  0.003101  0.002841  0.002719  0.002716  0.002476  0.002340  0.002097  0.001851  0.001692  0.001615  0.001603
E42-02  0.006480  0.006419  0.006169  0.005969  0.005954  0.005697  0.005473  0.005251  0.005080  0.004910  0.004685  0.004406  0.004195  0.004051  0.003893  0.003795  0.003663  0.003519  0.003260  0.003121  0.002984  0.002981  0.002844  0.002502  0.002395  0.002205  0.001990  0.001836  0.001719  0.001611  0.001528  0.001355  0.001220  0.001149  0.001132  0.001004  0.000924  0.000790  0.000651  0.000552  0.000493  0.000466
E42-08  0.019916  0.019777  0.019055  0.018488  0.018488  0.017743  0.017098  0.016457  0.015973  0.015493  0.014841  0.014023  0.013414  0.013010  0.012561  0.012297  0.011926  0.011517  0.010757  0.010364  0.009974  0.009993  0.009603  0.008585  0.008285  0.007733  0.007103  0.006658  0.006325  0.006019  0.005789  0.005285  0.004897  0.004698  0.004667  0.004297  0.004072  0.003686  0.003285  0.003004  0.002842  0.002777
E42-10  0.032952  0.032797  0.031534  0.030566  0.030659  0.029354  0.028237  0.027131  0.026316  0.025507  0.024388  0.022971  0.021939  0.021276  0.020533  0.020116  0.019511  0.018840  0.017569  0.016934  0.016307  0.016365  0.015737  0.014087  0.013625  0.012763  0.011792  0.011127  0.010645  0.010211  0.009897  0.009191  0.008671  0.008432  0.008425  0.007970  0.007722  0.007289  0.006869  0.006624  0.006535  0.006566
E42-12  0.004734  0.004647  0.004402  0.004201  0.004153  0.003908  0.003691  0.003479  0.003309  0.003143  0.002936  0.002691  0.002501  0.002364  0.002218  0.002117  0.001994  0.001863  0.001660  0.001540  0.001423  0.001392  0.001279  0.001050  0.000964  0.000836  0.000701  0.000605  0.000532  0.000467  0.000418  0.000336  0.000277  0.000247  0.000238  0.000200  0.000182  0.000160  0.000149  0.000156  0.000176  0.000200
E42-13  0.007992  0.007950  0.007713  0.007527  0.007532  0.007285  0.007071  0.006857  0.006697  0.006536  0.006316  0.006036  0.005828  0.005690  0.005536  0.005447  0.005319  0.005177  0.004906  0.004767  0.004627  0.004640  0.004499  0.004119  0.004009  0.003800  0.003557  0.003383  0.003252  0.003128  0.003034  0.002825  0.002661  0.002572  0.002554  0.002388  0.002281  0.002100  0.001905  0.001759  0.001664  0.001611
E42-14  0.011688  0.011657  0.011246  0.010935  0.010993  0.010562  0.010195  0.009829  0.009564  0.009299  0.008921  0.008429  0.008074  0.007854  0.007601  0.007470  0.007267  0.007036  0.006567  0.006343  0.006119  0.006171  0.005944  0.005284  0.005113  0.004766  0.004361  0.004082  0.003877  0.003689  0.003552  0.003218  0.002962  0.002839  0.002833  0.002581  0.002430  0.002157  0.001866  0.001660  0.001538  0.001486
E43-04  0.006793  0.006833  0.006649  0.006522  0.006613  0.006413  0.006248  0.006083  0.005977  0.005870  0.005691  0.005442  0.005273  0.005186  0.005077  0.005042  0.004961  0.004862  0.004609  0.004509  0.004408  0.004483  0.004377  0.003986  0.003911  0.003717  0.003481  0.003326  0.003218  0.003118  0.003051  0.002845  0.002689  0.002623  0.002640  0.002477  0.002383  0.002196  0.001989  0.001840  0.001750  0.001712
E43-06  0.003792  0.003789  0.003618  0.003491  0.003525  0.003346  0.003195  0.003046  0.002940  0.002834  0.002681  0.002484  0.002344  0.002258  0.002161  0.002112  0.002034  0.001946  0.001768  0.001685  0.001602  0.001621  0.001537  0.001304  0.001244  0.001126  0.000993  0.000904  0.000841  0.000785  0.000746  0.000651  0.000583  0.000555  0.000558  0.000500  0.000470  0.000416  0.000365  0.000338  0.000333  0.000342
E44-02  0.014947  0.014871  0.014194  0.013677  0.013733  0.013033  0.012436  0.011846  0.011411  0.010980  0.010384  0.009629  0.009081  0.008731  0.008337  0.008117  0.007797  0.007442  0.006773  0.006439  0.006110  0.006137  0.005807  0.004952  0.004712  0.004268  0.003772  0.003434  0.003190  0.002972  0.002816  0.002468  0.002216  0.002102  0.002101  0.001889  0.001778  0.001587  0.001411  0.001319  0.001302  0.001339
E44-04  0.065282  0.065426  0.063632  0.062340  0.062928  0.061016  0.059420  0.057824  0.056743  0.055658  0.053975  0.051696  0.050116  0.049229  0.048167  0.047742  0.046931  0.045969  0.043736  0.042790  0.041837  0.042361  0.041382  0.038057  0.037357  0.035692  0.033695  0.032366  0.031437  0.030588  0.030012  0.028322  0.027052  0.026518  0.026647  0.025354  0.024626  0.023172  0.021589  0.020475  0.019839  0.019605
E44-08  0.016276  0.016108  0.015368  0.014784  0.014747  0.013994  0.013341  0.012697  0.012204  0.011716  0.011075  0.010288  0.009699  0.009298  0.008860  0.008588  0.008224  0.007831  0.007147  0.006779  0.006419  0.006391  0.006035  0.005199  0.004933  0.004484  0.003991  0.003648  0.003394  0.003167  0.002999  0.002664  0.002419  0.002302  0.002284  0.002089  0.001986  0.001822  0.001679  0.001615  0.001616  0.001664
E45-07  0.005849  0.005878  0.005687  0.005553  0.005630  0.005425  0.005255  0.005085  0.004972  0.004859  0.004678  0.004430  0.004261  0.004168  0.004056  0.004015  0.003930  0.003828  0.003585  0.003484  0.003382  0.003444  0.003338  0.002974  0.002900  0.002719  0.002502  0.002358  0.002258  0.002166  0.002104  0.001922  0.001784  0.001727  0.001740  0.001601  0.001522  0.001366  0.001197  0.001078  0.001010  0.000985
E45-08  0.140041  0.138611  0.133287  0.129023  0.128547  0.123115  0.118362  0.113660  0.110013  0.106400  0.101676  0.095868  0.091463  0.088423  0.085096  0.082997  0.080215  0.077198  0.071919  0.069042  0.066202  0.066013  0.063201  0.056388  0.054201  0.050431  0.046194  0.043162  0.040858  0.038747  0.037130  0.033835  0.031293  0.029948  0.029635  0.027294  0.025857  0.023497  0.021093  0.019451  0.018538  0.018213
E45-09  0.003635  0.003610  0.003428  0.003289  0.003297  0.003111  0.002951  0.002793  0.002676  0.002560  0.002402  0.002205  0.002061  0.001967  0.001862  0.001801  0.001715  0.001622  0.001451  0.001363  0.001277  0.001278  0.001192  0.000983  0.000920  0.000811  0.000692  0.000610  0.000552  0.000500  0.000462  0.000384  0.000329  0.000305  0.000304  0.000262  0.000242  0.000211  0.000186  0.000180  0.000189  0.000207
E45-11  0.059129  0.059206  0.057357  0.056009  0.056525  0.054564  0.052918  0.051275  0.050142  0.049008  0.047286  0.044980  0.043366  0.042434  0.041334  0.040858  0.040005  0.039007  0.036771  0.035793  0.034812  0.035265  0.034261  0.030990  0.030263  0.028608  0.026640  0.025321  0.024389  0.023538  0.022951  0.021305  0.020067  0.019531  0.019625  0.018379  0.017671  0.016288  0.014795  0.013748  0.013153  0.012936
E46-01  0.019081  0.018996  0.018308  0.017779  0.017836  0.017120  0.016504  0.015892  0.015441  0.014992  0.014362  0.013556  0.012966  0.012590  0.012163  0.011930  0.011584  0.011195  0.010433  0.010056  0.009681  0.009741  0.009362  0.008308  0.008020  0.007458  0.006808  0.006355  0.006021  0.005713  0.005485  0.004953  0.004544  0.004342  0.004323  0.003924  0.003683  0.003256  0.002805  0.002486  0.002297  0.002216
E46-03  0.003504  0.003448  0.003267  0.003121  0.003095  0.002913  0.002753  0.002597  0.002473  0.002352  0.002198  0.002014  0.001873  0.001774  0.001667  0.001595  0.001505  0.001409  0.001254  0.001166  0.001079  0.001062  0.000978  0.000799  0.000736  0.000637  0.000533  0.000458  0.000403  0.000354  0.000316  0.000251  0.000204  0.000180  0.000175  0.000142  0.000126  0.000105  0.000091  0.000092  0.000104  0.000123
E46-04  0.003472  0.003440  0.003255  0.003110  0.003112  0.002922  0.002759  0.002599  0.002478  0.002358  0.002199  0.002002  0.001857  0.001761  0.001655  0.001590  0.001502  0.001407  0.001241  0.001154  0.001068  0.001061  0.000976  0.000781  0.000720  0.000618  0.000509  0.000434  0.000380  0.000333  0.000298  0.000233  0.000189  0.000170  0.000167  0.000139  0.000128  0.000114  0.000110  0.000121  0.000139  0.000139
E46-05  0.003498  0.003497  0.003328  0.003203  0.003237  0.003061  0.002913  0.002766  0.002662  0.002559  0.002410  0.002217  0.002081  0.001999  0.001905  0.001858  0.001783  0.001699  0.001528  0.001449  0.001371  0.001389  0.001310  0.001089  0.001034  0.000924  0.000800  0.000719  0.000663  0.000614  0.000580  0.000497  0.000439  0.000417  0.000424  0.000377  0.000356  0.000316  0.000280  0.000267  0.000272  0.000289
E46-06  0.010274  0.010112  0.009671  0.009307  0.009218  0.008774  0.008380  0.007992  0.007682  0.007375  0.006991  0.006531  0.006173  0.005915  0.005638  0.005450  0.005215  0.004965  0.004557  0.004321  0.004089  0.004045  0.003819  0.003316  0.003138  0.002851  0.002536  0.002306  0.002129  0.001967  0.001841  0.001603  0.001419  0.001319  0.001290  0.001128  0.001028  0.000871  0.000715  0.000612  0.000560  0.000548
E50-02  0.012894  0.012789  0.012263  0.011850  0.011845  0.011304  0.010836  0.010372  0.010021  0.009673  0.009205  0.008618  0.008181  0.007892  0.007571  0.007381  0.007117  0.006827  0.006291  0.006014  0.005740  0.005752  0.005479  0.004773  0.004566  0.004187  0.003757  0.003456  0.003233  0.003029  0.002879  0.002546  0.002293  0.002170  0.002157  0.001923  0.001787  0.001549  0.001306  0.001145  0.001061  0.001041
E50-04  0.003418  0.003407  0.003251  0.003134  0.003154  0.002992  0.002855  0.002719  0.002621  0.002523  0.002385  0.002208  0.002081  0.002002  0.001912  0.001865  0.001793  0.001712  0.001552  0.001476  0.001400  0.001415  0.001339  0.001128  0.001073  0.000965  0.000843  0.000761  0.000703  0.000650  0.000614  0.000525  0.000461  0.000433  0.000437  0.000380  0.000351  0.000296  0.000242  0.000212  0.000202  0.000209
E50-06  0.026027  0.026267  0.025719  0.025370  0.025788  0.025174  0.024684  0.024186  0.023897  0.023602  0.023046  0.022223  0.021691  0.021452  0.021131  0.021086  0.020866  0.020573  0.019696  0.019393  0.019079  0.019445  0.019111  0.017656  0.017428  0.016727  0.015849  0.015279  0.014894  0.014539  0.014312  0.013503  0.012892  0.012651  0.012754  0.012088  0.011711  0.010917  0.010024  0.009368  0.008966  0.008784
E50-07  0.135617  0.136473  0.134457  0.133156  0.134685  0.132405  0.130567  0.128689  0.127585  0.126451  0.124320  0.121160  0.119087  0.118125  0.116843  0.116622  0.115721  0.114530  0.111034  0.109774  0.108466  0.109864  0.108466  0.102536  0.101526  0.098579  0.094876  0.092411  0.090688  0.089072  0.087981  0.084429  0.081677  0.080472  0.080736  0.077687  0.075856  0.072185  0.068036  0.064892  0.062836  0.061742
E51-02  0.036602  0.035425  0.033279  0.031434  0.030549  0.028472  0.026597  0.024772  0.023229  0.021724  0.020005  0.018094  0.016536  0.015305  0.014048  0.013069  0.011983  0.010887  0.009421  0.008439  0.007501  0.007026  0.006156  0.004757  0.004095  0.003273  0.002470  0.001881  0.001430  0.001051  0.000764  0.000428  0.000224  0.000140  0.000122  0.000122  0.000122  0.000122  0.000122  0.000122  0.000122  0.000122
E51-03  0.048498  0.047750  0.045917  0.044387  0.043933  0.042087  0.040439  0.038811  0.037487  0.036179  0.034560  0.032635  0.031115  0.029993  0.028793  0.027955  0.026926  0.025834  0.024086  0.023044  0.022017  0.021778  0.020772  0.018578  0.017762  0.016475  0.015046  0.013981  0.013139  0.012358  0.011733  0.010588  0.009676  0.009138  0.008933  0.008083  0.007521  0.006656  0.005766  0.005120  0.004713  0.004504
E51-04  0.002276  0.002307  0.002237  0.002194  0.002246  0.002169  0.002108  0.002046  0.002011  0.001974  0.001907  0.001807  0.001743  0.001715  0.001677  0.001672  0.001646  0.001612  0.001510  0.001475  0.001439  0.001482  0.001444  0.001280  0.001256  0.001179  0.001083  0.001023  0.000983  0.000947  0.000925  0.000842  0.000781  0.000760  0.000774  0.000709  0.000675  0.000600  0.000516  0.000457  0.000424  0.000414
E51-06  0.013122  0.013234  0.012956  0.012776  0.012978  0.012666  0.012414  0.012158  0.012006  0.011850  0.011562  0.011136  0.010857  0.010727  0.010555  0.010523  0.010402  0.010243  0.009780  0.009613  0.009440  0.009623  0.009439  0.008662  0.008531  0.008147  0.007666  0.007348  0.007128  0.006922  0.006784  0.006330  0.005980  0.005831  0.005870  0.005485  0.005257  0.004796  0.004276  0.003885  0.003634  0.003506
E51-11  0.001371  0.001399  0.001330  0.001285  0.001331  0.001256  0.001196  0.001136  0.001100  0.001063  0.000999  0.000910  0.000853  0.000825  0.000790  0.000782  0.000757  0.000725  0.000644  0.000614  0.000584  0.000608  0.000576  0.000462  0.000443  0.000391  0.000331  0.000295  0.000272  0.000252  0.000240  0.000200  0.000174  0.000167  0.000175  0.000153  0.000144  0.000125  0.000107  0.000101  0.000105  0.000115
E52-02  0.011739  0.011780  0.011446  0.011209  0.011335  0.010976  0.010677  0.010376  0.010175  0.009973  0.009652  0.009211  0.008907  0.008739  0.008535  0.008457  0.008302  0.008116  0.007671  0.007485  0.007296  0.007407  0.007212  0.006533  0.006390  0.006046  0.005631  0.005351  0.005153  0.004970  0.004843  0.004478  0.004198  0.004074  0.004091  0.003799  0.003627  0.003294  0.002927  0.002659  0.002494  0.002417
E52-03  0.027433  0.027147  0.026221  0.025469  0.025347  0.024399  0.023563  0.022734  0.022081  0.021432  0.020592  0.019562  0.018768  0.018210  0.017600  0.017205  0.016690  0.016130  0.015160  0.014619  0.014081  0.014032  0.013498  0.012206  0.011776  0.011038  0.010200  0.009586  0.009108  0.008662  0.008311  0.007607  0.007047  0.006729  0.006629  0.006082  0.005721  0.005138  0.004521  0.004062  0.003760  0.003592
E52-05  0.041511  0.041834  0.040875  0.040241  0.040851  0.039794  0.038940  0.038078  0.037553  0.037021  0.036077  0.034719  0.033825  0.033397  0.032843  0.032720  0.032327  0.031823  0.030424  0.029913  0.029390  0.029903  0.029350  0.027115  0.026737  0.025657  0.024321  0.023455  0.022868  0.022330  0.021984  0.020799  0.019911  0.019562  0.019708  0.018763  0.018235  0.017131  0.015902  0.015019  0.014496  0.014281
E52-06  0.004357  0.004418  0.004337  0.004290  0.004385  0.004290  0.004216  0.004140  0.004103  0.004063  0.003974  0.003833  0.003746  0.003714  0.003667  0.003673  0.003644  0.003600  0.003440  0.003392  0.003342  0.003429  0.003374  0.003087  0.003052  0.002916  0.002742  0.002630  0.002556  0.002488  0.002446  0.002277  0.002149  0.002101  0.002128  0.001983  0.001902  0.001724  0.001521  0.001369  0.001274  0.001229
E52-07  0.011259  0.011206  0.010817  0.010517  0.010544  0.010139  0.009790  0.009443  0.009186  0.008930  0.008572  0.008113  0.007777  0.007560  0.007315  0.007181  0.006982  0.006758  0.006319  0.006102  0.005884  0.005919  0.005700  0.005086  0.004917  0.004588  0.004204  0.003936  0.003736  0.003551  0.003414  0.003092  0.002843  0.002718  0.002704  0.002457  0.002305  0.002036  0.001749  0.001541  0.001413  0.001352
E54-01  0.010428  0.010343  0.009933  0.009611  0.009604  0.009183  0.008819  0.008458  0.008184  0.007913  0.007549  0.007093  0.006755  0.006529  0.006278  0.006130  0.005924  0.005698  0.005283  0.005067  0.004854  0.004861  0.004649  0.004104  0.003943  0.003650  0.003318  0.003085  0.002912  0.002755  0.002638  0.002382  0.002187  0.002092  0.002081  0.001902  0.001797  0.001615  0.001429  0.001306  0.001242  0.001227
E56-01  0.004939  0.004957  0.004803  0.004694  0.004751  0.004586  0.004449  0.004312  0.004219  0.004127  0.003980  0.003779  0.003641  0.003564  0.003471  0.003436  0.003365  0.003280  0.003079  0.002995  0.002910  0.002959  0.002870  0.002566  0.002502  0.002348  0.002163  0.002038  0.001950  0.001869  0.001813  0.001652  0.001529  0.001475  0.001483  0.001356  0.001281  0.001136  0.000977  0.000862  0.000792  0.000761
E56-04  0.008634  0.008497  0.008052  0.007693  0.007630  0.007184  0.006793  0.006410  0.006109  0.005812  0.005437  0.004987  0.004645  0.004403  0.004144  0.003972  0.003755  0.003524  0.003149  0.002937  0.002731  0.002692  0.002492  0.002062  0.001913  0.001680  0.001432  0.001259  0.001131  0.001019  0.000937  0.000787  0.000683  0.000636  0.000631  0.000564  0.000537  0.000499  0.000480  0.000497  0.000541  0.000601
E73-02  0.007350  0.007315  0.006885  0.006560  0.006605  0.006163  0.005788  0.005419  0.005150  0.004884  0.004517  0.004059  0.003730  0.003520  0.003286  0.003152  0.002962  0.002753  0.002376  0.002186  0.002000  0.001997  0.001813  0.001382  0.001254  0.001039  0.000813  0.000666  0.000564  0.000478  0.000419  0.000310  0.000244  0.000225  0.000231  0.000211  0.000220  0.000231  0.000231  0.000231  0.000231  0.000231
E73-03  0.007164  0.007123  0.006688  0.006359  0.006395  0.005949  0.005571  0.005200  0.004927  0.004656  0.004289  0.003832  0.003503  0.003290  0.003054  0.002917  0.002724  0.002514  0.002143  0.001953  0.001767  0.001755  0.001572  0.001159  0.001033  0.000827  0.000614  0.000475  0.000378  0.000299  0.000243  0.000150  0.000098  0.000084  0.000088  0.000085  0.000088  0.000088  0.000088  0.000088  0.000088  0.000088
E73-04  0.004659  0.004675  0.004521  0.004410  0.004465  0.004299  0.004161  0.004023  0.003929  0.003836  0.003689  0.003488  0.003350  0.003272  0.003179  0.003142  0.003071  0.002986  0.002787  0.002703  0.002617  0.002664  0.002576  0.002277  0.002213  0.002061  0.001879  0.001757  0.001671  0.001591  0.001536  0.001379  0.001259  0.001207  0.001215  0.001092  0.001020  0.000881  0.000728  0.000618  0.000552  0.000524
E73-05  0.004377  0.004381  0.004219  0.004100  0.004141  0.003970  0.003826  0.003683  0.003583  0.003483  0.003334  0.003136  0.002996  0.002915  0.002819  0.002776  0.002701  0.002614  0.002425  0.002341  0.002257  0.002290  0.002204  0.001934  0.001872  0.001735  0.001574  0.001466  0.001390  0.001320  0.001272  0.001142  0.001044  0.001002  0.001008  0.000912  0.000858  0.000754  0.000644  0.000568  0.000527  0.000515
